Fecha,AÑO,MES,SEMANAS,RACIMOS COSECHADOS,CAJAS PROCESADAS,Precipitación (%),Velocidad del viento,Dirección del viento,N,P,K,Zinc micro,Boro micro,PH,Temp_Air_Min,Temp_Air_Mean,Temp_Air_Max,Relat_Hum_Min,Relat_Hum_Mean,Relat_Hum_Max,Precip_Min,Precip_Mean,Precip_Max,Dia_J,Ra_MJ_m2_dia,Radiacion_Solar_MJ_m2_dia,dia_anio,semana,RACIMOS COSECHADOS_lag_7,RACIMOS COSECHADOS_lag_14,CAJAS PROCESADAS_lag_7,CAJAS PROCESADAS_lag_14,RACIMOS COSECHADOS_mm_7,CAJAS PROCESADAS_mm_7
2018-01-15,2018,1,3,1278.0,1526.0,29.03,9.95,oeste,4.158025955409994,0.2301937962922281,3.8578834875614376,83.44693998008628,15.04406053905974,6.38266503726652,26.04,27.69,30.12,69.77,75.88,79.06,0.0,60.18,124.3,15,37.15103400930886,14.25786795480635,15,3,1213.0,1249.0,1475.0,1530.0,1180.7142857142858,1493.0
2018-01-16,2018,1,3,1222.0,1660.0,29.95,9.56,oeste,4.158025955409994,0.2301937962922281,3.8578834875614376,83.44693998008628,15.04406053905974,6.31204828241742,27.02,28.63,28.47,67.65,77.21,82.81,0.0,61.45,120.52,16,37.18001867923871,8.506427515979022,16,3,1208.0,1210.0,1496.0,1566.0,1182.7142857142858,1516.4285714285713
2018-01-17,2018,1,3,1287.0,1623.0,31.12,9.22,oeste,4.158025955409994,0.2301937962922281,3.8578834875614376,83.44693998008628,15.04406053905974,6.203005674401487,25.76,29.23,28.85,69.67,77.0,79.86,0.0,61.3,118.34,17,37.20951827930973,12.42758917907078,17,3,1113.0,1245.0,1476.0,1651.0,1207.5714285714287,1537.4285714285713
2018-01-18,2018,1,3,1199.0,1656.0,31.0,9.42,oeste,4.158025955409994,0.2301937962922281,3.8578834875614376,83.44693998008628,15.04406053905974,6.458243130982739,28.14,27.28,28.3,71.21,79.05,77.5,0.0,63.54,118.42,18,37.23948432153915,2.830200808436977,18,3,1177.0,1220.0,1496.0,1663.0,1210.7142857142858,1560.2857142857142
2018-01-19,2018,1,3,1291.0,1645.0,31.25,9.63,oeste,4.158025955409994,0.2301937962922281,3.8578834875614376,83.44693998008628,15.04406053905974,6.511874680374916,27.81,28.99,28.48,67.98,77.2,83.13,0.0,64.27,121.67,19,37.26986714421054,5.7962731963874585,19,3,1199.0,1176.0,1551.0,1527.0,1223.857142857143,1573.7142857142858
2018-01-20,2018,1,3,1224.0,1601.0,30.63,9.36,oeste,4.158025955409994,0.2301937962922281,3.8578834875614376,83.44693998008628,15.04406053905974,6.459485995248274,27.62,29.15,30.27,70.12,74.37,81.57,0.0,63.82,117.44,20,37.30061597499794,11.53699067603904,20,3,1173.0,1217.0,1451.0,1555.0,1231.142857142857,1595.142857142857
2018-01-21,2018,1,3,1199.0,1599.0,30.54,9.93,oeste,4.158025955409994,0.2301937962922281,3.8578834875614376,83.44693998008628,15.04406053905974,6.270443594867244,25.94,28.23,29.94,71.64,79.83,79.85,0.0,61.31,123.19,21,37.33167899583191,14.186038018416124,21,3,1117.0,1183.0,1455.0,1558.0,1242.857142857143,1615.7142857142858
2018-01-22,2018,1,4,1106.0,1442.0,15.67,9.18,oeste,4.158025955409994,0.2301937962922281,3.8578834875614376,83.44693998008628,15.04406053905974,6.381516295665046,28.22,29.81,29.92,67.36,77.29,83.73,0.0,65.11,403.53,22,37.36300340944033,9.2559253043119,22,4,1278.0,1213.0,1526.0,1475.0,1218.2857142857142,1603.7142857142858
2018-01-23,2018,1,4,1191.0,1386.0,15.32,9.88,oeste,4.158025955409994,0.2301937962922281,3.8578834875614376,83.44693998008628,15.04406053905974,6.691735298502579,25.98,27.81,29.8,69.96,74.87,83.72,0.0,61.95,385.35,23,37.39453550749423,13.886520047057202,23,4,1222.0,1208.0,1660.0,1496.0,1213.857142857143,1564.5714285714287
2018-01-24,2018,1,4,1144.0,1389.0,14.31,9.17,oeste,4.158025955409994,0.2301937962922281,3.8578834875614376,83.44693998008628,15.04406053905974,6.6783179522837415,25.73,28.96,29.23,70.21,79.96,81.7,0.0,64.48,407.61,24,37.4262207402849,13.303429052732312,24,4,1287.0,1113.0,1623.0,1476.0,1193.4285714285713,1531.142857142857
2018-01-25,2018,1,4,1113.0,1439.0,15.75,9.58,oeste,4.158025955409994,0.2301937962922281,3.8578834875614376,83.44693998008628,15.04406053905974,6.228504390740276,27.41,28.78,30.38,70.02,75.25,77.74,0.0,67.33,381.44,25,37.45800378785598,12.265251414295053,25,4,1199.0,1177.0,1656.0,1496.0,1181.142857142857,1500.142857142857
2018-01-26,2018,1,4,1101.0,1443.0,14.98,9.12,oeste,4.158025955409994,0.2301937962922281,3.8578834875614376,83.44693998008628,15.04406053905974,6.18699822371833,26.94,28.19,28.31,67.42,76.76,84.35,0.0,63.11,396.09,26,37.48982863251055,8.337336683108957,26,4,1291.0,1199.0,1645.0,1551.0,1154.0,1471.2857142857142
2018-01-27,2018,1,4,1151.0,1447.0,15.26,9.97,oeste,4.158025955409994,0.2301937962922281,3.8578834875614376,83.44693998008628,15.04406053905974,6.360562103983283,26.05,28.02,29.59,67.02,75.2,81.19,0.0,67.59,374.02,27,37.52163863261035,13.413342942504077,27,4,1224.0,1173.0,1601.0,1451.0,1143.5714285714287,1449.2857142857142
2018-01-28,2018,1,4,1094.0,1454.0,14.97,9.63,oeste,4.158025955409994,0.2301937962922281,3.8578834875614376,83.44693998008628,15.04406053905974,6.288569470069801,26.63,27.42,30.34,72.85,79.1,78.02,0.0,63.7,399.78,28,37.55337659758075,13.743253214192247,28,4,1199.0,1117.0,1599.0,1455.0,1128.5714285714287,1428.5714285714287
2018-01-29,2018,1,5,1110.0,1358.0,40.07,9.01,oeste,4.158025955409994,0.2301937962922281,3.8578834875614376,83.44693998008628,15.04406053905974,6.281728301395724,26.85,28.3,29.84,67.26,89.52,91.57,0.0,61.88,214.19,29,37.58498486403285,12.3481977196866,29,5,1106.0,1278.0,1442.0,1526.0,1129.142857142857,1416.5714285714287
2018-01-30,2018,1,5,1061.0,1331.0,40.16,8.84,oeste,4.158025955409994,0.2301937962922281,3.8578834875614376,83.44693998008628,15.04406053905974,6.366685736803528,25.72,28.7,29.39,72.46,82.34,93.06,0.0,63.5,208.75,30,37.61640537290953,13.691906509863184,30,5,1191.0,1222.0,1386.0,1660.0,1110.5714285714287,1408.7142857142858
2018-01-31,2018,1,5,1094.0,1388.0,38.39,8.84,oeste,4.158025955409994,0.2301937962922281,3.8578834875614376,83.44693998008628,15.04406053905974,6.519635159339464,26.17,27.36,28.76,66.51,83.31,87.85,0.0,63.2,218.08,31,37.64757974756102,11.511728673362551,31,5,1144.0,1287.0,1389.0,1623.0,1103.4285714285713,1408.5714285714287
2018-02-01,2018,2,5,1035.0,1400.0,39.51,9.14,oeste,4.158025955409994,0.2301937962922281,3.8578834875614376,83.44693998008628,15.04406053905974,6.309454656173704,25.77,28.05,28.99,68.81,81.49,95.04,0.0,59.57,215.59,32,37.67844937265135,12.846196422645464,32,5,1113.0,1199.0,1439.0,1656.0,1092.2857142857142,1403.0
2018-02-02,2018,2,5,1109.0,1395.0,41.61,8.73,oeste,4.158025955409994,0.2301937962922281,3.8578834875614376,83.44693998008628,15.04406053905974,6.194059509434773,25.91,28.34,29.59,73.15,89.21,96.04,0.0,58.79,213.26,33,37.70895547379505,13.744280600304071,33,5,1101.0,1291.0,1443.0,1645.0,1093.4285714285713,1396.142857142857
2018-02-03,2018,2,5,1061.0,1301.0,38.87,9.28,oeste,4.158025955409994,0.2301937962922281,3.8578834875614376,83.44693998008628,15.04406053905974,6.653404410796184,27.01,28.8,28.38,71.24,81.74,94.53,0.0,60.44,212.57,34,37.73903919782025,8.392758445858043,34,5,1151.0,1224.0,1447.0,1601.0,1080.5714285714287,1375.2857142857142
2018-02-04,2018,2,5,1030.0,1327.0,42.0,9.38,oeste,4.158025955409994,0.2301937962922281,3.8578834875614376,83.44693998008628,15.04406053905974,6.60413420616775,26.9,27.12,30.09,66.92,81.56,90.58,0.0,61.1,206.57,35,37.76864169355223,12.816820695679448,35,5,1094.0,1199.0,1454.0,1599.0,1071.4285714285713,1357.142857142857
2018-02-05,2018,2,6,1124.0,1455.0,29.41,9.21,oeste,4.158025955409994,0.2301937962922281,3.8578834875614376,83.44693998008628,15.04406053905974,6.129912949749228,27.86,27.0,28.39,70.95,86.97,88.46,0.0,27.88,49.8,36,37.79770419300876,5.228257361664839,36,6,1110.0,1106.0,1358.0,1442.0,1073.4285714285713,1371.0
2018-02-06,2018,2,6,1079.0,1421.0,29.13,9.42,oeste,4.158025955409994,0.2301937962922281,3.8578834875614376,83.44693998008628,15.04406053905974,6.185977035407188,26.82,29.45,29.32,72.16,81.63,93.67,0.0,27.1,52.17,37,37.8261680928962,11.363600401344264,37,6,1061.0,1191.0,1331.0,1386.0,1076.0,1383.857142857143
2018-02-07,2018,2,6,1120.0,1428.0,30.94,8.67,oeste,4.158025955409994,0.2301937962922281,3.8578834875614376,83.44693998008628,15.04406053905974,6.236204432574414,26.58,27.81,29.0,71.67,86.98,87.91,0.0,27.5,48.56,38,37.85397503629379,11.188523421186389,38,6,1094.0,1144.0,1388.0,1389.0,1079.7142857142858,1389.5714285714287
2018-02-08,2018,2,6,1111.0,1334.0,31.37,9.16,oeste,4.158025955409994,0.2301937962922281,3.8578834875614376,83.44693998008628,15.04406053905974,6.535147175189303,27.92,29.01,30.19,69.43,81.61,92.17,0.0,25.95,50.22,39,37.881066994410766,10.843980621364617,39,6,1035.0,1113.0,1400.0,1439.0,1090.5714285714287,1380.142857142857
2018-02-09,2018,2,6,1145.0,1390.0,28.81,8.95,oeste,4.158025955409994,0.2301937962922281,3.8578834875614376,83.44693998008628,15.04406053905974,6.264424998257827,25.88,27.76,29.85,68.11,87.26,95.03,0.0,27.27,50.17,40,37.907386348299966,14.35068712140574,40,6,1109.0,1101.0,1395.0,1443.0,1095.7142857142858,1379.4285714285713
2018-02-10,2018,2,6,1080.0,1440.0,29.53,9.36,oeste,4.158025955409994,0.2301937962922281,3.8578834875614376,83.44693998008628,15.04406053905974,6.160017460865643,26.7,28.69,29.79,69.94,82.18,93.43,0.0,27.82,47.55,41,37.93287597040934,12.669183067683568,41,6,1061.0,1151.0,1301.0,1447.0,1098.4285714285713,1399.2857142857142
2018-02-11,2018,2,6,1141.0,1332.0,29.9,8.93,oeste,4.158025955409994,0.2301937962922281,3.8578834875614376,83.44693998008628,15.04406053905974,6.365477508641267,27.63,27.33,30.21,69.89,88.12,89.64,0.0,28.09,50.8,42,37.957479305852246,11.584060521730104,42,6,1030.0,1094.0,1327.0,1454.0,1114.2857142857142,1400.0
2018-02-12,2018,2,7,1069.0,1291.0,34.55,9.34,oeste,4.158025955409994,0.2301937962922281,3.8578834875614376,83.44693998008628,15.04406053905974,6.31179466399385,26.12,26.81,28.72,67.39,84.33,94.42,0.0,39.14,92.47,43,37.981140453275295,11.636122268528094,43,7,1124.0,1110.0,1455.0,1358.0,1106.4285714285713,1376.5714285714287
2018-02-13,2018,2,7,1079.0,1408.0,36.68,9.2,oeste,4.158025955409994,0.2301937962922281,3.8578834875614376,83.44693998008628,15.04406053905974,6.352365812724617,26.11,28.78,27.7,69.76,88.35,91.89,0.0,40.87,91.13,44,38.00380424520246,9.10498501815588,44,7,1079.0,1061.0,1421.0,1331.0,1106.4285714285713,1374.7142857142858
2018-02-14,2018,2,7,1022.0,1354.0,34.28,8.8,oeste,4.158025955409994,0.2301937962922281,3.8578834875614376,83.44693998008628,15.04406053905974,6.257694383179076,28.33,27.12,28.05,72.21,85.9,92.59,0.0,38.51,85.55,45,38.02541632773303,0.0,45,7,1120.0,1094.0,1428.0,1388.0,1092.4285714285713,1364.142857142857
2018-02-15,2018,2,7,1017.0,1355.0,36.46,8.93,oeste,4.158025955409994,0.2301937962922281,3.8578834875614376,83.44693998008628,15.04406053905974,6.685396250969049,26.41,28.68,30.08,72.11,81.68,88.62,0.0,41.72,86.68,46,38.045923239470525,13.848245703227578,46,7,1111.0,1035.0,1334.0,1400.0,1079.0,1367.142857142857
2018-02-16,2018,2,7,1067.0,1298.0,34.35,9.38,oeste,4.158025955409994,0.2301937962922281,3.8578834875614376,83.44693998008628,15.04406053905974,6.417818307148149,26.64,27.01,29.57,70.14,84.72,94.81,0.0,39.63,93.37,47,38.065272489559945,12.379877694894594,47,7,1145.0,1109.0,1390.0,1395.0,1067.857142857143,1354.0
2018-02-17,2018,2,7,1066.0,1339.0,36.25,9.61,oeste,4.158025955409994,0.2301937962922281,3.8578834875614376,83.44693998008628,15.04406053905974,6.123383127289443,27.43,27.33,29.65,69.96,87.91,93.24,0.0,39.99,90.17,48,38.08341263471033,10.781171300447443,48,7,1080.0,1061.0,1440.0,1301.0,1065.857142857143,1339.5714285714287
2018-02-18,2018,2,7,1080.0,1355.0,36.24,9.34,oeste,4.158025955409994,0.2301937962922281,3.8578834875614376,83.44693998008628,15.04406053905974,6.194097773796263,27.46,29.07,28.27,67.17,81.82,91.35,0.0,39.44,91.38,49,38.10029335508021,6.515150163718709,49,7,1141.0,1030.0,1332.0,1327.0,1057.142857142857,1342.857142857143
2018-02-19,2018,2,8,1014.0,1307.0,43.91,9.21,oeste,4.158025955409994,0.2301937962922281,3.8578834875614376,83.44693998008628,15.04406053905974,6.639504488248986,27.85,29.06,28.92,67.45,84.52,90.47,0.0,100.46,458.37,50,38.11586552890423,7.491197997130457,50,8,1069.0,1124.0,1291.0,1455.0,1049.2857142857142,1345.142857142857
2018-02-20,2018,2,8,1052.0,1307.0,43.18,9.11,oeste,4.158025955409994,0.2301937962922281,3.8578834875614376,83.44693998008628,15.04406053905974,6.454200343987264,26.85,28.49,28.14,70.71,86.08,88.06,0.0,101.36,461.43,51,38.13008130573993,8.228415004221958,51,8,1079.0,1079.0,1408.0,1421.0,1045.4285714285713,1330.7142857142858
2018-02-21,2018,2,8,1019.0,1343.0,43.44,9.05,oeste,4.158025955409994,0.2301937962922281,3.8578834875614376,83.44693998008628,15.04406053905974,6.330079575523424,26.76,27.24,30.25,67.07,81.64,90.99,0.0,107.32,453.72,52,38.14289417821506,13.538793289228744,52,8,1022.0,1120.0,1354.0,1428.0,1045.0,1329.142857142857
2018-02-22,2018,2,8,1048.0,1307.0,45.88,9.3,oeste,4.158025955409994,0.2301937962922281,3.8578834875614376,83.44693998008628,15.04406053905974,6.663631184993304,26.09,27.89,30.01,73.2,82.24,87.8,0.0,99.44,453.5,53,38.15425905215714,14.352899983285983,53,8,1017.0,1111.0,1355.0,1334.0,1049.4285714285713,1322.2857142857142
2018-02-23,2018,2,8,1003.0,1277.0,44.32,8.87,oeste,4.158025955409994,0.2301937962922281,3.8578834875614376,83.44693998008628,15.04406053905974,6.377418901838868,26.2,29.05,29.0,68.09,82.46,96.2,0.0,104.89,451.67,54,38.1641323149889,12.133553503017264,54,8,1067.0,1145.0,1298.0,1390.0,1040.2857142857142,1319.2857142857142
2018-02-24,2018,2,8,1001.0,1345.0,43.94,9.36,oeste,4.158025955409994,0.2301937962922281,3.8578834875614376,83.44693998008628,15.04406053905974,6.383870089983304,28.29,29.33,28.64,70.92,80.76,95.85,0.0,105.36,461.3,55,38.17247190227519,4.290796396547789,55,8,1066.0,1080.0,1339.0,1440.0,1031.0,1320.142857142857
2018-02-25,2018,2,8,1063.0,1314.0,44.28,8.68,oeste,4.158025955409994,0.2301937962922281,3.8578834875614376,83.44693998008628,15.04406053905974,6.320250266558265,27.46,27.24,29.85,71.05,87.77,90.19,0.0,99.53,419.98,56,38.17923736230927,11.214497035132824,56,8,1080.0,1141.0,1355.0,1332.0,1028.5714285714287,1314.2857142857142
2018-02-26,2018,2,9,983.0,1188.0,50.49,8.59,oeste,4.158025955409994,0.2301937962922281,3.8578834875614376,83.44693998008628,15.04406053905974,6.120749323136386,22.82,25.85,28.33,91.29,93.64,90.88,0.0,77.33,117.08,57,38.18438991862909,17.03002386430345,57,9,1014.0,1069.0,1307.0,1291.0,1024.142857142857,1297.2857142857142
2018-02-27,2018,2,9,1006.0,1211.0,50.05,9.1,oeste,4.158025955409994,0.2301937962922281,3.8578834875614376,83.44693998008628,15.04406053905974,6.636201887958087,22.27,27.38,29.1,85.79,94.86,91.37,0.0,77.35,121.83,58,38.1878925303572,18.96224023831058,58,9,1052.0,1079.0,1307.0,1408.0,1017.5714285714286,1283.5714285714287
2018-02-28,2018,2,9,938.0,1224.0,49.85,8.5,oeste,4.158025955409994,0.2301937962922281,3.8578834875614376,83.44693998008628,15.04406053905974,6.099449100212479,22.11,27.3,28.43,92.34,92.4,91.66,0.0,77.09,124.08,59,38.18970995026074,18.24141399966557,59,9,1019.0,1022.0,1343.0,1354.0,1006.0,1266.5714285714287
2018-03-01,2018,3,9,1009.0,1201.0,48.54,8.36,oeste,4.158025955409994,0.2301937962922281,3.8578834875614376,83.44693998008628,15.04406053905974,6.171415534325714,23.71,26.35,28.06,91.23,94.48,99.75,0.0,78.11,114.51,60,38.18980878043198,15.133720653494615,60,9,1048.0,1017.0,1307.0,1355.0,1000.4285714285714,1251.4285714285713
2018-03-02,2018,3,9,934.0,1260.0,49.23,8.67,oeste,4.158025955409994,0.2301937962922281,3.8578834875614376,83.44693998008628,15.04406053905974,6.591643305409651,23.67,26.61,29.07,90.31,93.24,90.28,0.0,77.71,125.78,61,38.188157525493125,16.860839185518152,61,9,1003.0,1067.0,1277.0,1298.0,990.5714285714286,1249.0
2018-03-03,2018,3,9,972.0,1197.0,47.61,9.21,oeste,4.158025955409994,0.2301937962922281,3.8578834875614376,83.44693998008628,15.04406053905974,6.375497063067538,22.0,26.17,27.2,89.31,90.08,91.51,0.0,79.54,118.15,62,38.18472664323334,16.544169034442323,62,9,1001.0,1066.0,1345.0,1339.0,986.4285714285714,1227.857142857143
2018-03-04,2018,3,9,958.0,1219.0,48.16,9.09,oeste,4.158025955409994,0.2301937962922281,3.8578834875614376,83.44693998008628,15.04406053905974,6.471839005260832,21.86,26.31,28.06,91.6,96.59,97.38,0.0,82.55,114.25,63,38.1794885925903,18.062570387851604,63,9,1063.0,1080.0,1314.0,1355.0,971.4285714285714,1214.2857142857142
2018-03-05,2018,3,10,967.0,1194.0,52.58,8.64,oeste,4.158025955409994,0.2301937962922281,3.8578834875614376,83.44693998008628,15.04406053905974,6.605081420954747,22.43,26.5,28.4,93.26,91.92,98.9,0.0,93.41,258.36,64,38.17241787889271,17.72109019382296,64,10,983.0,1014.0,1188.0,1307.0,969.1428571428571,1215.142857142857
2018-03-06,2018,3,10,1032.0,1263.0,54.71,8.76,oeste,4.158025955409994,0.2301937962922281,3.8578834875614376,83.44693998008628,15.04406053905974,6.238566333080367,22.67,27.45,28.92,90.24,93.61,94.83,0.0,94.94,246.72,65,38.16349109628534,18.127658270735537,65,10,1006.0,1052.0,1211.0,1307.0,972.8571428571429,1222.5714285714287
2018-03-07,2018,3,10,1018.0,1233.0,52.94,8.88,oeste,4.158025955409994,0.2301937962922281,3.8578834875614376,83.44693998008628,15.04406053905974,6.598581333772676,23.8,25.9,29.31,87.98,93.56,98.24,0.0,97.5,256.3,66,38.152686967262966,17.015884525702397,66,10,938.0,1019.0,1224.0,1343.0,984.2857142857143,1223.857142857143
2018-03-08,2018,3,10,995.0,1281.0,55.53,8.87,oeste,4.158025955409994,0.2301937962922281,3.8578834875614376,83.44693998008628,15.04406053905974,6.268892394236483,22.27,26.54,29.31,91.8,93.99,99.48,0.0,94.88,237.73,67,38.13998637924461,19.227395698041438,67,10,1009.0,1048.0,1201.0,1307.0,982.2857142857143,1235.2857142857142
2018-03-09,2018,3,10,962.0,1291.0,52.31,9.0,oeste,4.158025955409994,0.2301937962922281,3.8578834875614376,83.44693998008628,15.04406053905974,6.4556627759310246,22.67,26.63,29.17,92.84,96.14,94.81,0.0,96.04,240.64,68,38.125372418124975,18.46819170268608,68,10,934.0,1003.0,1260.0,1277.0,986.2857142857143,1239.7142857142858
2018-03-10,2018,3,10,1006.0,1278.0,55.0,9.07,oeste,4.158025955409994,0.2301937962922281,3.8578834875614376,83.44693998008628,15.04406053905974,6.655081131166941,23.87,27.33,27.74,90.9,96.49,94.86,0.0,92.05,239.79,69,38.10883039874548,14.244089816651009,69,10,972.0,1001.0,1197.0,1345.0,991.1428571428571,1251.2857142857142
2018-03-11,2018,3,10,1020.0,1260.0,56.96,8.61,oeste,4.158025955409994,0.2301937962922281,3.8578834875614376,83.44693998008628,15.04406053905974,6.181910201743372,23.56,25.15,28.65,86.83,94.93,99.73,0.0,98.54,240.75,70,38.09034789223307,16.32779095114238,70,10,958.0,1063.0,1219.0,1314.0,1000.0,1257.142857142857
2018-03-12,2018,3,11,1052.0,1274.0,41.57,8.54,oeste,4.158025955409994,0.2301937962922281,3.8578834875614376,83.44693998008628,15.04406053905974,6.7058361428679465,23.41,26.16,28.12,87.94,92.08,93.41,0.0,102.08,260.81,71,38.06991475016074,15.698059065217194,71,11,967.0,983.0,1194.0,1188.0,1012.1428571428571,1268.5714285714287
2018-03-13,2018,3,11,967.0,1218.0,38.94,8.76,oeste,4.158025955409994,0.2301937962922281,3.8578834875614376,83.44693998008628,15.04406053905974,6.519757462587058,22.47,25.91,28.87,86.58,89.78,93.65,0.0,100.67,261.99,72,38.04752312548959,18.288158525480284,72,11,1032.0,1006.0,1263.0,1211.0,1002.8571428571429,1262.142857142857
2018-03-14,2018,3,11,963.0,1291.0,41.47,9.34,oeste,4.158025955409994,0.2301937962922281,3.8578834875614376,83.44693998008628,15.04406053905974,6.23211761849861,22.24,27.2,28.5,91.66,88.9,92.88,0.0,101.64,257.74,73,38.02316749025859,18.075447586616672,73,11,1018.0,938.0,1233.0,1224.0,995.0,1270.4285714285713
2018-03-15,2018,3,11,1058.0,1273.0,41.22,8.48,oeste,4.158025955409994,0.2301937962922281,3.8578834875614376,83.44693998008628,15.04406053905974,6.199162033988917,23.3,25.64,27.5,89.2,90.2,91.57,0.0,103.69,239.1,74,37.99684464999441,14.795368262831705,74,11,995.0,1009.0,1281.0,1201.0,1004.0,1269.2857142857142
2018-03-16,2018,3,11,1059.0,1236.0,39.37,9.25,oeste,4.158025955409994,0.2301937962922281,3.8578834875614376,83.44693998008628,15.04406053905974,6.376368092513415,23.8,26.42,27.79,92.39,88.71,93.27,0.0,109.35,250.51,75,37.96855375481967,14.410004077771587,75,11,962.0,934.0,1291.0,1260.0,1017.8571428571429,1261.4285714285713
2018-03-17,2018,3,11,1008.0,1285.0,40.23,8.68,oeste,4.158025955409994,0.2301937962922281,3.8578834875614376,83.44693998008628,15.04406053905974,6.543532952382588,23.03,26.67,28.06,89.94,94.89,97.54,0.0,106.78,252.5,76,37.938296307244514,16.16647807608358,76,11,1006.0,972.0,1278.0,1197.0,1018.1428571428571,1262.4285714285713
2018-03-18,2018,3,11,993.0,1323.0,39.25,8.89,oeste,4.158025955409994,0.2301937962922281,3.8578834875614376,83.44693998008628,15.04406053905974,6.389769310837266,23.62,27.56,28.11,88.97,90.79,96.51,0.0,102.35,237.63,77,37.90607616663306,15.261091715900152,77,11,1020.0,958.0,1260.0,1219.0,1014.2857142857143,1271.4285714285713
2018-03-19,2018,3,12,988.0,1218.0,44.39,8.79,oeste,4.158025955409994,0.2301937962922281,3.8578834875614376,83.44693998008628,15.04406053905974,6.585534965171786,23.78,26.8,28.01,89.08,89.7,97.91,0.0,55.76,91.42,78,37.87189955034202,14.799289755559029,78,12,1052.0,967.0,1274.0,1194.0,1005.1428571428571,1263.4285714285713
2018-03-20,2018,3,12,1005.0,1202.0,46.08,8.56,oeste,4.158025955409994,0.2301937962922281,3.8578834875614376,83.44693998008628,15.04406053905974,6.191366584248504,22.63,26.89,28.19,92.87,91.73,95.25,0.0,57.71,92.53,79,37.83577503153597,16.95093393568396,79,12,967.0,1032.0,1218.0,1263.0,1010.5714285714286,1261.142857142857
2018-03-21,2018,3,12,1026.0,1208.0,46.24,8.9,oeste,4.158025955409994,0.2301937962922281,3.8578834875614376,83.44693998008628,15.04406053905974,6.671723778867802,22.83,25.98,28.45,85.99,93.36,97.82,0.0,57.48,88.12,80,37.79771353368969,17.02500656083839,80,12,963.0,1018.0,1291.0,1233.0,1019.5714285714286,1249.2857142857142
2018-03-22,2018,3,12,940.0,1231.0,43.43,8.65,oeste,4.158025955409994,0.2301937962922281,3.8578834875614376,83.44693998008628,15.04406053905974,6.201221109062464,24.14,27.28,27.42,89.04,92.38,96.06,0.0,56.65,87.59,81,37.75772832179421,12.992609332010211,81,12,1058.0,995.0,1273.0,1281.0,1002.7142857142857,1243.2857142857142
2018-03-23,2018,3,12,1013.0,1261.0,44.0,9.15,oeste,4.158025955409994,0.2301937962922281,3.8578834875614376,83.44693998008628,15.04406053905974,6.118411954618001,22.97,26.89,26.82,92.48,89.14,90.73,0.0,57.16,93.4,82,37.71583499029042,14.060724298197592,82,12,1059.0,962.0,1236.0,1291.0,996.1428571428571,1246.857142857143
2018-03-24,2018,3,12,968.0,1245.0,45.66,8.85,oeste,4.158025955409994,0.2301937962922281,3.8578834875614376,83.44693998008628,15.04406053905974,6.434052074557084,22.24,25.12,27.28,87.98,92.51,92.35,0.0,56.85,87.05,83,37.67205144775879,16.068973691485553,83,12,1008.0,1006.0,1285.0,1278.0,990.4285714285714,1241.142857142857
2018-03-25,2018,3,12,960.0,1235.0,45.17,9.23,oeste,4.158025955409994,0.2301937962922281,3.8578834875614376,83.44693998008628,15.04406053905974,6.537987672788927,22.5,25.89,28.17,91.85,96.04,97.16,0.0,54.01,91.22,84,37.62639789840188,17.02306565852724,84,12,993.0,1020.0,1323.0,1260.0,985.7142857142857,1228.5714285714287
2018-03-26,2018,3,13,995.0,1252.0,51.14,8.64,oeste,4.158025955409994,0.2301937962922281,3.8578834875614376,83.44693998008628,15.04406053905974,6.511645185099353,22.65,24.98,27.09,91.81,90.09,92.87,0.0,76.81,170.99,85,37.57889682036032,15.044893321912816,85,13,988.0,1052.0,1218.0,1274.0,986.7142857142857,1233.4285714285713
2018-03-27,2018,3,13,975.0,1214.0,49.64,8.73,oeste,4.158025955409994,0.2301937962922281,3.8578834875614376,83.44693998008628,15.04406053905974,6.642706435465108,22.06,25.98,28.07,88.13,96.57,98.38,0.0,81.09,186.55,86,37.52957294091051,17.48092700939014,86,13,1005.0,967.0,1202.0,1218.0,982.4285714285714,1235.142857142857
2018-03-28,2018,3,13,906.0,1168.0,48.6,8.78,oeste,4.158025955409994,0.2301937962922281,3.8578834875614376,83.44693998008628,15.04406053905974,6.520032492571085,23.9,26.06,26.84,86.17,95.6,94.51,0.0,75.99,170.72,87,37.47845320859714,12.209810532408456,87,13,1026.0,963.0,1208.0,1291.0,965.2857142857143,1229.4285714285713
2018-03-29,2018,3,13,915.0,1169.0,49.58,8.77,oeste,4.158025955409994,0.2301937962922281,3.8578834875614376,83.44693998008628,15.04406053905974,6.144689693515341,22.24,27.05,28.94,85.98,93.43,91.86,0.0,76.45,186.87,88,37.42556676235942,18.405998750269227,88,13,940.0,1058.0,1231.0,1273.0,961.7142857142857,1220.5714285714287
2018-03-30,2018,3,13,976.0,1200.0,48.42,9.06,oeste,4.158025955409994,0.2301937962922281,3.8578834875614376,83.44693998008628,15.04406053905974,6.2598699178761725,23.42,25.63,26.93,92.17,87.84,92.88,0.0,75.34,180.24,89,37.37094489771561,13.30274413681597,89,13,1013.0,1059.0,1261.0,1236.0,956.4285714285714,1211.857142857143
2018-03-31,2018,3,13,944.0,1195.0,49.95,8.83,oeste,4.158025955409994,0.2301937962922281,3.8578834875614376,83.44693998008628,15.04406053905974,6.1622254088220245,23.83,26.77,28.51,92.01,90.74,97.07,0.0,76.36,181.12,90,37.31462103007519,15.337534857122506,90,13,968.0,1008.0,1245.0,1285.0,953.0,1204.7142857142858
2018-04-01,2018,4,13,989.0,1202.0,49.47,8.81,oeste,4.158025955409994,0.2301937962922281,3.8578834875614376,83.44693998008628,15.04406053905974,6.710634259631018,22.74,27.44,28.49,86.68,92.71,95.28,0.0,79.08,169.85,91,37.256630655253694,16.974269756144043,91,13,960.0,993.0,1235.0,1323.0,957.1428571428571,1200.0
2018-04-02,2018,4,14,1098.0,1436.0,28.85,7.47,oeste,4.158025955409994,0.2301937962922281,3.8578834875614376,83.44693998008628,15.04406053905974,6.365804615895839,23.23,26.59,28.62,81.86,90.11,91.51,0.0,52.46,127.54,92,37.19701130726928,16.40801446723298,92,14,995.0,988.0,1252.0,1218.0,971.8571428571429,1226.2857142857142
2018-04-03,2018,4,14,1129.0,1320.0,28.95,7.44,oeste,4.158025955409994,0.2301937962922281,3.8578834875614376,83.44693998008628,15.04406053905974,6.208896144334855,23.88,24.51,28.6,86.73,88.97,93.92,0.0,53.89,124.11,93,37.13580251350512,15.329126700613164,93,14,975.0,1005.0,1214.0,1202.0,993.8571428571429,1241.4285714285713
2018-04-04,2018,4,14,1042.0,1315.0,29.33,7.7,oeste,4.158025955409994,0.2301937962922281,3.8578834875614376,83.44693998008628,15.04406053905974,6.445739100745223,21.86,24.83,27.39,84.05,92.16,94.61,0.0,54.92,121.26,94,37.073045747326205,16.564351344440492,94,14,906.0,1026.0,1168.0,1208.0,1013.2857142857143,1262.4285714285713
2018-04-05,2018,4,14,1068.0,1401.0,30.13,7.75,oeste,4.158025955409994,0.2301937962922281,3.8578834875614376,83.44693998008628,15.04406053905974,6.293570977595299,22.23,26.76,27.5,81.64,94.59,97.69,0.0,54.73,125.54,95,37.00878437824253,16.142237348007942,95,14,915.0,940.0,1169.0,1231.0,1035.142857142857,1295.5714285714287
2018-04-06,2018,4,14,1055.0,1410.0,31.12,7.2,oeste,4.158025955409994,0.2301937962922281,3.8578834875614376,83.44693998008628,15.04406053905974,6.32791145030598,23.87,24.98,27.18,83.58,91.71,93.78,0.0,53.64,129.49,96,36.94306361971505,12.770282528937482,96,14,976.0,1013.0,1200.0,1261.0,1046.4285714285713,1325.5714285714287
2018-04-07,2018,4,14,1032.0,1393.0,29.96,7.29,oeste,4.158025955409994,0.2301937962922281,3.8578834875614376,83.44693998008628,15.04406053905974,6.202664878290625,23.72,25.78,27.36,83.63,93.3,96.12,0.0,51.14,121.4,97,36.87593047470398,13.367410354047452,97,14,944.0,968.0,1195.0,1245.0,1059.0,1353.857142857143
2018-04-08,2018,4,14,1076.0,1325.0,30.92,7.68,oeste,4.158025955409994,0.2301937962922281,3.8578834875614376,83.44693998008628,15.04406053905974,6.581741183562108,23.68,26.24,29.07,86.09,94.02,92.58,0.0,51.74,127.68,98,36.80743367906239,16.236167452242295,98,14,989.0,960.0,1202.0,1235.0,1071.4285714285713,1371.4285714285713
2018-04-09,2018,4,15,1021.0,1306.0,25.47,7.58,oeste,4.158025955409994,0.2301937962922281,3.8578834875614376,83.44693998008628,15.04406053905974,6.508217645074801,22.21,26.18,29.19,78.97,93.53,99.37,0.0,27.11,85.75,99,36.73762364288063,18.441335671462003,99,15,1098.0,995.0,1436.0,1252.0,1060.4285714285713,1352.857142857143
2018-04-10,2018,4,15,1071.0,1347.0,25.48,7.26,oeste,4.158025955409994,0.2301937962922281,3.8578834875614376,83.44693998008628,15.04406053905974,6.168802960358204,23.22,26.3,27.54,79.32,93.81,94.52,0.0,26.42,84.93,100,36.666552389890384,14.479899622510173,100,15,1129.0,975.0,1320.0,1214.0,1052.142857142857,1356.7142857142858
2018-04-11,2018,4,15,1017.0,1332.0,26.2,7.13,oeste,4.158025955409994,0.2301937962922281,3.8578834875614376,83.44693998008628,15.04406053905974,6.69515694317683,23.04,26.52,27.64,79.91,95.99,97.96,0.0,28.22,87.8,101,36.59427349503859,14.912334826836656,101,15,1042.0,906.0,1315.0,1168.0,1048.5714285714287,1359.142857142857
2018-04-12,2018,4,15,1052.0,1287.0,24.32,7.77,oeste,4.158025955409994,0.2301937962922281,3.8578834875614376,83.44693998008628,15.04406053905974,6.501516263815063,24.1,25.12,27.67,80.17,92.72,94.96,0.0,26.33,86.64,102,36.52084202034448,13.110778824995068,102,15,1068.0,915.0,1401.0,1169.0,1046.2857142857142,1342.857142857143
2018-04-13,2018,4,15,1018.0,1320.0,25.67,7.51,oeste,4.158025955409994,0.2301937962922281,3.8578834875614376,83.44693998008628,15.04406053905974,6.6683469488205205,22.39,26.42,28.85,79.81,96.77,93.31,0.0,27.39,82.62,103,36.44631444915352,17.600438084726733,103,15,1055.0,976.0,1410.0,1200.0,1041.0,1330.0
2018-04-14,2018,4,15,1079.0,1357.0,24.8,7.39,oeste,4.158025955409994,0.2301937962922281,3.8578834875614376,83.44693998008628,15.04406053905974,6.14956283282589,22.9,26.86,26.67,82.8,92.9,92.98,0.0,26.45,84.74,104,36.3707486189048,13.417651766795323,104,15,1032.0,944.0,1393.0,1195.0,1047.7142857142858,1324.857142857143
2018-04-15,2018,4,15,1042.0,1351.0,25.31,7.18,oeste,4.158025955409994,0.2301937962922281,3.8578834875614376,83.44693998008628,15.04406053905974,6.40683710489489,23.2,25.24,29.26,83.11,95.69,95.53,0.0,28.04,84.92,105,36.29420365252813,16.975680190015876,105,15,1076.0,989.0,1325.0,1202.0,1042.857142857143,1328.5714285714287
2018-04-16,2018,4,16,1018.0,1251.0,31.21,7.74,oeste,4.158025955409994,0.2301937962922281,3.8578834875614376,83.44693998008628,15.04406053905974,6.4667047075053325,22.76,25.44,27.99,79.09,87.86,96.39,0.0,49.35,211.36,106,36.21673988858884,15.736704845961828,106,16,1021.0,1098.0,1306.0,1436.0,1042.4285714285713,1320.7142857142858
2018-04-17,2018,4,16,971.0,1324.0,30.95,7.91,oeste,4.158025955409994,0.2301937962922281,3.8578834875614376,83.44693998008628,15.04406053905974,6.689158677095193,23.79,25.58,28.61,82.4,90.33,93.42,0.0,51.67,203.15,107,36.1384188102982,15.074616301103978,107,16,1071.0,1129.0,1347.0,1320.0,1028.142857142857,1317.4285714285713
2018-04-18,2018,4,16,1044.0,1314.0,30.16,7.96,oeste,4.158025955409994,0.2301937962922281,3.8578834875614376,83.44693998008628,15.04406053905974,6.593708461442174,22.73,26.63,29.3,87.08,94.64,99.42,0.0,48.51,195.16,108,36.05930297350803,17.561176720573954,108,16,1017.0,1042.0,1332.0,1315.0,1032.0,1314.857142857143
2018-04-19,2018,4,16,1052.0,1324.0,28.65,7.55,oeste,4.158025955409994,0.2301937962922281,3.8578834875614376,83.44693998008628,15.04406053905974,6.616640833620676,21.99,25.16,27.97,81.34,93.33,100.01,0.0,49.25,195.97,109,35.97945593380731,16.717017026216944,109,16,1052.0,1068.0,1287.0,1401.0,1032.0,1320.142857142857
2018-04-20,2018,4,16,1013.0,1321.0,29.74,7.44,oeste,4.158025955409994,0.2301937962922281,3.8578834875614376,83.44693998008628,15.04406053905974,6.522227782571274,23.9,26.58,28.53,86.71,91.55,98.54,0.0,49.49,202.76,110,35.89894217283866,14.67660979836752,110,16,1018.0,1055.0,1320.0,1410.0,1031.2857142857142,1320.2857142857142
2018-04-21,2018,4,16,1050.0,1281.0,31.07,7.39,oeste,4.158025955409994,0.2301937962922281,3.8578834875614376,83.44693998008628,15.04406053905974,6.628692802380903,22.21,25.79,29.39,84.72,93.62,100.03,0.0,48.49,203.84,111,35.81782702395176,18.235390077729893,111,16,1079.0,1032.0,1357.0,1393.0,1027.142857142857,1309.4285714285713
2018-04-22,2018,4,16,1052.0,1285.0,30.92,7.42,oeste,4.158025955409994,0.2301937962922281,3.8578834875614376,83.44693998008628,15.04406053905974,6.140817217713119,22.46,25.64,27.67,82.53,90.15,96.23,0.0,50.3,201.82,112,35.73617659730955,15.498174562348666,112,16,1042.0,1076.0,1351.0,1325.0,1028.5714285714287,1300.0
2018-04-23,2018,4,17,1075.0,1329.0,20.45,7.73,oeste,4.158025955409994,0.2301937962922281,3.8578834875614376,83.44693998008628,15.04406053905974,6.199314414001599,23.61,26.59,27.77,81.81,95.5,100.19,0.0,27.05,59.0,113,35.65405770456217,13.816855934048752,113,17,1018.0,1021.0,1251.0,1306.0,1036.7142857142858,1311.142857142857
2018-04-24,2018,4,17,1013.0,1379.0,19.87,7.81,oeste,4.158025955409994,0.2301937962922281,3.8578834875614376,83.44693998008628,15.04406053905974,6.181166470652148,22.7,25.63,28.59,79.05,94.12,97.72,0.0,27.28,59.37,114,35.571537783201656,16.402645119929716,114,17,971.0,1071.0,1324.0,1347.0,1042.7142857142858,1319.0
2018-04-25,2018,4,17,1071.0,1381.0,19.69,7.15,oeste,4.158025955409994,0.2301937962922281,3.8578834875614376,83.44693998008628,15.04406053905974,6.190819896097864,22.54,25.34,29.33,81.8,95.51,95.44,0.0,27.93,57.84,115,35.488684820709075,17.570268295836424,115,17,1044.0,1017.0,1314.0,1332.0,1046.5714285714287,1328.5714285714287
2018-04-26,2018,4,17,1097.0,1326.0,19.24,7.44,oeste,4.158025955409994,0.2301937962922281,3.8578834875614376,83.44693998008628,15.04406053905974,6.27475101718187,22.49,24.95,26.96,82.64,94.8,97.48,0.0,26.79,61.29,116,35.40556727860358,14.222597500976784,116,17,1052.0,1052.0,1324.0,1287.0,1053.0,1328.857142857143
2018-04-27,2018,4,17,1067.0,1321.0,20.49,7.57,oeste,4.158025955409994,0.2301937962922281,3.8578834875614376,83.44693998008628,15.04406053905974,6.153554777377296,23.85,26.15,28.59,79.99,88.3,95.53,0.0,25.93,59.46,117,35.32225401650027,14.61137816742619,117,17,1013.0,1018.0,1321.0,1320.0,1060.7142857142858,1328.857142857143
2018-04-28,2018,4,17,1042.0,1307.0,19.74,7.84,oeste,4.158025955409994,0.2301937962922281,3.8578834875614376,83.44693998008628,15.04406053905974,6.513602000397642,23.79,26.7,26.95,84.45,89.25,91.57,0.0,28.52,59.15,118,35.23881421628238,11.901958408019327,118,17,1050.0,1079.0,1281.0,1357.0,1059.5714285714287,1332.5714285714287
2018-04-29,2018,4,17,1035.0,1357.0,19.99,7.4,oeste,4.158025955409994,0.2301937962922281,3.8578834875614376,83.44693998008628,15.04406053905974,6.367898861354355,24.07,25.5,26.84,79.72,94.51,94.74,0.0,27.07,61.35,119,35.15531730648941,11.1169206978817,119,17,1052.0,1042.0,1285.0,1351.0,1057.142857142857,1342.857142857143
2018-04-30,2018,4,18,915.0,1112.0,19.42,6.58,norte,4.158025955409994,0.2301937962922281,3.8578834875614376,83.44693998008628,15.04406053905974,6.680960638453172,23.85,26.13,28.21,81.7,86.79,87.97,0.0,4.46,31.5,120,35.071832887020726,13.91410603645185,120,18,1075.0,1018.0,1329.0,1251.0,1034.2857142857142,1311.857142857143
2018-05-01,2018,5,18,898.0,1158.0,20.98,6.5,norte,4.158025955409994,0.2301937962922281,3.8578834875614376,83.44693998008628,15.04406053905974,6.171092242725544,24.75,26.49,28.82,75.51,84.26,94.65,0.0,4.62,32.09,121,34.98843065425123,13.411435613600275,121,18,1013.0,971.0,1379.0,1324.0,1017.8571428571429,1280.2857142857142
2018-05-02,2018,5,18,932.0,1134.0,20.8,6.56,norte,4.158025955409994,0.2301937962922281,3.8578834875614376,83.44693998008628,15.04406053905974,6.661535331840961,24.44,27.0,27.59,79.9,87.85,88.92,0.0,4.78,30.75,122,34.90518032665224,11.770604404389362,122,18,1071.0,1044.0,1381.0,1314.0,998.0,1245.0
2018-05-03,2018,5,18,932.0,1070.0,19.93,6.81,norte,4.158025955409994,0.2301937962922281,3.8578834875614376,83.44693998008628,15.04406053905974,6.177980004264242,24.97,28.29,28.01,76.01,83.23,87.57,0.0,4.8,31.99,123,34.82215157100733,11.535754216795462,123,18,1097.0,1052.0,1326.0,1324.0,974.4285714285714,1208.4285714285713
2018-05-04,2018,5,18,960.0,1085.0,19.87,6.37,norte,4.158025955409994,0.2301937962922281,3.8578834875614376,83.44693998008628,15.04406053905974,6.196980858444353,23.04,27.92,28.74,79.58,90.2,90.59,0.0,4.62,32.63,124,34.73941392931027,15.7584506576271,124,18,1067.0,1013.0,1321.0,1321.0,959.1428571428571,1174.7142857142858
2018-05-05,2018,5,18,917.0,1150.0,19.94,6.79,norte,4.158025955409994,0.2301937962922281,3.8578834875614376,83.44693998008628,15.04406053905974,6.447770347222272,24.96,27.72,27.72,75.6,85.74,92.49,0.0,4.51,33.24,125,34.657036746427444,10.939552801324302,125,18,1042.0,1050.0,1307.0,1281.0,941.2857142857143,1152.2857142857142
2018-05-06,2018,5,18,946.0,1091.0,19.17,6.76,norte,4.158025955409994,0.2301937962922281,3.8578834875614376,83.44693998008628,15.04406053905974,6.280979852755521,22.81,26.65,28.55,75.47,89.43,90.69,0.0,4.57,32.21,126,34.57508909860481,15.738844881717634,126,18,1035.0,1052.0,1357.0,1285.0,928.5714285714286,1114.2857142857142
2018-05-07,2018,5,19,883.0,1096.0,15.5,6.9,norte,4.158025955409994,0.2301937962922281,3.8578834875614376,83.44693998008628,15.04406053905974,6.719320647800259,24.35,27.88,29.53,75.6,88.23,93.34,0.0,6.08,42.41,127,34.49363972289474,14.91617616170051,127,19,915.0,1075.0,1112.0,1329.0,924.0,1112.0
2018-05-08,2018,5,19,893.0,1134.0,14.96,6.7,norte,4.158025955409994,0.2301937962922281,3.8578834875614376,83.44693998008628,15.04406053905974,6.376355348370779,23.84,28.03,30.26,80.16,90.06,89.58,0.0,5.98,43.57,128,34.41275694757495,16.566874492309378,128,19,898.0,1013.0,1158.0,1379.0,923.2857142857143,1108.5714285714287
2018-05-09,2018,5,19,921.0,1129.0,14.96,6.92,norte,4.158025955409994,0.2301937962922281,3.8578834875614376,83.44693998008628,15.04406053905974,6.616790945040734,23.59,27.53,27.56,75.89,88.34,91.02,0.0,6.17,41.39,129,34.332508623627625,12.99733737440171,129,19,932.0,1071.0,1134.0,1381.0,921.7142857142857,1107.857142857143
2018-05-10,2018,5,19,928.0,1125.0,14.75,6.75,norte,4.158025955409994,0.2301937962922281,3.8578834875614376,83.44693998008628,15.04406053905974,6.576208725170455,23.77,28.21,28.26,78.45,84.31,92.43,0.0,5.91,39.99,130,34.252962057343225,13.79033781287298,130,19,932.0,1097.0,1070.0,1326.0,921.1428571428571,1115.7142857142858
2018-05-11,2018,5,19,916.0,1122.0,14.98,6.53,norte,4.158025955409994,0.2301937962922281,3.8578834875614376,83.44693998008628,15.04406053905974,6.260332494669907,23.97,28.46,29.23,76.05,84.74,87.98,0.0,5.79,40.88,131,34.17418394410936,14.891711904076246,131,19,960.0,1067.0,1085.0,1321.0,914.8571428571429,1121.0
2018-05-12,2018,5,19,914.0,1044.0,14.47,6.9,norte,4.158025955409994,0.2301937962922281,3.8578834875614376,83.44693998008628,15.04406053905974,6.296006928250981,23.83,26.32,27.95,76.27,86.27,94.09,0.0,6.27,43.6,132,34.09624030344148,13.14948373344428,132,19,917.0,1042.0,1150.0,1307.0,914.4285714285714,1105.857142857143
2018-05-13,2018,5,19,945.0,1050.0,14.51,6.43,norte,4.158025955409994,0.2301937962922281,3.8578834875614376,83.44693998008628,15.04406053905974,6.607978726647403,24.23,28.51,30.32,77.4,88.26,87.62,0.0,6.16,43.19,133,34.01919641530805,15.950940607973296,133,19,946.0,1035.0,1091.0,1357.0,914.2857142857143,1100.0
2018-05-14,2018,5,20,896.0,1093.0,10.07,6.2,norte,4.158025955409994,0.2301937962922281,3.8578834875614376,83.44693998008628,15.04406053905974,6.668349321785573,24.67,28.23,30.07,78.12,88.59,91.26,0.0,16.99,116.33,134,33.943116757799416,14.986568355031736,134,20,883.0,915.0,1096.0,1112.0,916.1428571428571,1099.5714285714287
2018-05-15,2018,5,20,878.0,1086.0,10.0,6.62,norte,4.158025955409994,0.2301937962922281,3.8578834875614376,83.44693998008628,15.04406053905974,6.185542322067649,25.04,26.01,30.18,76.1,90.41,90.86,0.0,16.65,112.95,135,33.86806494618528,14.589000674407815,135,20,893.0,898.0,1134.0,1158.0,914.0,1092.7142857142858
2018-05-16,2018,5,20,894.0,1139.0,10.21,6.1,norte,4.158025955409994,0.2301937962922281,3.8578834875614376,83.44693998008628,15.04406053905974,6.357592154750355,23.35,27.02,27.97,75.41,84.03,88.09,0.0,16.39,116.13,136,33.79410367340253,13.801157776114866,136,20,921.0,932.0,1129.0,1134.0,910.1428571428571,1094.142857142857
2018-05-17,2018,5,20,909.0,1035.0,9.57,6.36,norte,4.158025955409994,0.2301937962922281,3.8578834875614376,83.44693998008628,15.04406053905974,6.465040981028032,23.37,28.01,27.58,80.07,85.46,91.94,0.0,17.25,119.4,137,33.72129465201088,13.146159248564915,137,20,928.0,932.0,1125.0,1070.0,907.4285714285714,1081.2857142857142
2018-05-18,2018,5,20,878.0,1095.0,10.22,6.58,norte,4.158025955409994,0.2301937962922281,3.8578834875614376,83.44693998008628,15.04406053905974,6.216045689094713,23.86,28.46,27.65,76.04,88.31,87.4,0.0,16.17,112.88,138,33.64969855765084,12.446704643530694,138,20,916.0,960.0,1122.0,1085.0,902.0,1077.4285714285713
2018-05-19,2018,5,20,914.0,1106.0,9.92,6.39,norte,4.158025955409994,0.2301937962922281,3.8578834875614376,83.44693998008628,15.04406053905974,6.582289640794791,24.45,27.94,28.95,81.35,85.36,89.62,0.0,16.24,115.06,139,33.57937497403438,13.534196138722969,139,20,914.0,917.0,1044.0,1150.0,902.0,1086.2857142857142
2018-05-20,2018,5,20,931.0,1046.0,10.5,6.42,norte,4.158025955409994,0.2301937962922281,3.8578834875614376,83.44693998008628,15.04406053905974,6.355146891989808,24.18,27.35,27.67,79.55,83.93,89.32,0.0,16.12,116.84,140,33.510382339495884,11.894486491184436,140,20,945.0,946.0,1050.0,1091.0,900.0,1085.7142857142858
2018-05-21,2018,5,21,925.0,1120.0,15.73,6.3,norte,4.158025955409994,0.2301937962922281,3.8578834875614376,83.44693998008628,15.04406053905974,6.658536671542622,24.48,27.39,28.54,78.2,86.77,88.47,0.0,23.66,165.67,141,33.442777895126866,12.8032127532381,141,21,896.0,883.0,1093.0,1096.0,904.1428571428571,1089.5714285714287
2018-05-22,2018,5,21,875.0,1036.0,14.31,6.21,norte,4.158025955409994,0.2301937962922281,3.8578834875614376,83.44693998008628,15.04406053905974,6.567546767663055,24.55,27.37,29.6,80.66,90.26,90.97,0.0,23.21,173.94,142,33.37661763451573,14.25087771449889,142,21,878.0,893.0,1086.0,1134.0,903.7142857142857,1082.4285714285713
2018-05-23,2018,5,21,876.0,1080.0,14.44,6.22,norte,4.158025955409994,0.2301937962922281,3.8578834875614376,83.44693998008628,15.04406053905974,6.614416367900595,23.53,27.85,29.09,80.33,91.29,93.16,0.0,24.48,159.97,143,33.31195625510986,14.92420253789203,143,21,894.0,921.0,1139.0,1129.0,901.1428571428571,1074.0
2018-05-24,2018,5,21,856.0,1116.0,15.23,6.78,norte,4.158025955409994,0.2301937962922281,3.8578834875614376,83.44693998008628,15.04406053905974,6.3875050488592,23.13,27.7,30.21,77.72,86.83,94.12,0.0,25.12,169.92,144,33.24884711121499,16.809191336821844,144,21,909.0,928.0,1035.0,1125.0,893.5714285714286,1085.5714285714287
2018-05-25,2018,5,21,925.0,1036.0,15.05,6.37,norte,4.158025955409994,0.2301937962922281,3.8578834875614376,83.44693998008628,15.04406053905974,6.434486871533714,25.04,26.01,30.13,78.47,89.83,87.87,0.0,23.17,167.66,145,33.18734216864364,14.226070780102756,145,21,878.0,916.0,1095.0,1122.0,900.2857142857143,1077.142857142857
2018-05-26,2018,5,21,854.0,1061.0,14.89,6.36,norte,4.158025955409994,0.2301937962922281,3.8578834875614376,83.44693998008628,15.04406053905974,6.619945160445557,23.47,28.59,28.95,81.82,85.41,93.66,0.0,24.71,174.62,146,33.12749196102216,14.734399383544565,146,21,914.0,914.0,1106.0,1044.0,891.7142857142857,1070.7142857142858
2018-05-27,2018,5,21,889.0,1051.0,14.65,6.51,norte,4.158025955409994,0.2301937962922281,3.8578834875614376,83.44693998008628,15.04406053905974,6.606928692899087,25.19,26.48,29.3,74.3,84.1,91.8,0.0,24.9,172.36,147,33.06934554776287,12.737966784100044,147,21,931.0,945.0,1046.0,1050.0,885.7142857142857,1071.4285714285713
2018-05-28,2018,5,22,854.0,1062.0,10.32,6.66,norte,4.158025955409994,0.2301937962922281,3.8578834875614376,83.44693998008628,15.04406053905974,6.103464298751027,26.49,26.19,29.81,71.52,82.53,93.22,0.0,11.61,84.87,148,33.012950473706034,11.428967116606607,148,22,925.0,896.0,1120.0,1093.0,875.5714285714286,1063.142857142857
2018-05-29,2018,5,22,866.0,1045.0,9.97,6.32,norte,4.158025955409994,0.2301937962922281,3.8578834875614376,83.44693998008628,15.04406053905974,6.115808056846844,25.57,27.98,28.52,74.6,87.82,87.63,0.0,12.1,81.47,149,32.95835273043358,10.755487659835245,149,22,875.0,878.0,1036.0,1086.0,874.2857142857143,1064.4285714285713
2018-05-30,2018,5,22,913.0,1065.0,10.18,6.47,norte,4.158025955409994,0.2301937962922281,3.8578834875614376,83.44693998008628,15.04406053905974,6.337359379783993,25.67,28.71,29.27,72.15,83.25,96.21,0.0,12.58,82.25,150,32.90559671925526,11.862456207578427,150,22,876.0,894.0,1080.0,1139.0,879.5714285714286,1062.2857142857142
2018-05-31,2018,5,22,858.0,1032.0,9.94,6.3,norte,4.158025955409994,0.2301937962922281,3.8578834875614376,83.44693998008628,15.04406053905974,6.492775248524521,25.99,26.22,27.96,73.74,81.8,93.89,0.0,12.59,87.81,151,32.85472521586502,8.761622820978086,151,22,856.0,909.0,1116.0,1035.0,879.8571428571429,1050.2857142857142
2018-06-01,2018,6,22,852.0,1037.0,10.08,6.92,norte,4.158025955409994,0.2301937962922281,3.8578834875614376,83.44693998008628,15.04406053905974,6.156883726487951,24.87,28.43,29.67,76.18,83.57,92.82,0.0,11.79,81.22,152,32.805779336664905,13.65603367301346,152,22,925.0,878.0,1036.0,1095.0,869.4285714285714,1050.4285714285713
2018-06-02,2018,6,22,865.0,1050.0,9.68,6.44,norte,4.158025955409994,0.2301937962922281,3.8578834875614376,83.44693998008628,15.04406053905974,6.552282075543338,26.08,27.06,28.88,72.23,89.31,92.4,0.0,11.92,87.26,153,32.75879850675103,10.415031346595446,153,22,854.0,914.0,1061.0,1106.0,871.0,1048.857142857143
2018-06-03,2018,6,22,892.0,1109.0,10.13,6.93,norte,4.158025955409994,0.2301937962922281,3.8578834875614376,83.44693998008628,15.04406053905974,6.111455602103823,27.23,27.28,30.41,73.61,88.39,87.98,0.0,11.77,85.86,154,32.713820429555774,11.08404872863101,154,22,889.0,931.0,1051.0,1046.0,871.4285714285714,1057.142857142857
2018-06-04,2018,6,23,805.0,932.0,5.03,5.7,sur,4.158025955409994,0.2301937962922281,3.8578834875614376,83.44693998008628,15.04406053905974,6.604647829355996,24.86,26.13,26.46,69.82,75.25,82.84,0.0,5.63,40.27,155,32.67088105813863,7.851894195420928,155,23,854.0,925.0,1062.0,1120.0,864.4285714285714,1038.5714285714287
2018-06-05,2018,6,23,808.0,966.0,4.97,5.71,sur,4.158025955409994,0.2301937962922281,3.8578834875614376,83.44693998008628,15.04406053905974,6.64454141473678,22.91,26.36,27.96,70.15,73.37,76.21,0.0,5.67,42.16,156,32.630014568117225,13.93209918765643,156,23,866.0,875.0,1045.0,1036.0,856.1428571428571,1027.2857142857142
2018-06-06,2018,6,23,780.0,921.0,4.78,5.79,sur,4.158025955409994,0.2301937962922281,3.8578834875614376,83.44693998008628,15.04406053905974,6.323900858757035,23.58,24.58,26.1,69.39,72.95,80.15,0.0,5.69,40.87,157,32.59125333222912,9.830032040560114,157,23,913.0,876.0,1065.0,1080.0,837.1428571428571,1006.7142857142857
2018-06-07,2018,6,23,770.0,897.0,5.16,6.2,sur,4.158025955409994,0.2301937962922281,3.8578834875614376,83.44693998008628,15.04406053905974,6.171407362906859,23.25,26.9,27.13,73.16,76.29,77.51,0.0,5.86,40.11,158,32.55462789651448,12.183784235839918,158,23,858.0,856.0,1032.0,1116.0,824.5714285714286,987.4285714285714
2018-06-08,2018,6,23,757.0,948.0,5.21,6.1,sur,4.158025955409994,0.2301937962922281,3.8578834875614376,83.44693998008628,15.04406053905974,6.416770508995814,24.36,26.18,27.67,72.38,77.6,83.31,0.0,5.76,42.15,159,32.52016695810872,11.241399040918774,159,23,852.0,925.0,1037.0,1036.0,811.0,974.7142857142857
2018-06-09,2018,6,23,780.0,967.0,5.11,6.24,sur,4.158025955409994,0.2301937962922281,3.8578834875614376,83.44693998008628,15.04406053905974,6.70671898042137,24.15,26.29,25.74,70.22,77.36,79.39,0.0,6.1,40.59,160,32.48789734463429,7.783479166605354,160,23,865.0,854.0,1050.0,1061.0,798.8571428571429,962.8571428571429
2018-06-10,2018,6,23,800.0,969.0,4.99,6.18,sur,4.158025955409994,0.2301937962922281,3.8578834875614376,83.44693998008628,15.04406053905974,6.188158332868735,25.16,25.49,28.1,74.66,75.78,82.06,0.0,5.96,39.95,161,32.45784399518007,10.574185739893672,161,23,892.0,889.0,1109.0,1051.0,785.7142857142857,942.8571428571429
2018-06-11,2018,6,24,762.0,923.0,5.07,5.83,sur,4.158025955409994,0.2301937962922281,3.8578834875614376,83.44693998008628,15.04406053905974,6.357976916592765,23.98,24.83,25.66,73.27,77.99,83.72,0.0,0.29,1.94,162,32.43002994285702,7.986483366247842,162,24,805.0,854.0,932.0,1062.0,779.5714285714286,941.5714285714286
2018-06-12,2018,6,24,746.0,892.0,5.03,6.28,sur,4.158025955409994,0.2301937962922281,3.8578834875614376,83.44693998008628,15.04406053905974,6.516961284319972,24.1,26.43,27.68,70.03,73.82,80.08,0.0,0.28,2.08,163,32.40447629891851,11.649307824191377,163,24,808.0,866.0,966.0,1045.0,770.7142857142857,931.0
2018-06-13,2018,6,24,794.0,906.0,5.21,6.32,sur,4.158025955409994,0.2301937962922281,3.8578834875614376,83.44693998008628,15.04406053905974,6.672406282050677,23.72,26.91,26.51,71.21,73.85,81.09,0.0,0.3,2.03,164,32.38120223843398,10.276581519378436,164,24,780.0,913.0,921.0,1065.0,772.7142857142857,928.8571428571429
2018-06-14,2018,6,24,771.0,952.0,4.95,5.8,sur,4.158025955409994,0.2301937962922281,3.8578834875614376,83.44693998008628,15.04406053905974,6.550736982731532,24.55,25.6,28.3,73.06,75.26,82.51,0.0,0.27,1.97,165,32.36022498750479,11.906408183332465,165,24,770.0,858.0,897.0,1032.0,772.8571428571429,936.7142857142857
2018-06-15,2018,6,24,767.0,889.0,4.78,6.21,sur,4.158025955409994,0.2301937962922281,3.8578834875614376,83.44693998008628,15.04406053905974,6.388999320679958,23.94,25.4,27.61,70.34,73.19,78.45,0.0,0.3,2.07,166,32.34155981201148,11.77192793780653,166,24,757.0,852.0,948.0,1037.0,774.2857142857143,928.2857142857143
2018-06-16,2018,6,24,773.0,966.0,5.09,5.98,sur,4.158025955409994,0.2301937962922281,3.8578834875614376,83.44693998008628,15.04406053905974,6.094780606860091,24.87,24.47,27.9,74.31,73.71,78.95,0.0,0.3,2.08,167,32.32522000788189,10.69095261400106,167,24,780.0,865.0,967.0,1050.0,773.2857142857143,928.1428571428571
2018-06-17,2018,6,24,787.0,972.0,5.09,6.21,sur,4.158025955409994,0.2301937962922281,3.8578834875614376,83.44693998008628,15.04406053905974,6.643559627804443,23.51,25.55,25.67,74.55,74.56,76.9,0.0,0.27,1.92,168,32.311216892870654,9.02264335657593,168,24,800.0,892.0,969.0,1109.0,771.4285714285714,928.5714285714286
2018-06-18,2018,6,25,753.0,912.0,5.1,5.98,sur,4.158025955409994,0.2301937962922281,3.8578834875614376,83.44693998008628,15.04406053905974,6.472696201494391,23.41,26.59,26.56,69.63,74.67,76.26,0.0,0.42,3.09,169,32.29955979984046,10.89194604588663,169,25,762.0,805.0,923.0,932.0,770.1428571428571,927.0
2018-06-19,2018,6,25,756.0,886.0,5.18,5.87,sur,4.158025955409994,0.2301937962922281,3.8578834875614376,83.44693998008628,15.04406053905974,6.5552081746177,24.93,25.45,27.0,72.81,76.65,76.98,0.0,0.44,3.07,170,32.29025607153692,8.826941793931852,170,25,746.0,808.0,892.0,966.0,771.5714285714286,926.1428571428571
2018-06-20,2018,6,25,740.0,887.0,5.06,5.74,sur,4.158025955409994,0.2301937962922281,3.8578834875614376,83.44693998008628,15.04406053905974,6.71590141641216,22.82,25.67,27.9,70.98,73.89,83.28,0.0,0.43,3.11,171,32.2833110568489,13.824948677814714,171,25,794.0,780.0,906.0,921.0,763.8571428571429,923.4285714285714
2018-06-21,2018,6,25,770.0,949.0,4.93,6.23,sur,4.158025955409994,0.2301937962922281,3.8578834875614376,83.44693998008628,15.04406053905974,6.27821492635589,24.57,26.26,26.29,75.15,75.92,76.06,0.0,0.43,3.03,172,32.278728108547696,8.043299458149496,172,25,771.0,770.0,952.0,897.0,763.7142857142857,923.0
2018-06-22,2018,6,25,728.0,942.0,5.13,6.25,sur,4.158025955409994,0.2301937962922281,3.8578834875614376,83.44693998008628,15.04406053905974,6.4798015919306655,24.42,26.91,27.22,71.73,77.74,82.63,0.0,0.43,3.1,173,32.27650858249868,10.261696520283046,173,25,767.0,757.0,889.0,948.0,758.1428571428571,930.5714285714286
2018-06-23,2018,6,25,770.0,932.0,4.91,6.08,sur,4.158025955409994,0.2301937962922281,3.8578834875614376,83.44693998008628,15.04406053905974,6.265116369887144,24.32,25.88,28.09,72.41,77.43,81.52,0.0,0.41,3.01,174,32.27665183834032,11.907285140120528,174,25,773.0,780.0,966.0,967.0,757.7142857142857,925.7142857142857
2018-06-24,2018,6,25,783.0,892.0,4.81,6.06,sur,4.158025955409994,0.2301937962922281,3.8578834875614376,83.44693998008628,15.04406053905974,6.716713146545622,24.12,24.65,27.27,68.48,78.97,82.54,0.0,0.44,2.86,175,32.27915524162619,10.885065291209564,175,25,787.0,800.0,972.0,969.0,757.1428571428571,914.2857142857143
2018-06-25,2018,6,26,724.0,926.0,4.95,6.4,sur,4.158025955409994,0.2301937962922281,3.8578834875614376,83.44693998008628,15.04406053905974,6.496759921889383,23.5,26.99,28.31,74.45,74.32,81.67,0.0,2.7,18.73,176,32.28401416742657,13.452830439903288,176,26,753.0,762.0,912.0,923.0,753.0,916.2857142857143
2018-06-26,2018,6,26,771.0,935.0,5.21,5.88,sur,4.158025955409994,0.2301937962922281,3.8578834875614376,83.44693998008628,15.04406053905974,6.629509859000324,24.77,26.86,28.19,68.78,78.21,83.79,0.0,2.52,17.65,177,32.29122200538712,11.346218282870336,177,26,756.0,746.0,886.0,892.0,755.1428571428571,923.2857142857143
2018-06-27,2018,6,26,744.0,916.0,4.95,6.27,sur,4.158025955409994,0.2301937962922281,3.8578834875614376,83.44693998008628,15.04406053905974,6.712119058066602,24.09,26.66,25.92,75.09,73.48,80.37,0.0,2.67,18.11,178,32.3007701662432,8.302177673622916,178,26,740.0,794.0,887.0,906.0,755.7142857142857,927.4285714285714
2018-06-28,2018,6,26,768.0,866.0,5.01,6.16,sur,4.158025955409994,0.2301937962922281,3.8578834875614376,83.44693998008628,15.04406053905974,6.703148340311232,24.7,26.42,26.42,71.55,73.38,79.26,0.0,2.62,17.42,179,32.31264808978886,8.051751729435411,179,26,770.0,771.0,949.0,952.0,755.4285714285714,915.5714285714286
2018-06-29,2018,6,26,722.0,901.0,5.23,6.07,sur,4.158025955409994,0.2301937962922281,3.8578834875614376,83.44693998008628,15.04406053905974,6.698594070928341,24.96,24.79,26.92,73.37,75.36,79.38,0.0,2.51,18.08,180,32.32684325430104,8.598940305644078,180,26,728.0,767.0,942.0,889.0,754.5714285714286,909.7142857142857
2018-06-30,2018,6,26,748.0,886.0,5.19,5.98,sur,4.158025955409994,0.2301937962922281,3.8578834875614376,83.44693998008628,15.04406053905974,6.557023447482525,23.04,25.11,27.29,72.24,73.54,78.42,0.0,2.5,17.46,181,32.34334118741973,12.66872614010656,181,26,770.0,773.0,932.0,966.0,751.4285714285714,903.1428571428571
2018-07-01,2018,7,26,723.0,870.0,5.05,6.25,sur,4.158025955409994,0.2301937962922281,3.8578834875614376,83.44693998008628,15.04406053905974,6.151762199397023,23.47,25.88,26.28,73.41,72.75,77.29,0.0,2.48,18.29,182,32.36212547848593,10.307273459746334,182,26,783.0,787.0,892.0,972.0,742.8571428571429,900.0
2018-07-02,2018,7,27,829.0,969.0,5.02,5.71,sur,4.350047232838786,0.247640642790133,4.169269259687732,73.03418412773556,18.392873843671765,6.22898538460208,23.35,25.06,28.2,47.45,53.84,68.6,0.0,39.31,251.18,183,32.38317779234004,13.550144746648924,183,27,724.0,753.0,926.0,912.0,757.8571428571429,906.1428571428571
2018-07-03,2018,7,27,835.0,952.0,5.16,5.42,sur,4.350047232838786,0.247640642790133,4.169269259687732,73.03418412773556,18.392873843671765,6.140970044963405,22.96,25.5,27.82,46.91,50.66,67.49,0.0,37.68,263.01,184,32.406477884583715,13.57386631544103,184,27,771.0,756.0,935.0,886.0,767.0,908.5714285714286
2018-07-04,2018,7,27,770.0,920.0,5.23,5.65,sur,4.350047232838786,0.247640642790133,4.169269259687732,73.03418412773556,18.392873843671765,6.23654368995309,22.88,25.33,28.07,47.38,53.67,64.72,0.0,38.77,267.71,185,32.4320036183089,14.038188176926498,185,27,744.0,740.0,916.0,887.0,770.7142857142857,909.1428571428571
2018-07-05,2018,7,27,774.0,991.0,4.84,5.68,sur,4.350047232838786,0.247640642790133,4.169269259687732,73.03418412773556,18.392873843671765,6.591471470419933,24.54,25.66,27.72,47.02,54.46,68.32,0.0,38.4,274.41,186,32.4597309822984,10.997958514224653,186,27,768.0,770.0,866.0,949.0,771.5714285714286,927.0
2018-07-06,2018,7,27,794.0,1014.0,4.81,5.58,sur,4.350047232838786,0.247640642790133,4.169269259687732,73.03418412773556,18.392873843671765,6.33929720852939,23.7,24.64,27.34,45.47,52.02,69.28,0.0,36.94,272.51,187,32.48963411070249,11.777391534799072,187,27,722.0,728.0,901.0,942.0,781.8571428571429,943.1428571428571
2018-07-07,2018,7,27,768.0,990.0,4.75,5.94,sur,4.350047232838786,0.247640642790133,4.169269259687732,73.03418412773556,18.392873843671765,6.560445004310291,24.73,24.47,26.34,44.5,51.43,65.47,0.0,37.12,264.38,188,32.521685304196446,7.840424588839489,188,27,748.0,770.0,886.0,932.0,784.7142857142857,958.0
2018-07-08,2018,7,27,830.0,964.0,4.83,5.96,sur,4.350047232838786,0.247640642790133,4.169269259687732,73.03418412773556,18.392873843671765,6.393231944526887,23.24,23.99,27.85,46.27,51.45,66.55,0.0,36.76,256.55,189,32.55585505262423,13.281073184776409,189,27,723.0,783.0,870.0,892.0,800.0,971.4285714285714
2018-07-09,2018,7,28,762.0,961.0,4.77,5.82,sur,4.350047232838786,0.247640642790133,4.169269259687732,73.03418412773556,18.392873843671765,6.134779311893519,24.73,23.95,28.33,45.14,50.14,67.15,0.0,1.6,11.06,190,32.59211205913328,11.74944509630238,190,28,829.0,724.0,969.0,926.0,790.4285714285714,970.2857142857143
2018-07-10,2018,7,28,811.0,976.0,5.16,5.51,sur,4.350047232838786,0.247640642790133,4.169269259687732,73.03418412773556,18.392873843671765,6.114395738058633,23.87,24.03,26.78,47.93,50.09,68.52,0.0,1.54,10.52,191,32.630423265805646,10.57603313316193,191,28,835.0,771.0,952.0,935.0,787.0,973.7142857142857
2018-07-11,2018,7,28,791.0,949.0,5.02,5.49,sur,4.350047232838786,0.247640642790133,4.169269259687732,73.03418412773556,18.392873843671765,6.410830400398897,25.19,24.3,27.55,45.9,54.89,66.76,0.0,1.62,10.92,192,32.670753880790414,9.536055245541617,192,28,770.0,744.0,920.0,916.0,790.0,977.8571428571429
2018-07-12,2018,7,28,765.0,983.0,5.04,5.51,sur,4.350047232838786,0.247640642790133,4.169269259687732,73.03418412773556,18.392873843671765,6.451019657551075,24.99,26.02,26.84,47.28,52.66,68.41,0.0,1.58,10.92,193,32.713067406941754,8.45397061013007,193,28,774.0,768.0,991.0,866.0,788.7142857142857,976.7142857142857
2018-07-13,2018,7,28,800.0,922.0,4.75,5.63,sur,4.350047232838786,0.247640642790133,4.169269259687732,73.03418412773556,18.392873843671765,6.295426483305391,24.97,25.84,27.29,46.84,54.53,68.59,0.0,1.53,10.64,194,32.75732567196704,9.479949675158496,194,28,794.0,722.0,1014.0,901.0,789.5714285714286,963.5714285714286
2018-07-14,2018,7,28,814.0,947.0,5.02,5.58,sur,4.350047232838786,0.247640642790133,4.169269259687732,73.03418412773556,18.392873843671765,6.327370500056054,24.83,24.11,27.62,45.44,53.74,69.48,0.0,1.53,11.2,195,32.80348886008833,10.410599486346417,195,28,768.0,748.0,990.0,886.0,796.1428571428571,957.4285714285714
2018-07-15,2018,7,28,757.0,962.0,5.14,5.57,sur,4.350047232838786,0.247640642790133,4.169269259687732,73.03418412773556,18.392873843671765,6.560467272680545,23.27,25.93,28.18,44.16,52.54,71.11,0.0,1.53,10.71,196,32.85151554522007,13.83087819955172,196,28,830.0,723.0,964.0,870.0,785.7142857142857,957.1428571428571
2018-07-16,2018,7,29,753.0,964.0,5.13,5.89,sur,4.350047232838786,0.247640642790133,4.169269259687732,73.03418412773556,18.392873843671765,6.286563371077544,25.19,24.6,28.1,45.85,53.49,65.37,0.0,3.29,22.56,197,32.90136272566487,10.663848871291044,197,29,762.0,829.0,961.0,969.0,784.4285714285714,957.5714285714286
2018-07-17,2018,7,29,751.0,898.0,5.24,5.66,sur,4.350047232838786,0.247640642790133,4.169269259687732,73.03418412773556,18.392873843671765,5.985389283216973,23.22,24.9,26.47,43.82,54.36,67.09,0.0,3.11,22.27,198,32.952985860328155,11.287299618910032,198,29,811.0,835.0,976.0,952.0,775.8571428571429,946.4285714285714
2018-07-18,2018,7,29,778.0,900.0,5.23,6.03,sur,4.350047232838786,0.247640642790133,4.169269259687732,73.03418412773556,18.392873843671765,6.193284051278113,23.87,25.09,27.73,46.45,52.94,70.19,0.0,3.22,22.09,199,33.006338906451326,12.320961710930533,199,29,791.0,770.0,949.0,920.0,774.0,939.4285714285714
2018-07-19,2018,7,29,763.0,927.0,4.86,5.95,sur,4.350047232838786,0.247640642790133,4.169269259687732,73.03418412773556,18.392873843671765,6.473532950792189,24.7,24.14,27.57,46.96,52.45,69.06,0.0,3.27,21.09,200,33.06137435886172,10.641808818955072,200,29,765.0,774.0,983.0,991.0,773.7142857142857,931.4285714285714
2018-07-20,2018,7,29,793.0,956.0,4.86,5.56,sur,4.350047232838786,0.247640642790133,4.169269259687732,73.03418412773556,18.392873843671765,6.071927709579208,23.52,25.32,26.36,45.51,52.5,65.21,0.0,3.03,22.86,201,33.11804329073593,10.604188532566615,201,29,800.0,794.0,922.0,1014.0,772.7142857142857,936.2857142857143
2018-07-21,2018,7,29,760.0,977.0,5.0,5.64,sur,4.350047232838786,0.247640642790133,4.169269259687732,73.03418412773556,18.392873843671765,6.417016212679671,23.43,25.04,26.59,46.86,51.95,70.22,0.0,3.2,21.78,202,33.17629539587189,11.205339813942455,202,29,814.0,768.0,947.0,990.0,765.0,940.5714285714286
2018-07-22,2018,7,29,802.0,978.0,5.21,5.94,sur,4.350047232838786,0.247640642790133,4.169269259687732,73.03418412773556,18.392873843671765,6.512801235283735,24.49,24.78,26.73,44.54,54.17,68.41,0.0,3.28,22.97,203,33.23607903246254,9.45120956706042,203,29,757.0,830.0,962.0,964.0,771.4285714285714,942.8571428571429
2018-07-23,2018,7,30,743.0,952.0,5.15,5.88,sur,4.350047232838786,0.247640642790133,4.169269259687732,73.03418412773556,18.392873843671765,6.134332849493836,23.35,23.71,25.94,44.44,51.82,67.59,0.0,0.0,0.0,204,33.29734126836285,10.181529883088524,204,30,753.0,762.0,964.0,961.0,770.0,941.1428571428571
2018-07-24,2018,7,30,762.0,942.0,5.02,5.93,sur,4.350047232838786,0.247640642790133,4.169269259687732,73.03418412773556,18.392873843671765,6.034817572803804,24.15,25.97,26.49,45.66,53.04,65.25,0.0,0.0,0.0,205,33.360027927839006,9.69589570254893,205,30,751.0,811.0,898.0,976.0,771.5714285714286,947.4285714285714
2018-07-25,2018,7,30,763.0,950.0,4.77,5.55,sur,4.350047232838786,0.247640642790133,4.169269259687732,73.03418412773556,18.392873843671765,6.540758136652732,23.27,23.94,26.53,44.23,54.15,66.06,0.0,0.0,0.0,206,33.42408363978677,11.466263303427516,206,30,778.0,791.0,900.0,949.0,769.4285714285714,954.5714285714286
2018-07-26,2018,7,30,719.0,902.0,5.01,5.5,sur,4.350047232838786,0.247640642790133,4.169269259687732,73.03418412773556,18.392873843671765,6.336151807529947,22.88,25.51,27.75,47.95,54.27,66.86,0.0,0.0,0.0,207,33.489451887403895,14.04190793178294,207,30,763.0,765.0,927.0,983.0,763.1428571428571,951.0
2018-07-27,2018,7,30,760.0,869.0,4.9,5.63,sur,4.350047232838786,0.247640642790133,4.169269259687732,73.03418412773556,18.392873843671765,6.555613513943259,22.91,25.76,26.94,45.18,50.76,69.7,0.0,0.0,0.0,208,33.556075059297875,12.799036606503002,208,30,793.0,800.0,956.0,922.0,758.4285714285714,938.5714285714286
2018-07-28,2018,7,30,787.0,951.0,4.99,5.63,sur,4.350047232838786,0.247640642790133,4.169269259687732,73.03418412773556,18.392873843671765,6.330041911978278,24.4,24.47,26.8,45.66,54.97,69.66,0.0,0.0,0.0,209,33.62389450200935,9.897083541509724,209,30,760.0,814.0,977.0,947.0,762.2857142857143,934.8571428571429
2018-07-29,2018,7,30,766.0,934.0,5.09,5.63,sur,4.350047232838786,0.247640642790133,4.169269259687732,73.03418412773556,18.392873843671765,5.989930301808183,24.23,24.48,26.13,47.49,55.22,68.89,0.0,0.0,0.0,210,33.69285057392693,8.824054003250094,210,30,802.0,757.0,978.0,962.0,757.1428571428571,928.5714285714286
2018-07-30,2018,7,31,890.0,1145.0,3.03,6.5,este,4.350047232838786,0.247640642790133,4.169269259687732,73.03418412773556,18.392873843671765,6.429731313169125,24.08,25.38,28.12,31.43,37.16,56.28,0.0,0.0,0.0,211,33.762882700567644,12.893885326545568,211,31,743.0,753.0,952.0,964.0,778.1428571428571,956.1428571428571
2018-07-31,2018,7,31,918.0,1078.0,2.88,6.61,este,4.350047232838786,0.247640642790133,4.169269259687732,73.03418412773556,18.392873843671765,6.539321221307679,23.21,23.92,28.03,31.43,37.78,53.11,0.0,0.0,0.0,212,33.833929431193624,14.113332041758596,212,31,762.0,751.0,942.0,898.0,800.4285714285714,975.5714285714286
2018-08-01,2018,8,31,946.0,1076.0,2.91,6.38,este,4.350047232838786,0.247640642790133,4.169269259687732,73.03418412773556,18.392873843671765,6.226032791344871,24.62,24.64,25.92,32.71,39.89,55.99,0.0,0.0,0.0,213,33.90592849673267,7.3451542230572,213,31,763.0,778.0,950.0,900.0,826.5714285714286,993.5714285714286
2018-08-02,2018,8,31,947.0,1144.0,2.91,6.82,este,4.350047232838786,0.247640642790133,4.169269259687732,73.03418412773556,18.392873843671765,6.274309481994001,25.2,25.0,27.93,31.83,40.64,55.17,0.0,0.0,0.0,214,33.978816868967336,10.667021668091705,214,31,719.0,763.0,902.0,927.0,859.1428571428571,1028.142857142857
2018-08-03,2018,8,31,936.0,1073.0,2.88,6.42,este,4.350047232838786,0.247640642790133,4.169269259687732,73.03418412773556,18.392873843671765,6.377774426831618,23.75,25.5,28.24,31.32,37.51,51.83,0.0,0.0,0.0,215,34.0525308209535,13.709643639521223,215,31,760.0,793.0,869.0,956.0,884.2857142857143,1057.2857142857142
2018-08-04,2018,8,31,901.0,1152.0,2.91,6.31,este,4.350047232838786,0.247640642790133,4.169269259687732,73.03418412773556,18.392873843671765,6.212392422005864,23.75,25.48,27.69,32.13,40.73,52.98,0.0,0.0,0.0,216,34.12700598862685,12.870632814823704,216,31,787.0,760.0,951.0,977.0,900.5714285714286,1086.0
2018-08-05,2018,8,31,962.0,1132.0,2.97,6.46,este,4.350047232838786,0.247640642790133,4.169269259687732,73.03418412773556,18.392873843671765,6.328465411893954,24.76,24.5,26.14,31.1,40.18,53.92,0.0,0.0,0.0,217,34.20217743355145,7.633907614879097,217,31,766.0,802.0,934.0,978.0,928.5714285714286,1114.2857142857142
2018-08-06,2018,8,32,922.0,1131.0,3.05,6.67,este,4.350047232838786,0.247640642790133,4.169269259687732,73.03418412773556,18.392873843671765,6.154733433188042,23.36,24.24,26.79,32.62,38.74,56.6,0.0,0.0,0.0,218,34.277979706762,12.061904296724862,218,32,890.0,743.0,1145.0,952.0,933.1428571428571,1112.2857142857142
2018-08-07,2018,8,32,911.0,1116.0,3.11,6.34,este,4.350047232838786,0.247640642790133,4.169269259687732,73.03418412773556,18.392873843671765,6.442384792311534,23.71,25.24,26.9,31.0,38.95,53.02,0.0,0.0,0.0,219,34.35434691364722,11.658176856928218,219,32,918.0,762.0,1078.0,942.0,932.1428571428571,1117.7142857142858
2018-08-08,2018,8,32,956.0,1120.0,2.85,6.7,este,4.350047232838786,0.247640642790133,4.169269259687732,73.03418412773556,18.392873843671765,6.111672281711473,25.19,24.22,27.18,32.16,37.75,55.59,0.0,0.0,0.0,220,34.4312127798191,9.22852853474751,220,32,946.0,763.0,1076.0,950.0,933.5714285714286,1124.0
2018-08-09,2018,8,32,877.0,1124.0,3.12,6.39,este,4.350047232838786,0.247640642790133,4.169269259687732,73.03418412773556,18.392873843671765,6.244269945000248,24.99,25.94,26.15,33.1,39.62,55.35,0.0,0.0,0.0,221,34.50851071790864,7.061692663658809,221,32,947.0,719.0,1144.0,902.0,923.5714285714286,1121.142857142857
2018-08-10,2018,8,32,909.0,1040.0,2.93,6.61,este,4.350047232838786,0.247640642790133,4.169269259687732,73.03418412773556,18.392873843671765,6.534842007698947,24.05,24.29,26.99,30.44,40.14,54.35,0.0,0.0,0.0,222,34.58617389522569,11.267557600396591,222,32,936.0,760.0,1073.0,869.0,919.7142857142857,1116.4285714285713
2018-08-11,2018,8,32,900.0,1060.0,3.1,6.7,este,4.350047232838786,0.247640642790133,4.169269259687732,73.03418412773556,18.392873843671765,6.219393144873359,23.78,23.91,27.64,32.8,38.12,55.09,0.0,0.0,0.0,223,34.66413530221696,12.939801806302476,223,32,901.0,787.0,1152.0,951.0,919.5714285714286,1103.2857142857142
2018-08-12,2018,8,32,925.0,1109.0,2.87,6.49,este,4.350047232838786,0.247640642790133,4.169269259687732,73.03418412773556,18.392873843671765,6.088268800921098,24.37,24.4,26.75,31.46,39.89,54.96,0.0,0.0,0.0,224,34.74232782165292,10.18359205025892,224,32,962.0,766.0,1132.0,934.0,914.2857142857143,1100.0
2018-08-13,2018,8,33,896.0,1100.0,3.14,6.52,este,4.350047232838786,0.247640642790133,4.169269259687732,73.03418412773556,18.392873843671765,6.357012983319438,23.03,24.42,26.2,32.58,39.33,55.51,0.0,0.0,0.0,225,34.82068429847086,11.779328506142074,225,33,922.0,890.0,1131.0,1145.0,910.5714285714286,1095.5714285714287
2018-08-14,2018,8,33,908.0,1122.0,3.09,6.39,este,4.350047232838786,0.247640642790133,4.169269259687732,73.03418412773556,18.392873843671765,6.297640793367847,24.53,23.84,27.16,31.38,38.97,55.74,0.0,0.0,0.0,226,34.89913761019836,10.753409153609844,226,33,911.0,918.0,1116.0,1078.0,910.1428571428571,1096.4285714285713
2018-08-15,2018,8,33,905.0,1093.0,2.86,6.68,este,4.350047232838786,0.247640642790133,4.169269259687732,73.03418412773556,18.392873843671765,6.060331205419575,24.49,23.81,26.46,32.33,40.33,53.17,0.0,0.0,0.0,227,34.977620737878034,9.327751733334347,227,33,956.0,946.0,1120.0,1076.0,902.8571428571429,1092.5714285714287
2018-08-16,2018,8,33,864.0,1049.0,2.87,6.35,este,4.350047232838786,0.247640642790133,4.169269259687732,73.03418412773556,18.392873843671765,6.035075681290687,23.2,25.91,28.06,30.44,37.18,52.42,0.0,0.0,0.0,228,35.056066837411365,14.683680420035875,228,33,877.0,947.0,1124.0,1144.0,901.0,1081.857142857143
2018-08-17,2018,8,33,899.0,1125.0,2.97,6.46,este,4.350047232838786,0.247640642790133,4.169269259687732,73.03418412773556,18.392873843671765,6.257541035941975,24.9,24.18,26.44,30.76,37.68,52.03,0.0,0.0,0.0,229,35.13440931123666,8.284124512645086,229,33,909.0,936.0,1040.0,1073.0,899.5714285714286,1094.0
2018-08-18,2018,8,33,906.0,1063.0,2.9,6.31,este,4.350047232838786,0.247640642790133,4.169269259687732,73.03418412773556,18.392873843671765,6.591695058746621,25.13,25.03,28.07,33.03,37.26,55.84,0.0,0.0,0.0,230,35.212581880252884,11.471630131634772,230,33,900.0,901.0,1060.0,1152.0,900.4285714285714,1094.4285714285713
2018-08-19,2018,8,33,922.0,1048.0,3.15,6.19,este,4.350047232838786,0.247640642790133,4.169269259687732,73.03418412773556,18.392873843671765,6.502951702656178,25.2,23.67,27.25,33.48,37.63,55.17,0.0,0.0,0.0,231,35.29051865589894,9.600383295562164,231,33,925.0,962.0,1109.0,1132.0,900.0,1085.7142857142858
2018-08-20,2018,8,34,876.0,1045.0,2.97,6.4,este,4.350047232838786,0.247640642790133,4.169269259687732,73.03418412773556,18.392873843671765,6.28854706832696,25.12,23.64,26.52,33.55,38.89,53.25,0.0,0.0,0.0,232,35.36815421229483,7.951151239834461,232,34,896.0,922.0,1100.0,1131.0,897.1428571428571,1077.857142857143
2018-08-21,2018,8,34,854.0,1054.0,2.98,6.2,este,4.350047232838786,0.247640642790133,4.169269259687732,73.03418412773556,18.392873843671765,6.502486586627708,23.56,23.71,28.3,31.85,39.74,55.82,0.0,0.0,0.0,233,35.44542365834922,14.662328432801695,233,34,908.0,911.0,1122.0,1116.0,889.4285714285714,1068.142857142857
2018-08-22,2018,8,34,866.0,1040.0,2.88,6.63,este,4.350047232838786,0.247640642790133,4.169269259687732,73.03418412773556,18.392873843671765,6.289598991433521,23.88,23.95,27.72,30.72,38.09,56.11,0.0,0.0,0.0,234,35.522262709735344,13.225735558487807,234,34,905.0,956.0,1093.0,1120.0,883.8571428571429,1060.5714285714287
2018-08-23,2018,8,34,903.0,1087.0,3.0,6.49,este,4.350047232838786,0.247640642790133,4.169269259687732,73.03418412773556,18.392873843671765,6.0414429698886405,25.08,24.17,27.6,33.5,40.28,54.64,0.0,0.0,0.0,235,35.59860776063529,10.737097199644348,235,34,864.0,877.0,1049.0,1124.0,889.4285714285714,1066.0
2018-08-24,2018,8,34,895.0,1110.0,3.13,6.3,este,4.350047232838786,0.247640642790133,4.169269259687732,73.03418412773556,18.392873843671765,6.120262746164415,24.82,24.17,26.7,30.72,37.43,53.43,0.0,0.0,0.0,236,35.674395955150665,9.293710796365366,236,34,899.0,909.0,1125.0,1040.0,888.8571428571429,1063.857142857143
2018-08-25,2018,8,34,879.0,1069.0,3.15,6.67,este,4.350047232838786,0.247640642790133,4.169269259687732,73.03418412773556,18.392873843671765,6.087317701533964,23.05,25.0,26.08,31.76,39.75,51.88,0.0,0.0,0.0,237,35.74956525827639,11.823489772202016,237,34,906.0,900.0,1063.0,1060.0,885.0,1064.7142857142858
2018-08-26,2018,8,34,927.0,1095.0,2.92,6.63,este,4.350047232838786,0.247640642790133,4.169269259687732,73.03418412773556,18.392873843671765,6.050640412651801,23.45,24.52,25.79,33.19,37.26,52.04,0.0,0.0,0.0,238,35.82405452633241,10.412050525889512,238,34,922.0,925.0,1048.0,1109.0,885.7142857142857,1071.4285714285713
2018-08-27,2018,8,35,887.0,1075.0,2.86,6.73,este,4.350047232838786,0.247640642790133,4.169269259687732,73.03418412773556,18.392873843671765,6.475828172426745,23.57,25.94,26.1,31.17,37.31,51.45,0.0,0.0,0.0,239,35.89780357674738,10.84880088605213,239,35,876.0,896.0,1045.0,1100.0,887.2857142857143,1075.7142857142858
2018-08-28,2018,8,35,852.0,1033.0,2.86,6.53,este,4.350047232838786,0.247640642790133,4.169269259687732,73.03418412773556,18.392873843671765,6.521326409078452,24.77,24.37,26.01,30.55,38.17,52.12,0.0,0.0,0.0,240,35.97075325708702,7.610513767380526,240,35,854.0,908.0,1054.0,1122.0,887.0,1072.7142857142858
2018-08-29,2018,8,35,888.0,1019.0,2.88,6.58,este,4.350047232838786,0.247640642790133,4.169269259687732,73.03418412773556,18.392873843671765,6.2154892359148,24.28,24.67,26.81,31.5,36.91,51.97,0.0,0.0,0.0,241,36.042845513219575,10.892634517420408,241,35,866.0,905.0,1040.0,1093.0,890.1428571428571,1069.7142857142858
2018-08-30,2018,8,35,876.0,1100.0,2.85,6.76,este,4.350047232838786,0.247640642790133,4.169269259687732,73.03418412773556,18.392873843671765,6.009271957621483,23.05,24.34,26.72,33.01,36.03,56.19,0.0,0.0,0.0,242,36.11402345650973,13.14505806601188,242,35,903.0,864.0,1087.0,1049.0,886.2857142857143,1071.5714285714287
2018-08-31,2018,8,35,875.0,1050.0,3.09,6.76,este,4.350047232838786,0.247640642790133,4.169269259687732,73.03418412773556,18.392873843671765,6.531087772232995,23.84,23.86,28.19,32.88,37.97,54.62,0.0,0.0,0.0,243,36.18423142993297,14.338957643657826,243,35,895.0,899.0,1110.0,1125.0,883.4285714285714,1063.0
2018-09-01,2018,9,35,835.0,1108.0,3.03,6.65,este,4.350047232838786,0.247640642790133,4.169269259687732,73.03418412773556,18.392873843671765,6.315613140458825,24.23,23.93,27.44,33.37,38.36,56.55,0.0,0.0,0.0,244,36.25341507300143,12.341133222455214,244,35,879.0,906.0,1069.0,1063.0,877.1428571428571,1068.5714285714287
2018-09-02,2018,9,35,887.0,1015.0,2.99,6.71,este,4.350047232838786,0.247640642790133,4.169269259687732,73.03418412773556,18.392873843671765,6.304138029157139,23.29,25.47,28.23,32.67,36.39,53.89,0.0,0.0,0.0,245,36.32152138539364,15.338436995903152,245,35,927.0,922.0,1095.0,1048.0,871.4285714285714,1057.142857142857
2018-09-03,2018,9,36,875.0,997.0,1.92,7.11,este,4.350047232838786,0.247640642790133,4.169269259687732,73.03418412773556,18.392873843671765,6.49142641735108,23.95,24.85,28.33,24.38,31.41,41.82,0.0,0.0,0.0,246,36.388498789180304,14.469542351718497,246,36,887.0,876.0,1075.0,1045.0,869.7142857142857,1046.0
2018-09-04,2018,9,36,873.0,1037.0,1.93,6.81,este,4.350047232838786,0.247640642790133,4.169269259687732,73.03418412773556,18.392873843671765,6.161602385023556,24.5,24.48,27.17,25.1,30.04,39.56,0.0,0.0,0.0,247,36.45429718953992,11.317694360259225,247,36,852.0,854.0,1033.0,1054.0,872.7142857142857,1046.5714285714287
2018-09-05,2018,9,36,820.0,1070.0,2.08,7.35,este,4.350047232838786,0.247640642790133,4.169269259687732,73.03418412773556,18.392873843671765,6.208986332264041,23.7,26.1,25.83,24.58,32.74,41.94,0.0,0.0,0.0,248,36.51886803385843,10.126531314533198,248,36,888.0,866.0,1019.0,1040.0,863.0,1053.857142857143
2018-09-06,2018,9,36,875.0,1023.0,2.02,7.09,este,4.350047232838786,0.247640642790133,4.169269259687732,73.03418412773556,18.392873843671765,6.404047035523804,23.7,25.55,26.69,24.78,31.93,42.25,0.0,0.0,0.0,249,36.58216436910934,12.018730359423827,249,36,876.0,903.0,1100.0,1087.0,862.8571428571429,1042.857142857143
2018-09-07,2018,9,36,828.0,1018.0,2.05,6.91,este,4.350047232838786,0.247640642790133,4.169269259687732,73.03418412773556,18.392873843671765,6.403674153058928,23.21,25.35,26.72,24.3,32.2,39.56,0.0,0.0,0.0,250,36.64414089741174,13.044027433769813,250,36,875.0,895.0,1050.0,1110.0,856.1428571428571,1038.2857142857142
2018-09-08,2018,9,36,859.0,998.0,2.08,7.28,este,4.350047232838786,0.247640642790133,4.169269259687732,73.03418412773556,18.392873843671765,6.028874220387352,22.87,24.83,27.94,23.85,30.19,42.63,0.0,0.0,0.0,251,36.7047540296665,15.702901218099116,251,36,835.0,879.0,1108.0,1069.0,859.5714285714286,1022.5714285714286
2018-09-09,2018,9,36,870.0,1057.0,2.02,7.07,este,4.350047232838786,0.247640642790133,4.169269259687732,73.03418412773556,18.392873843671765,6.071561085345326,25.18,25.64,26.35,24.77,31.58,39.14,0.0,0.0,0.0,252,36.76396193717215,7.5555979416598,252,36,887.0,927.0,1015.0,1095.0,857.1428571428571,1028.5714285714287
2018-09-10,2018,9,37,858.0,1029.0,1.95,6.99,este,4.350047232838786,0.247640642790133,4.169269259687732,73.03418412773556,18.392873843671765,6.366955632867394,24.42,25.53,26.37,25.2,29.64,41.65,0.0,0.0,0.0,253,36.82172460112562,9.769560621957734,253,37,875.0,887.0,997.0,1075.0,854.7142857142857,1033.142857142857
2018-09-11,2018,9,37,825.0,1048.0,2.0,7.39,este,4.350047232838786,0.247640642790133,4.169269259687732,73.03418412773556,18.392873843671765,6.285817540811497,22.86,25.38,26.01,24.45,32.06,42.36,0.0,0.0,0.0,254,36.87800385991513,12.435873145372677,254,37,873.0,852.0,1037.0,1033.0,847.8571428571429,1034.7142857142858
2018-09-12,2018,9,37,830.0,1005.0,1.93,7.29,este,4.350047232838786,0.247640642790133,4.169269259687732,73.03418412773556,18.392873843671765,6.297694257082545,23.34,26.75,25.69,24.76,29.58,41.16,0.0,0.0,0.0,255,36.93276345411582,10.757202312994922,255,37,820.0,888.0,1070.0,1019.0,849.2857142857143,1025.4285714285713
2018-09-13,2018,9,37,829.0,980.0,1.95,6.97,este,4.350047232838786,0.247640642790133,4.169269259687732,73.03418412773556,18.392873843671765,6.076964833294549,23.7,24.37,25.8,24.15,30.84,39.12,0.0,0.0,0.0,256,36.98596906910211,10.1835746299621,256,37,875.0,876.0,1023.0,1100.0,842.7142857142857,1019.2857142857143
2018-09-14,2018,9,37,841.0,1054.0,1.91,7.21,este,4.350047232838786,0.247640642790133,4.169269259687732,73.03418412773556,18.392873843671765,6.117635252019349,24.22,25.07,27.23,24.22,32.15,41.41,0.0,0.0,0.0,257,37.03758837519439,12.208984700536655,257,37,828.0,875.0,1018.0,1050.0,844.5714285714286,1024.4285714285713
2018-09-15,2018,9,37,832.0,987.0,2.08,6.82,este,4.350047232838786,0.247640642790133,4.169269259687732,73.03418412773556,18.392873843671765,6.546452318051025,23.98,25.99,25.91,24.38,31.39,42.76,0.0,0.0,0.0,258,37.087591065261456,9.789508349977512,258,37,859.0,835.0,998.0,1108.0,840.7142857142857,1022.8571428571429
2018-09-16,2018,9,37,885.0,997.0,2.08,7.2,este,4.350047232838786,0.247640642790133,4.169269259687732,73.03418412773556,18.392873843671765,6.502747729137174,25.09,26.05,28.19,24.08,31.23,42.13,0.0,0.0,0.0,259,37.1359488897041,12.423071170614042,259,37,870.0,887.0,1057.0,1015.0,842.8571428571429,1014.2857142857143
2018-09-17,2018,9,38,847.0,1000.0,2.01,7.1,este,4.350047232838786,0.247640642790133,4.169269259687732,73.03418412773556,18.392873843671765,6.271157167926661,24.16,26.11,29.32,26.13,32.32,41.12,0.0,0.0,0.0,260,37.18263568874978,16.04791529000861,260,38,858.0,875.0,1029.0,997.0,841.2857142857143,1010.1428571428571
2018-09-18,2018,9,38,811.0,1018.0,2.05,6.88,este,4.350047232838786,0.247640642790133,4.169269259687732,73.03418412773556,18.392873843671765,6.370908819797566,25.01,24.52,27.13,24.0,32.14,42.5,0.0,0.0,0.0,261,37.22762742199263,10.29880630487336,261,38,825.0,873.0,1048.0,1037.0,839.2857142857143,1005.8571428571429
2018-09-19,2018,9,38,849.0,993.0,1.9,7.07,este,4.350047232838786,0.247640642790133,4.169269259687732,73.03418412773556,18.392873843671765,6.331395241183102,23.81,24.42,27.71,24.73,30.69,39.86,0.0,0.0,0.0,262,37.27090219511763,13.984785517846513,262,38,830.0,820.0,1005.0,1070.0,842.0,1004.1428571428571
2018-09-20,2018,9,38,800.0,1016.0,2.08,7.1,este,4.350047232838786,0.247640642790133,4.169269259687732,73.03418412773556,18.392873843671765,6.012915364276094,24.91,26.76,29.1,23.94,29.69,39.03,0.0,0.0,0.0,263,37.31244028375322,14.51156548078145,263,38,829.0,875.0,980.0,1023.0,837.8571428571429,1009.2857142857143
2018-09-21,2018,9,38,828.0,988.0,2.05,6.9,este,4.350047232838786,0.247640642790133,4.169269259687732,73.03418412773556,18.392873843671765,6.310809701734483,23.12,26.69,29.38,26.05,30.22,39.2,0.0,0.0,0.0,264,37.3522241544009,17.75649464551852,264,38,841.0,828.0,1054.0,1018.0,836.0,999.8571428571429
2018-09-22,2018,9,38,827.0,1023.0,1.9,6.78,este,4.350047232838786,0.247640642790133,4.169269259687732,73.03418412773556,18.392873843671765,6.200513810644554,23.53,25.81,29.18,24.73,32.16,40.46,0.0,0.0,0.0,265,37.390238482396256,16.886360633407456,265,38,832.0,859.0,987.0,998.0,835.2857142857143,1005.0
2018-09-23,2018,9,38,838.0,962.0,2.05,6.97,este,4.350047232838786,0.247640642790133,4.169269259687732,73.03418412773556,18.392873843671765,6.220208638263289,23.12,25.58,26.82,26.08,30.67,41.43,0.0,0.0,0.0,266,37.4264701668608,13.678338026912796,266,38,885.0,870.0,997.0,1057.0,828.5714285714286,1000.0
2018-09-24,2018,9,39,823.0,993.0,1.99,7.32,este,4.350047232838786,0.247640642790133,4.169269259687732,73.03418412773556,18.392873843671765,6.277489131959389,24.85,24.62,29.29,24.56,30.49,40.58,0.0,0.0,0.0,267,37.46090834260974,14.997656063473372,267,39,847.0,858.0,1000.0,1029.0,825.1428571428571,999.0
2018-09-25,2018,9,39,836.0,999.0,2.03,7.3,este,4.350047232838786,0.247640642790133,4.169269259687732,73.03418412773556,18.392873843671765,6.1644737116393,24.63,26.66,29.24,26.09,31.98,40.21,0.0,0.0,0.0,268,37.49354438898603,15.295390220342176,268,39,811.0,825.0,1018.0,1048.0,828.7142857142857,996.2857142857143
2018-09-26,2018,9,39,793.0,936.0,2.08,6.97,este,4.350047232838786,0.247640642790133,4.169269259687732,73.03418412773556,18.392873843671765,6.39155641814272,25.04,24.93,27.17,25.35,30.56,42.6,0.0,0.0,0.0,269,37.52437193559734,10.405353394626266,269,39,849.0,830.0,993.0,1005.0,820.7142857142857,988.1428571428571
2018-09-27,2018,9,39,792.0,1007.0,1.94,7.06,este,4.350047232838786,0.247640642790133,4.169269259687732,73.03418412773556,18.392873843671765,6.19126926028967,24.38,26.43,27.99,26.14,30.34,40.41,0.0,0.0,0.0,270,37.553386864937465,13.556772658242425,270,39,800.0,829.0,1016.0,980.0,819.5714285714286,986.8571428571429
2018-09-28,2018,9,39,817.0,934.0,1.94,7.36,este,4.350047232838786,0.247640642790133,4.169269259687732,73.03418412773556,18.392873843671765,6.188055993396529,24.53,25.43,29.32,24.8,32.13,39.47,0.0,0.0,0.0,271,37.58058731188056,15.627334946949777,271,39,828.0,841.0,988.0,1054.0,818.0,979.1428571428571
2018-09-29,2018,9,39,821.0,1016.0,1.9,7.37,este,4.350047232838786,0.247640642790133,4.169269259687732,73.03418412773556,18.392873843671765,6.123740465207967,23.27,24.75,28.52,24.7,32.31,41.18,0.0,0.0,0.0,272,37.60597366004136,16.371560983567228,272,39,827.0,832.0,1023.0,987.0,817.1428571428571,978.1428571428571
2018-09-30,2018,9,39,818.0,1015.0,2.04,7.39,este,4.350047232838786,0.247640642790133,4.169269259687732,73.03418412773556,18.392873843671765,6.089171239294016,23.6,26.9,27.03,24.88,30.27,41.97,0.0,0.0,0.0,273,37.62954853500125,13.24127084037601,273,39,838.0,885.0,962.0,997.0,814.2857142857143,985.7142857142857
2018-10-01,2018,10,40,798.0,951.0,4.99,8.52,este,4.350047232838786,0.247640642790133,4.169269259687732,73.03418412773556,18.392873843671765,6.027452234953138,25.95,25.98,29.32,28.82,37.25,38.33,0.0,0.0,0.0,274,37.6513167944056,13.132539657160724,274,40,823.0,847.0,993.0,1000.0,810.7142857142857,979.7142857142857
2018-10-02,2018,10,40,814.0,949.0,5.07,8.49,este,4.350047232838786,0.247640642790133,4.169269259687732,73.03418412773556,18.392873843671765,6.078605499123689,24.58,26.93,27.45,29.63,37.34,38.65,0.0,0.0,0.0,275,37.67128551494343,12.125648923812667,275,40,836.0,811.0,999.0,1018.0,807.5714285714286,972.5714285714286
2018-10-03,2018,10,40,800.0,1006.0,4.94,8.82,este,4.350047232838786,0.247640642790133,4.169269259687732,73.03418412773556,18.392873843671765,6.141289701618248,25.17,26.98,27.84,29.69,36.52,37.57,0.0,0.0,0.0,276,37.689463976226754,11.701167400569982,276,40,793.0,849.0,936.0,993.0,808.5714285714286,982.5714285714286
2018-10-04,2018,10,40,802.0,1013.0,4.86,8.77,este,4.350047232838786,0.247640642790133,4.169269259687732,73.03418412773556,18.392873843671765,6.419774534354684,23.75,26.49,27.05,28.14,38.72,39.71,0.0,0.0,0.0,277,37.705863641592536,13.014259540286211,277,40,792.0,800.0,1007.0,1016.0,810.0,983.4285714285714
2018-10-05,2018,10,40,796.0,978.0,5.18,8.34,este,4.350047232838786,0.247640642790133,4.169269259687732,73.03418412773556,18.392873843671765,6.542502388461602,24.84,27.17,26.6,28.84,36.54,37.39,0.0,0.0,0.0,278,37.720498135855664,9.507960180866954,278,40,817.0,828.0,934.0,988.0,807.0,989.7142857142857
2018-10-06,2018,10,40,811.0,975.0,5.14,8.81,este,4.350047232838786,0.247640642790133,4.169269259687732,73.03418412773556,18.392873843671765,6.404533822095825,24.77,25.36,27.47,27.83,35.81,39.59,0.0,0.0,0.0,279,37.73338322004756,11.780432341545971,279,40,821.0,827.0,1016.0,1023.0,805.5714285714286,983.8571428571429
2018-10-07,2018,10,40,779.0,928.0,4.76,8.26,este,4.350047232838786,0.247640642790133,4.169269259687732,73.03418412773556,18.392873843671765,6.151378660215101,24.33,27.43,28.72,29.09,38.76,40.8,0.0,0.0,0.0,280,37.74453676317992,15.02588154286999,280,40,818.0,838.0,1015.0,962.0,800.0,971.4285714285714
2018-10-08,2018,10,41,817.0,941.0,5.23,8.84,este,4.350047232838786,0.247640642790133,4.169269259687732,73.03418412773556,18.392873843671765,6.177001577647501,25.92,27.45,27.69,28.43,36.8,39.93,0.0,0.0,0.0,281,37.75397871107917,9.543396343309148,281,41,798.0,823.0,951.0,993.0,802.7142857142857,970.0
2018-10-09,2018,10,41,774.0,940.0,4.83,8.77,este,4.350047232838786,0.247640642790133,4.169269259687732,73.03418412773556,18.392873843671765,6.485987311968738,24.68,27.62,27.25,29.47,35.63,39.64,0.0,0.0,0.0,282,37.76173105234202,11.501965414849929,282,41,814.0,836.0,949.0,999.0,797.0,968.7142857142857
2018-10-10,2018,10,41,759.0,1012.0,5.07,8.97,este,4.350047232838786,0.247640642790133,4.169269259687732,73.03418412773556,18.392873843671765,6.117719841693487,24.81,25.52,27.89,29.82,37.25,40.49,0.0,0.0,0.0,283,37.7678177814679,12.593627728832042,283,41,800.0,793.0,1006.0,936.0,791.1428571428571,969.5714285714286
2018-10-11,2018,10,41,763.0,948.0,4.79,8.22,este,4.350047232838786,0.247640642790133,4.169269259687732,73.03418412773556,18.392873843671765,6.264920909719385,25.68,25.17,28.45,27.6,38.17,37.42,0.0,0.0,0.0,284,37.77226485922906,11.944459762902516,284,41,802.0,792.0,1013.0,1007.0,785.5714285714286,960.2857142857143
2018-10-12,2018,10,41,769.0,959.0,5.11,8.55,este,4.350047232838786,0.247640642790133,4.169269259687732,73.03418412773556,18.392873843671765,6.567037290672447,25.72,27.36,27.0,28.06,35.32,37.13,0.0,0.0,0.0,285,37.77510017034398,8.120152965097208,285,41,796.0,817.0,978.0,934.0,781.7142857142857,957.5714285714286
2018-10-13,2018,10,41,837.0,933.0,5.01,8.23,este,4.350047232838786,0.247640642790133,4.169269259687732,73.03418412773556,18.392873843671765,6.531874505863866,25.54,25.86,26.67,30.21,34.88,38.9,0.0,0.0,0.0,286,37.776353478524165,7.629794769252243,286,41,811.0,821.0,975.0,1016.0,785.4285714285714,951.5714285714286
2018-10-14,2018,10,41,781.0,967.0,5.14,8.5,este,4.350047232838786,0.247640642790133,4.169269259687732,73.03418412773556,18.392873843671765,6.419072827727851,24.19,26.48,27.07,28.49,36.61,37.82,0.0,0.0,0.0,287,37.77605637896929,12.180537768216858,287,41,779.0,818.0,928.0,1015.0,785.7142857142857,957.1428571428571
2018-10-15,2018,10,42,753.0,987.0,5.12,8.7,este,4.350047232838786,0.247640642790133,4.169269259687732,73.03418412773556,18.392873843671765,6.304761652943856,25.13,25.1,27.3,28.53,35.62,38.66,0.0,0.0,0.0,288,37.77424224838939,10.57253737323817,288,42,817.0,798.0,941.0,951.0,776.5714285714286,963.7142857142857
2018-10-16,2018,10,42,792.0,936.0,4.9,8.15,este,4.350047232838786,0.247640642790133,4.169269259687732,73.03418412773556,18.392873843671765,6.074839079846931,24.85,27.61,27.01,29.3,37.43,38.28,0.0,0.0,0.0,289,37.77094619263745,10.547228161245208,289,42,774.0,814.0,940.0,949.0,779.1428571428571,963.1428571428571
2018-10-17,2018,10,42,771.0,961.0,5.16,8.18,este,4.350047232838786,0.247640642790133,4.169269259687732,73.03418412773556,18.392873843671765,6.104777988617545,24.12,27.64,27.68,28.29,37.9,38.89,0.0,0.0,0.0,290,37.76620499203883,13.538855282322496,290,42,759.0,800.0,1012.0,1006.0,780.8571428571429,955.8571428571429
2018-10-18,2018,10,42,747.0,905.0,4.88,8.45,este,4.350047232838786,0.247640642790133,4.169269259687732,73.03418412773556,18.392873843671765,6.474666685339898,24.82,26.62,27.01,29.87,37.13,37.2,0.0,0.0,0.0,291,37.7600570445083,10.61715848167152,291,42,763.0,802.0,948.0,1013.0,778.5714285714286,949.7142857142857
2018-10-19,2018,10,42,785.0,918.0,4.81,8.78,este,4.350047232838786,0.247640642790133,4.169269259687732,73.03418412773556,18.392873843671765,6.332785335081405,24.0,26.01,27.09,27.68,35.63,40.29,0.0,0.0,0.0,292,37.75254230654842,12.608953513707688,292,42,769.0,796.0,959.0,978.0,780.8571428571429,943.8571428571429
2018-10-20,2018,10,42,786.0,969.0,4.78,8.74,este,4.350047232838786,0.247640642790133,4.169269259687732,73.03418412773556,18.392873843671765,6.18874198618673,23.93,25.15,28.92,28.41,35.01,39.83,0.0,0.0,0.0,293,37.74370223222586,16.019478395883453,293,42,837.0,811.0,933.0,975.0,773.5714285714286,949.0
2018-10-21,2018,10,42,766.0,924.0,4.79,8.33,este,4.350047232838786,0.247640642790133,4.169269259687732,73.03418412773556,18.392873843671765,6.034327597088844,23.76,25.79,27.06,28.39,36.7,39.01,0.0,0.0,0.0,294,37.73357971022576,13.023825800697525,294,42,781.0,779.0,967.0,928.0,771.4285714285714,942.8571428571429
2018-10-22,2018,10,43,747.0,922.0,5.01,8.47,este,4.350047232838786,0.247640642790133,4.169269259687732,73.03418412773556,18.392873843671765,6.354493834349374,25.15,27.52,27.89,29.87,35.41,39.52,0.0,0.6,4.09,295,37.722218999086536,11.863862767073591,295,43,753.0,817.0,987.0,941.0,770.5714285714286,933.5714285714286
2018-10-23,2018,10,43,761.0,962.0,4.85,8.37,este,4.350047232838786,0.247640642790133,4.169269259687732,73.03418412773556,18.392873843671765,6.582674829858492,24.67,25.19,29.3,27.87,38.04,37.34,0.0,0.6,4.05,296,37.70966566071922,15.416890165304595,296,43,792.0,774.0,936.0,940.0,766.1428571428571,937.2857142857143
2018-10-24,2018,10,43,729.0,910.0,5.22,8.69,este,4.350047232838786,0.247640642790133,4.169269259687732,73.03418412773556,18.392873843671765,6.2781621351966015,25.84,25.72,28.49,27.97,37.05,39.02,0.0,0.58,3.93,297,37.69596649231899,11.659271638775886,297,43,771.0,759.0,961.0,1012.0,760.1428571428571,930.0
2018-10-25,2018,10,43,750.0,910.0,5.11,8.98,este,4.350047232838786,0.247640642790133,4.169269259687732,73.03418412773556,18.392873843671765,6.607349269583326,24.37,26.6,28.82,28.15,35.59,37.11,0.0,0.55,3.85,298,37.681169456776864,15.102817669354115,298,43,747.0,763.0,905.0,948.0,760.5714285714286,930.7142857142857
2018-10-26,2018,10,43,793.0,936.0,5.06,8.41,este,4.350047232838786,0.247640642790133,4.169269259687732,73.03418412773556,18.392873843671765,6.173156129358554,24.52,27.26,28.77,27.88,36.08,38.52,0.0,0.58,3.89,299,37.665323611702064,14.753320229041256,299,43,785.0,769.0,918.0,959.0,761.7142857142857,933.2857142857143
2018-10-27,2018,10,43,782.0,902.0,5.06,8.84,este,4.350047232838786,0.247640642790133,4.169269259687732,73.03418412773556,18.392873843671765,6.361129828479867,24.62,27.0,28.74,29.51,35.33,37.66,0.0,0.57,4.15,300,37.648479037166446,14.51943259087629,300,43,786.0,837.0,969.0,933.0,761.1428571428571,923.7142857142857
2018-10-28,2018,10,43,738.0,958.0,4.91,8.79,este,4.350047232838786,0.247640642790133,4.169269259687732,73.03418412773556,18.392873843671765,6.2814652849164245,25.93,25.17,28.09,28.47,35.29,40.87,0.0,0.57,3.86,301,37.63068676228361,10.508061861143448,301,43,766.0,781.0,924.0,967.0,757.1428571428571,928.5714285714286
2018-10-29,2018,10,44,851.0,1085.0,7.77,9.19,oeste,4.350047232838786,0.247640642790133,4.169269259687732,73.03418412773556,18.392873843671765,6.238271986451158,23.08,26.88,27.99,42.42,47.83,55.4,0.0,0.0,0.0,302,37.611998690736144,15.83509814082112,302,44,747.0,753.0,922.0,987.0,772.0,951.8571428571429
2018-10-30,2018,10,44,881.0,1051.0,8.22,8.66,oeste,4.350047232838786,0.247640642790133,4.169269259687732,73.03418412773556,18.392873843671765,6.467362607233133,23.3,26.59,28.31,42.07,51.01,51.87,0.0,0.0,0.0,303,37.59246752536474,15.987232729225475,303,44,761.0,792.0,962.0,936.0,789.1428571428571,964.5714285714286
2018-10-31,2018,10,44,884.0,1109.0,7.7,8.77,oeste,4.350047232838786,0.247640642790133,4.169269259687732,73.03418412773556,18.392873843671765,6.119205560306276,22.07,26.24,28.68,40.71,50.1,54.6,0.0,0.0,0.0,304,37.57214669193354,18.353561016602008,304,44,729.0,771.0,910.0,961.0,811.2857142857143,993.0
2018-11-01,2018,11,44,854.0,1047.0,8.39,9.05,oeste,4.350047232838786,0.247640642790133,4.169269259687732,73.03418412773556,18.392873843671765,6.418219549674393,22.57,25.67,27.11,43.74,47.63,50.51,0.0,0.0,0.0,305,37.55109026218615,15.202117265560888,305,44,750.0,747.0,910.0,905.0,826.1428571428571,1012.5714285714286
2018-11-02,2018,11,44,913.0,1121.0,7.8,8.78,oeste,4.350047232838786,0.247640642790133,4.169269259687732,73.03418412773556,18.392873843671765,6.508136416878559,22.41,27.67,28.12,43.85,51.16,50.77,0.0,0.0,0.0,306,37.529352876306135,17.03894617286015,306,44,793.0,785.0,936.0,918.0,843.2857142857143,1039.0
2018-11-03,2018,11,44,886.0,1113.0,8.26,9.39,oeste,4.350047232838786,0.247640642790133,4.169269259687732,73.03418412773556,18.392873843671765,6.600074938106951,22.71,26.97,27.06,40.78,52.46,52.82,0.0,0.0,0.0,307,37.506989664896246,14.863135539785462,307,44,782.0,786.0,902.0,969.0,858.1428571428571,1069.142857142857
2018-11-04,2018,11,44,931.0,1074.0,8.2,9.35,oeste,4.350047232838786,0.247640642790133,4.169269259687732,73.03418412773556,18.392873843671765,6.009448749293925,23.68,25.93,26.62,43.01,51.78,51.56,0.0,0.0,0.0,308,37.48405617058897,12.211635877332906,308,44,738.0,766.0,958.0,924.0,885.7142857142857,1085.7142857142858
2018-11-05,2018,11,45,850.0,1057.0,8.38,9.39,oeste,4.350047232838786,0.247640642790133,4.169269259687732,73.03418412773556,18.392873843671765,6.080346502934741,23.31,27.98,27.04,43.94,47.79,54.54,0.0,0.0,0.0,309,37.46060826940131,13.746205807046309,309,45,851.0,747.0,1085.0,922.0,885.5714285714286,1081.7142857142858
2018-11-06,2018,11,45,903.0,1092.0,7.95,9.17,oeste,4.350047232838786,0.247640642790133,4.169269259687732,73.03418412773556,18.392873843671765,6.043766630316738,23.91,26.15,28.21,40.24,52.06,51.99,0.0,0.0,0.0,310,37.43670209194459,14.749775570440596,310,45,881.0,761.0,1051.0,962.0,888.7142857142857,1087.5714285714287
2018-11-07,2018,11,45,832.0,1092.0,7.73,9.34,oeste,4.350047232838786,0.247640642790133,4.169269259687732,73.03418412773556,18.392873843671765,6.018389293936002,22.84,27.65,27.07,41.36,49.22,52.61,0.0,0.0,0.0,311,37.41239394460002,14.61972768752386,311,45,884.0,729.0,1109.0,910.0,881.2857142857143,1085.142857142857
2018-11-08,2018,11,45,909.0,1040.0,8.35,9.05,oeste,4.350047232838786,0.247640642790133,4.169269259687732,73.03418412773556,18.392873843671765,6.425450462468966,22.54,25.59,27.66,40.16,51.47,54.18,0.0,0.0,0.0,312,37.38774023076799,16.073771787453623,312,45,854.0,750.0,1047.0,910.0,889.1428571428571,1084.142857142857
2018-11-09,2018,11,45,837.0,1077.0,8.17,9.2,oeste,4.350047232838786,0.247640642790133,4.169269259687732,73.03418412773556,18.392873843671765,6.060763897485812,22.13,26.76,28.91,40.06,48.36,52.3,0.0,0.0,0.0,313,37.36279737229912,18.484505319472365,313,45,913.0,793.0,1121.0,936.0,878.2857142857143,1077.857142857143
2018-11-10,2018,11,45,902.0,1079.0,7.78,8.71,oeste,4.350047232838786,0.247640642790133,4.169269259687732,73.03418412773556,18.392873843671765,6.562244315844375,23.53,25.56,27.11,40.33,51.8,50.61,0.0,0.0,0.0,314,37.337621731211776,13.422758169513138,314,45,886.0,782.0,1113.0,902.0,880.5714285714286,1073.0
2018-11-11,2018,11,45,867.0,1063.0,8.0,9.1,oeste,4.350047232838786,0.247640642790133,4.169269259687732,73.03418412773556,18.392873843671765,6.327116619168075,22.36,26.57,26.87,40.36,48.44,51.81,0.0,0.0,0.0,315,37.31226953180009,15.055442961253044,315,45,931.0,738.0,1074.0,958.0,871.4285714285714,1071.4285714285713
2018-11-12,2018,11,46,836.0,1071.0,8.03,9.12,oeste,4.350047232838786,0.247640642790133,4.169269259687732,73.03418412773556,18.392873843671765,6.205411898892489,22.08,26.99,27.47,44.04,47.78,54.9,0.0,0.0,0.0,316,37.28679678323379,16.447619837040882,316,46,850.0,851.0,1057.0,1085.0,869.4285714285714,1073.4285714285713
2018-11-13,2018,11,46,889.0,1126.0,8.19,9.37,oeste,4.350047232838786,0.247640642790133,4.169269259687732,73.03418412773556,18.392873843671765,6.435728446290802,22.72,27.49,26.66,42.65,51.07,52.45,0.0,0.0,0.0,317,37.26125920274963,14.052682663588609,317,46,903.0,881.0,1092.0,1051.0,867.4285714285714,1078.2857142857142
2018-11-14,2018,11,46,883.0,1044.0,8.39,8.61,oeste,4.350047232838786,0.247640642790133,4.169269259687732,73.03418412773556,18.392873843671765,5.991905433224295,23.03,26.71,29.31,41.07,47.44,53.08,0.0,0.0,0.0,318,37.23571213953113,17.729361161548905,318,46,832.0,884.0,1092.0,1109.0,874.7142857142857,1071.4285714285713
2018-11-15,2018,11,46,856.0,1042.0,8.35,9.2,oeste,4.350047232838786,0.247640642790133,4.169269259687732,73.03418412773556,18.392873843671765,6.268926831869257,22.16,26.26,28.68,42.73,47.13,51.35,0.0,0.0,0.0,319,37.21021049937182,18.052590284596512,319,46,909.0,854.0,1040.0,1047.0,867.1428571428571,1071.7142857142858
2018-11-16,2018,11,46,838.0,1063.0,7.66,9.09,oeste,4.350047232838786,0.247640642790133,4.169269259687732,73.03418412773556,18.392873843671765,6.534122538401391,22.83,25.56,29.18,43.13,50.21,52.69,0.0,0.0,0.0,320,37.184808670214245,17.803525659163228,320,46,837.0,913.0,1077.0,1121.0,867.2857142857143,1069.7142857142858
2018-11-17,2018,11,46,827.0,1034.0,8.0,9.08,oeste,4.350047232838786,0.247640642790133,4.169269259687732,73.03418412773556,18.392873843671765,6.141976303305918,22.88,25.75,28.33,40.7,49.22,51.02,0.0,0.0,0.0,321,37.15956044865456,16.482474794501666,321,46,902.0,886.0,1079.0,1113.0,856.5714285714286,1063.2857142857142
2018-11-18,2018,11,46,871.0,1020.0,7.62,8.69,oeste,4.350047232838786,0.247640642790133,4.169269259687732,73.03418412773556,18.392873843671765,6.3298985297113655,22.13,26.41,28.57,40.54,49.39,53.37,0.0,0.0,0.0,322,37.1345189675,17.905000487163857,322,46,867.0,931.0,1063.0,1074.0,857.1428571428571,1057.142857142857
2018-11-19,2018,11,47,799.0,1025.0,7.78,9.25,oeste,4.350047232838786,0.247640642790133,4.169269259687732,73.03418412773556,18.392873843671765,6.079226212591233,21.9,27.33,26.61,40.18,50.99,52.26,0.0,0.27,2.03,323,37.10973662446371,15.302131387699662,323,47,836.0,850.0,1071.0,1057.0,851.8571428571429,1050.5714285714287
2018-11-20,2018,11,47,868.0,1022.0,7.68,8.81,oeste,4.350047232838786,0.247640642790133,4.169269259687732,73.03418412773556,18.392873843671765,6.066492996666273,23.06,27.93,28.96,43.88,51.17,52.26,0.0,0.3,2.04,324,37.08526501207903,17.115161187894966,324,47,889.0,903.0,1126.0,1092.0,848.8571428571429,1035.7142857142858
2018-11-21,2018,11,47,850.0,1053.0,8.27,8.79,oeste,4.350047232838786,0.247640642790133,4.169269259687732,73.03418412773556,18.392873843671765,6.208969697050478,23.65,25.63,28.97,41.04,49.94,55.36,0.0,0.28,2.01,325,37.06115484891205,16.241583348782882,325,47,883.0,832.0,1044.0,1092.0,844.1428571428571,1037.0
2018-11-22,2018,11,47,877.0,1067.0,7.96,9.3,oeste,4.350047232838786,0.247640642790133,4.169269259687732,73.03418412773556,18.392873843671765,6.102898966780392,23.84,26.11,29.12,43.73,51.88,54.26,0.0,0.28,1.96,326,37.037455912149134,16.17006291743556,326,47,856.0,909.0,1042.0,1040.0,847.1428571428571,1040.5714285714287
2018-11-23,2018,11,47,834.0,1048.0,7.81,8.69,oeste,4.350047232838786,0.247640642790133,4.169269259687732,73.03418412773556,18.392873843671765,6.473088085014243,22.38,26.91,29.23,41.54,50.64,50.72,0.0,0.27,1.99,327,37.0142169716326,18.40634055496206,327,47,838.0,837.0,1063.0,1077.0,846.5714285714286,1038.4285714285713
2018-11-24,2018,11,47,804.0,1064.0,8.26,8.7,oeste,4.350047232838786,0.247640642790133,4.169269259687732,73.03418412773556,18.392873843671765,6.607275397278496,22.72,27.44,26.64,43.27,50.16,51.69,0.0,0.29,1.92,328,36.99148572541555,13.915486974186772,328,47,827.0,902.0,1034.0,1079.0,843.2857142857143,1042.7142857142858
2018-11-25,2018,11,47,868.0,1021.0,8.28,9.3,oeste,4.350047232838786,0.247640642790133,4.169269259687732,73.03418412773556,18.392873843671765,6.362226140336479,22.99,27.12,27.72,43.44,49.07,52.09,0.0,0.28,2.05,329,36.96930873690382,15.27655758255426,329,47,871.0,867.0,1020.0,1063.0,842.8571428571429,1042.857142857143
2018-11-26,2018,11,48,865.0,996.0,7.62,8.8,oeste,4.350047232838786,0.247640642790133,4.169269259687732,73.03418412773556,18.392873843671765,6.039174278148325,23.44,28.02,28.21,43.68,51.8,60.22,0.0,0.0,0.0,330,36.94773137364985,15.332062039907935,330,48,799.0,836.0,1025.0,1071.0,852.2857142857143,1038.7142857142858
2018-11-27,2018,11,48,798.0,1021.0,8.05,8.61,oeste,4.350047232838786,0.247640642790133,4.169269259687732,73.03418412773556,18.392873843671765,6.009570740689362,22.65,27.09,28.08,41.72,50.2,57.11,0.0,0.0,0.0,331,36.926797747861336,16.34914943804905,331,48,868.0,889.0,1022.0,1126.0,842.2857142857143,1038.5714285714287
2018-11-28,2018,11,48,845.0,1010.0,7.91,9.36,oeste,4.350047232838786,0.247640642790133,4.169269259687732,73.03418412773556,18.392873843671765,6.256096256361356,21.87,25.5,29.29,42.9,52.24,59.04,0.0,0.0,0.0,332,36.90655065868384,19.10112782396487,332,48,850.0,883.0,1053.0,1044.0,841.5714285714286,1032.4285714285713
2018-11-29,2018,11,48,842.0,1032.0,8.27,9.42,oeste,4.350047232838786,0.247640642790133,4.169269259687732,73.03418412773556,18.392873843671765,6.23146832415333,22.13,27.26,29.25,40.76,50.82,60.06,0.0,0.0,0.0,333,36.88703153631436,18.701106557052924,333,48,877.0,856.0,1067.0,1042.0,836.5714285714286,1027.4285714285713
2018-11-30,2018,11,48,791.0,1008.0,8.28,9.38,oeste,4.350047232838786,0.247640642790133,4.169269259687732,73.03418412773556,18.392873843671765,6.416946251500651,21.89,25.6,27.82,43.69,51.05,56.71,0.0,0.0,0.0,334,36.86828038800015,17.058224639557427,334,48,834.0,838.0,1048.0,1063.0,830.4285714285714,1021.7142857142857
2018-12-01,2018,12,48,865.0,1062.0,7.97,9.39,oeste,4.350047232838786,0.247640642790133,4.169269259687732,73.03418412773556,18.392873843671765,6.007512900287457,22.95,26.77,26.61,40.69,51.1,57.33,0.0,0.0,0.0,335,36.85033574597404,13.39478023854188,335,48,804.0,827.0,1064.0,1034.0,839.1428571428571,1021.4285714285714
2018-12-02,2018,12,48,794.0,1071.0,7.95,8.81,oeste,4.350047232838786,0.247640642790133,4.169269259687732,73.03418412773556,18.392873843671765,6.277763447641426,24.12,26.49,27.49,42.28,52.88,60.52,0.0,0.0,0.0,336,36.833234617375474,12.847197800690488,336,48,868.0,871.0,1021.0,1020.0,828.5714285714286,1028.5714285714287
2018-12-03,2018,12,49,1065.0,1431.0,10.3,9.19,oeste,4.350047232838786,0.247640642790133,4.169269259687732,73.03418412773556,18.392873843671765,6.170192972570802,26.11,28.96,28.06,45.16,60.75,64.91,0.0,4.95,32.59,337,36.817012436203264,9.768310387717804,337,49,865.0,799.0,996.0,1025.0,857.1428571428571,1090.7142857142858
2018-12-04,2018,12,49,1060.0,1340.0,9.66,9.54,oeste,4.350047232838786,0.247640642790133,4.169269259687732,73.03418412773556,18.392873843671765,6.595413604861969,25.87,27.24,30.08,46.29,58.57,60.93,0.0,4.66,35.29,338,36.8017030173441,14.34704845934933,338,49,798.0,868.0,1021.0,1022.0,894.5714285714286,1136.2857142857142
2018-12-05,2018,12,49,1108.0,1396.0,9.73,9.7,oeste,4.350047232838786,0.247640642790133,4.169269259687732,73.03418412773556,18.392873843671765,6.169665653495168,26.34,28.3,27.85,46.21,56.04,62.7,0.0,5.08,34.24,339,36.78733851271808,8.588957292379026,339,49,845.0,850.0,1010.0,1053.0,932.1428571428571,1191.4285714285713
2018-12-06,2018,12,49,1040.0,1400.0,10.09,9.18,oeste,4.350047232838786,0.247640642790133,4.169269259687732,73.03418412773556,18.392873843671765,6.2116306854480845,26.96,29.25,30.45,47.23,59.92,61.18,0.0,4.8,33.57,340,36.77394936958032,13.052887298407155,340,49,842.0,877.0,1032.0,1067.0,960.4285714285714,1244.0
2018-12-07,2018,12,49,1074.0,1305.0,9.56,9.91,oeste,4.350047232838786,0.247640642790133,4.169269259687732,73.03418412773556,18.392873843671765,6.167929743408618,27.29,26.95,29.58,44.32,57.99,61.64,0.0,4.98,33.11,341,36.761564291015,10.569764849964358,341,49,791.0,834.0,1008.0,1048.0,1000.8571428571429,1286.4285714285713
2018-12-08,2018,12,49,1061.0,1398.0,9.99,9.69,oeste,4.350047232838786,0.247640642790133,4.169269259687732,73.03418412773556,18.392873843671765,6.390444616770893,27.58,28.93,28.32,43.91,58.93,59.81,0.0,5.02,34.38,342,36.7502101986565,6.006607973459587,342,49,865.0,804.0,1062.0,1064.0,1028.857142857143,1334.4285714285713
2018-12-09,2018,12,49,1092.0,1330.0,10.3,9.18,oeste,4.350047232838786,0.247640642790133,4.169269259687732,73.03418412773556,18.392873843671765,6.06374566572875,26.63,28.67,28.43,47.65,60.99,64.52,0.0,5.08,34.03,343,36.73991219766951,9.365435292395352,343,49,794.0,868.0,1071.0,1021.0,1071.4285714285713,1371.4285714285713
2018-12-10,2018,12,50,1084.0,1362.0,10.2,9.64,oeste,4.350047232838786,0.247640642790133,4.169269259687732,73.03418412773556,18.392873843671765,6.272705051206016,26.34,27.68,29.58,46.53,60.59,63.19,0.0,2.19,16.31,344,36.730693544018,12.561897192054152,344,50,1065.0,865.0,1431.0,996.0,1074.142857142857,1361.5714285714287
2018-12-11,2018,12,50,1042.0,1275.0,9.72,9.26,oeste,4.350047232838786,0.247640642790133,4.169269259687732,73.03418412773556,18.392873843671765,6.486343526782581,27.63,29.09,29.89,46.05,55.83,59.28,0.0,2.35,16.03,345,36.722575614051024,10.489165896681538,345,50,1060.0,798.0,1340.0,1021.0,1071.5714285714287,1352.2857142857142
2018-12-12,2018,12,50,1021.0,1350.0,10.21,9.28,oeste,4.350047232838786,0.247640642790133,4.169269259687732,73.03418412773556,18.392873843671765,6.449214184391941,26.38,28.12,27.89,44.82,58.04,59.64,0.0,2.19,15.42,346,36.71557787643095,8.572202912604284,346,50,1108.0,845.0,1396.0,1010.0,1059.142857142857,1345.7142857142858
2018-12-13,2018,12,50,1042.0,1387.0,9.85,9.66,oeste,4.350047232838786,0.247640642790133,4.169269259687732,73.03418412773556,18.392873843671765,6.077063200981733,26.83,28.2,30.13,45.78,55.14,63.1,0.0,2.23,16.16,347,36.70971786642788,12.670437693870472,347,50,1040.0,842.0,1400.0,1032.0,1059.4285714285713,1343.857142857143
2018-12-14,2018,12,50,1055.0,1359.0,10.48,9.75,oeste,4.350047232838786,0.247640642790133,4.169269259687732,73.03418412773556,18.392873843671765,6.59677715717659,27.74,27.36,28.57,45.62,58.79,62.97,0.0,2.21,16.15,348,36.70501116260207,6.353572758154096,348,50,1074.0,791.0,1305.0,1008.0,1056.7142857142858,1351.5714285714287
2018-12-15,2018,12,50,1095.0,1385.0,10.47,9.47,oeste,4.350047232838786,0.247640642790133,4.169269259687732,73.03418412773556,18.392873843671765,6.400704495400046,27.34,28.18,29.75,47.64,59.48,62.04,0.0,2.37,16.25,349,36.70147136589411,10.825441008784578,349,50,1061.0,865.0,1398.0,1062.0,1061.5714285714287,1349.7142857142858
2018-12-16,2018,12,50,1061.0,1382.0,9.93,9.86,oeste,4.350047232838786,0.247640642790133,4.169269259687732,73.03418412773556,18.392873843671765,6.084403760638277,25.69,28.99,27.88,43.89,55.42,62.28,0.0,2.39,15.81,350,36.699110081140894,10.318847437346482,350,50,1092.0,794.0,1330.0,1071.0,1057.142857142857,1357.142857142857
2018-12-17,2018,12,51,1042.0,1343.0,9.85,9.76,oeste,4.350047232838786,0.247640642790133,4.169269259687732,73.03418412773556,18.392873843671765,6.371386635160685,28.27,29.18,28.2,44.89,60.34,64.35,0.0,0.0,0.0,351,36.697936901033465,0.0,351,51,1084.0,1065.0,1362.0,1431.0,1051.142857142857,1354.4285714285713
2018-12-18,2018,12,51,1074.0,1389.0,10.46,9.3,oeste,4.350047232838786,0.247640642790133,4.169269259687732,73.03418412773556,18.392873843671765,6.03165841772237,25.84,27.16,30.1,47.63,59.24,62.1,0.0,0.0,0.0,352,36.69795939253109,14.391309600687404,352,51,1042.0,1060.0,1275.0,1340.0,1055.7142857142858,1370.7142857142858
2018-12-19,2018,12,51,1018.0,1302.0,9.89,9.87,oeste,4.350047232838786,0.247640642790133,4.169269259687732,73.03418412773556,18.392873843671765,6.283659641253895,25.96,27.7,29.9,46.33,56.51,63.27,0.0,0.0,0.0,353,36.699183085744046,13.840701708729227,353,51,1021.0,1108.0,1350.0,1396.0,1055.2857142857142,1363.857142857143
2018-12-20,2018,12,51,1029.0,1290.0,10.16,9.55,oeste,4.350047232838786,0.247640642790133,4.169269259687732,73.03418412773556,18.392873843671765,6.593934629742766,26.73,27.04,29.72,44.05,58.8,62.47,0.0,0.0,0.0,354,36.70161146529589,12.057973593552816,354,51,1042.0,1040.0,1387.0,1400.0,1053.4285714285713,1350.0
2018-12-21,2018,12,51,1041.0,1375.0,10.1,9.22,oeste,4.350047232838786,0.247640642790133,4.169269259687732,73.03418412773556,18.392873843671765,6.496513117909533,28.21,27.41,30.25,47.96,56.8,59.87,0.0,0.0,0.0,355,36.70524596417429,9.960859706198052,355,51,1055.0,1074.0,1359.0,1305.0,1051.4285714285713,1352.2857142857142
2018-12-22,2018,12,51,1066.0,1343.0,9.53,9.11,oeste,4.350047232838786,0.247640642790133,4.169269259687732,73.03418412773556,18.392873843671765,6.020976974017597,26.74,27.78,28.33,46.74,56.44,63.79,0.0,0.0,0.0,356,36.71008596007762,8.795034847699908,356,51,1095.0,1061.0,1385.0,1398.0,1047.2857142857142,1346.2857142857142
2018-12-23,2018,12,51,1030.0,1358.0,9.56,9.9,oeste,4.350047232838786,0.247640642790133,4.169269259687732,73.03418412773556,18.392873843671765,5.988312123360134,27.59,28.12,30.01,45.64,58.18,60.46,0.0,0.0,0.0,357,36.71612877426296,10.852209479513547,357,51,1061.0,1092.0,1382.0,1330.0,1042.857142857143,1342.857142857143
2018-12-24,2018,12,52,1032.0,1327.0,9.99,9.1,oeste,4.350047232838786,0.247640642790133,4.169269259687732,73.03418412773556,18.392873843671765,6.397613403672287,27.72,27.82,29.11,45.46,60.16,61.85,0.0,12.65,83.31,358,36.72336967289923,8.226280718475664,358,52,1042.0,1084.0,1343.0,1362.0,1041.4285714285713,1340.5714285714287
2018-12-25,2018,12,52,996.0,1287.0,10.41,9.8,oeste,4.350047232838786,0.247640642790133,4.169269259687732,73.03418412773556,18.392873843671765,6.304769421326098,26.8,27.04,27.93,47.88,55.87,63.95,0.0,12.66,88.07,359,36.73180187092755,7.418823787196342,359,52,1074.0,1042.0,1389.0,1275.0,1030.2857142857142,1326.0
2018-12-26,2018,12,52,1003.0,1346.0,9.8,9.04,oeste,4.350047232838786,0.247640642790133,4.169269259687732,73.03418412773556,18.392873843671765,6.075450998524395,28.17,27.84,27.81,43.78,57.58,59.32,0.0,12.3,90.7,360,36.74141653842925,0.0,360,52,1018.0,1021.0,1302.0,1350.0,1028.142857142857,1332.2857142857142
2018-12-27,2018,12,52,1011.0,1312.0,10.05,9.16,oeste,4.350047232838786,0.247640642790133,4.169269259687732,73.03418412773556,18.392873843671765,6.143843273158668,25.8,27.85,28.69,44.76,57.49,61.15,0.0,11.97,85.5,361,36.75220280949984,11.870961507468447,361,52,1029.0,1042.0,1290.0,1387.0,1025.5714285714287,1335.4285714285713
2018-12-28,2018,12,52,1034.0,1330.0,10.31,9.03,oeste,4.350047232838786,0.247640642790133,4.169269259687732,73.03418412773556,18.392873843671765,6.491500592541593,27.49,27.76,28.42,46.69,56.55,61.15,0.0,13.02,84.9,362,36.76414779362595,6.736271435097922,362,52,1041.0,1055.0,1375.0,1359.0,1024.5714285714287,1329.0
2018-12-29,2018,12,52,1043.0,1391.0,10.0,9.15,oeste,4.350047232838786,0.247640642790133,4.169269259687732,73.03418412773556,18.392873843671765,6.254219612526524,26.05,27.73,28.8,47.33,58.48,62.72,0.0,11.91,84.35,363,36.77723658955991,11.587747986401506,363,52,1066.0,1095.0,1343.0,1385.0,1021.2857142857143,1335.857142857143
2018-12-30,2018,12,52,1081.0,1307.0,9.73,9.12,oeste,4.350047232838786,0.247640642790133,4.169269259687732,73.03418412773556,18.392873843671765,6.335777138072912,26.36,28.3,30.4,44.58,60.5,59.05,0.0,13.03,87.73,364,36.79145230168498,14.050481742988763,364,52,1030.0,1061.0,1358.0,1382.0,1028.5714285714287,1328.5714285714287
2018-12-31,2018,12,1,1226.0,1657.0,31.03,9.32,oeste,3.727856039997327,0.2060278855150681,3.543746440806369,82.45337056448736,14.181247710952013,6.379431063284529,26.99,27.99,29.5,72.11,74.0,83.59,0.0,24.86,67.12,365,36.80677605886264,11.079450985087869,365,1,1032.0,1042.0,1327.0,1343.0,1056.2857142857142,1375.7142857142858
2019-01-01,2019,1,1,1186.0,1612.0,28.84,9.88,oeste,3.727856039997327,0.2060278855150681,3.543746440806369,82.45337056448736,14.181247710952013,6.503769520084151,26.13,28.9,27.9,68.7,79.45,80.24,0.0,26.79,68.05,1,36.82318703575061,9.30811216468809,1,1,996.0,1074.0,1287.0,1389.0,1083.4285714285713,1422.142857142857
2019-01-02,2019,1,1,1261.0,1515.0,29.76,9.24,oeste,3.727856039997327,0.2060278855150681,3.543746440806369,82.45337056448736,14.181247710952013,6.366135213194305,26.53,29.15,30.02,71.2,77.67,83.51,0.0,25.12,69.95,2,36.8406624765791,13.076567068513707,2,1,1003.0,1018.0,1346.0,1302.0,1120.2857142857142,1446.2857142857142
2019-01-03,2019,1,1,1267.0,1623.0,31.48,9.83,oeste,3.727856039997327,0.2060278855150681,3.543746440806369,82.45337056448736,14.181247710952013,6.219680782457469,27.69,28.19,27.74,72.04,80.24,81.05,0.0,26.57,70.69,3,36.85917772137,1.5659729126148083,3,1,1011.0,1029.0,1312.0,1290.0,1156.857142857143,1490.7142857142858
2019-01-04,2019,1,1,1241.0,1533.0,28.65,9.4,oeste,3.727856039997327,0.2060278855150681,3.543746440806369,82.45337056448736,14.181247710952013,6.266078493719859,28.07,28.41,27.8,70.91,76.12,83.86,0.0,26.89,69.42,4,36.87870623458231,0.0,4,1,1034.0,1041.0,1330.0,1375.0,1186.4285714285713,1519.7142857142858
2019-01-05,2019,1,1,1214.0,1627.0,30.83,9.34,oeste,3.727856039997327,0.2060278855150681,3.543746440806369,82.45337056448736,14.181247710952013,6.566722802123512,25.69,27.74,29.62,67.35,80.39,81.83,0.0,26.1,72.27,5,36.899219636164034,13.898472039385435,5,1,1043.0,1066.0,1391.0,1343.0,1210.857142857143,1553.4285714285713
2019-01-06,2019,1,1,1205.0,1613.0,28.53,9.32,oeste,3.727856039997327,0.2060278855150681,3.543746440806369,82.45337056448736,14.181247710952013,6.759620999709313,27.54,28.18,30.21,70.83,79.84,79.45,0.0,24.9,68.73,6,36.9206877349893,11.462491162086616,6,1,1081.0,1030.0,1307.0,1358.0,1228.5714285714287,1597.142857142857
2019-01-07,2019,1,2,1159.0,1441.0,24.77,9.67,oeste,3.727856039997327,0.2060278855150681,3.543746440806369,82.45337056448736,14.181247710952013,6.544842897891715,27.06,29.7,28.29,66.7,73.88,81.46,0.0,37.05,81.49,7,36.94307856465669,7.784652668129049,7,2,1226.0,1032.0,1657.0,1327.0,1219.0,1566.2857142857142
2019-01-08,2019,1,2,1202.0,1493.0,25.52,9.25,oeste,3.727856039997327,0.2060278855150681,3.543746440806369,82.45337056448736,14.181247710952013,6.532899629312436,26.41,27.61,28.39,66.93,78.77,84.97,0.0,39.11,83.73,8,36.96635842162235,9.883092637071366,8,2,1186.0,996.0,1612.0,1287.0,1221.2857142857142,1549.2857142857142
2019-01-09,2019,1,2,1181.0,1530.0,26.21,9.3,oeste,3.727856039997327,0.2060278855150681,3.543746440806369,82.45337056448736,14.181247710952013,6.660333425690086,26.83,28.02,28.72,69.09,78.38,84.13,0.0,36.97,77.67,9,36.99049190563928,9.662168561620868,9,2,1261.0,1003.0,1515.0,1346.0,1209.857142857143,1551.4285714285713
2019-01-10,2019,1,2,1185.0,1447.0,24.19,8.93,oeste,3.727856039997327,0.2060278855150681,3.543746440806369,82.45337056448736,14.181247710952013,6.483950266769068,26.99,29.1,29.37,67.04,77.37,78.91,0.0,38.23,77.24,10,37.015441962471165,10.849882093131091,10,2,1267.0,1011.0,1623.0,1312.0,1198.142857142857,1526.2857142857142
2019-01-11,2019,1,2,1195.0,1535.0,25.25,9.54,oeste,3.727856039997327,0.2060278855150681,3.543746440806369,82.45337056448736,14.181247710952013,6.799597284052472,27.33,28.34,29.92,68.06,78.37,84.21,0.0,38.38,83.41,11,37.041169928847104,11.326303067129537,11,2,1241.0,1034.0,1533.0,1330.0,1191.5714285714287,1526.5714285714287
2019-01-12,2019,1,2,1216.0,1524.0,25.63,9.18,oeste,3.727856039997327,0.2060278855150681,3.543746440806369,82.45337056448736,14.181247710952013,6.574057672835725,27.18,28.91,29.22,73.28,74.45,82.2,0.0,36.78,81.86,12,37.06763557962014,10.059202927272294,12,2,1214.0,1043.0,1627.0,1391.0,1191.857142857143,1511.857142857143
2019-01-13,2019,1,2,1162.0,1530.0,24.55,9.38,oeste,3.727856039997327,0.2060278855150681,3.543746440806369,82.45337056448736,14.181247710952013,6.662813517278806,26.07,28.28,29.96,67.77,77.06,80.62,0.0,36.78,80.25,13,37.094797177090456,13.90085145419954,13,2,1205.0,1081.0,1613.0,1307.0,1185.7142857142858,1500.0
2019-01-14,2019,1,3,1336.0,1609.0,36.36,9.96,oeste,3.727856039997327,0.2060278855150681,3.543746440806369,82.45337056448736,14.181247710952013,6.237919773815489,26.13,29.49,28.4,70.32,80.84,83.68,0.0,65.59,123.64,14,37.12261152245078,10.626862227067129,14,3,1159.0,1226.0,1441.0,1657.0,1211.0,1524.0
2019-01-15,2019,1,3,1257.0,1579.0,36.52,9.98,oeste,3.727856039997327,0.2060278855150681,3.543746440806369,82.45337056448736,14.181247710952013,6.25925910596984,26.18,28.83,27.95,68.44,79.06,82.41,0.0,63.79,118.2,15,37.15103400930886,9.390984850307913,15,3,1202.0,1186.0,1493.0,1612.0,1218.857142857143,1536.2857142857142
2019-01-16,2019,1,3,1225.0,1691.0,33.63,9.88,oeste,3.727856039997327,0.2060278855150681,3.543746440806369,82.45337056448736,14.181247710952013,6.44538175194323,25.69,27.19,28.35,67.86,78.55,82.61,0.0,63.54,114.84,16,37.18001867923871,11.521367320826702,16,3,1181.0,1261.0,1530.0,1515.0,1225.142857142857,1559.2857142857142
2019-01-17,2019,1,3,1271.0,1615.0,35.11,9.17,oeste,3.727856039997327,0.2060278855150681,3.543746440806369,82.45337056448736,14.181247710952013,6.367607664890306,26.45,27.68,29.74,67.59,78.96,84.56,0.0,60.65,121.07,17,37.20951827930973,12.823471104694406,17,3,1185.0,1267.0,1447.0,1623.0,1237.4285714285713,1583.2857142857142
2019-01-18,2019,1,3,1221.0,1638.0,34.52,9.69,oeste,3.727856039997327,0.2060278855150681,3.543746440806369,82.45337056448736,14.181247710952013,6.458041087960111,28.2,28.12,28.01,71.39,79.37,84.19,0.0,60.93,122.29,18,37.23948432153915,0.0,18,3,1195.0,1241.0,1535.0,1533.0,1241.142857142857,1598.0
2019-01-19,2019,1,3,1228.0,1686.0,34.52,9.27,oeste,3.727856039997327,0.2060278855150681,3.543746440806369,82.45337056448736,14.181247710952013,6.744871548325903,25.73,27.84,28.43,73.18,78.47,83.29,0.0,65.35,121.64,19,37.26986714421054,11.635721761559711,19,3,1216.0,1214.0,1524.0,1627.0,1242.857142857143,1621.142857142857
2019-01-20,2019,1,3,1262.0,1622.0,36.42,9.29,oeste,3.727856039997327,0.2060278855150681,3.543746440806369,82.45337056448736,14.181247710952013,6.353004205486409,27.09,29.54,27.75,68.4,80.04,81.99,0.0,64.77,119.38,20,37.30061597499794,5.757601097251758,20,3,1162.0,1205.0,1530.0,1613.0,1257.142857142857,1634.2857142857142
2019-01-21,2019,1,4,1202.0,1484.0,15.26,9.68,oeste,3.727856039997327,0.2060278855150681,3.543746440806369,82.45337056448736,14.181247710952013,6.782036996432134,26.38,28.82,28.66,72.44,74.31,80.19,0.0,62.55,398.94,21,37.33167899583191,10.710223833149811,21,4,1336.0,1159.0,1609.0,1441.0,1238.0,1616.4285714285713
2019-01-22,2019,1,4,1182.0,1374.0,14.87,9.68,oeste,3.727856039997327,0.2060278855150681,3.543746440806369,82.45337056448736,14.181247710952013,6.761880880368221,27.68,27.9,30.21,72.25,77.22,77.05,0.0,64.37,394.66,22,37.36300340944033,11.291604056702356,22,4,1257.0,1202.0,1579.0,1493.0,1227.2857142857142,1587.142857142857
2019-01-23,2019,1,4,1091.0,1468.0,14.32,9.24,oeste,3.727856039997327,0.2060278855150681,3.543746440806369,82.45337056448736,14.181247710952013,6.450162467553677,27.17,29.17,27.76,69.43,75.91,78.46,0.0,66.6,405.32,23,37.39453550749423,5.457424670731308,23,4,1225.0,1181.0,1691.0,1530.0,1208.142857142857,1555.2857142857142
2019-01-24,2019,1,4,1125.0,1435.0,14.71,9.2,oeste,3.727856039997327,0.2060278855150681,3.543746440806369,82.45337056448736,14.181247710952013,6.820263694620129,28.15,27.38,27.8,67.99,73.78,78.24,0.0,65.37,384.91,24,37.4262207402849,0.0,24,4,1271.0,1185.0,1615.0,1447.0,1187.2857142857142,1529.5714285714287
2019-01-25,2019,1,4,1115.0,1487.0,14.45,9.38,oeste,3.727856039997327,0.2060278855150681,3.543746440806369,82.45337056448736,14.181247710952013,6.419932965389249,26.8,27.39,28.05,70.37,73.57,81.71,0.0,66.59,403.57,25,37.45800378785598,7.957071063253606,25,4,1221.0,1195.0,1638.0,1535.0,1172.142857142857,1508.0
2019-01-26,2019,1,4,1168.0,1419.0,15.41,9.75,oeste,3.727856039997327,0.2060278855150681,3.543746440806369,82.45337056448736,14.181247710952013,6.5337830420622,27.76,29.19,28.62,69.13,80.42,77.56,0.0,64.54,376.29,26,37.48982863251055,6.605660995788868,26,4,1228.0,1216.0,1686.0,1524.0,1163.5714285714287,1469.857142857143
2019-01-27,2019,1,4,1117.0,1433.0,14.45,9.24,oeste,3.727856039997327,0.2060278855150681,3.543746440806369,82.45337056448736,14.181247710952013,6.451882532095375,26.83,29.36,28.28,70.77,73.81,80.04,0.0,63.27,376.3,27,37.52163863261035,8.58458684657105,27,4,1262.0,1162.0,1622.0,1530.0,1142.857142857143,1442.857142857143
2019-01-28,2019,1,5,1104.0,1384.0,36.58,9.01,oeste,3.727856039997327,0.2060278855150681,3.543746440806369,82.45337056448736,14.181247710952013,6.178998199680281,27.65,27.98,29.82,70.77,83.53,91.76,0.0,62.37,213.79,28,37.55337659758075,10.510719843391136,28,5,1202.0,1336.0,1484.0,1609.0,1128.857142857143,1428.5714285714287
2019-01-29,2019,1,5,1107.0,1353.0,34.17,9.55,oeste,3.727856039997327,0.2060278855150681,3.543746440806369,82.45337056448736,14.181247710952013,6.574104932017515,27.98,28.71,29.15,72.86,89.28,87.69,0.0,63.42,211.2,29,37.58498486403285,7.724331636544071,29,5,1182.0,1257.0,1374.0,1579.0,1118.142857142857,1425.5714285714287
2019-01-30,2019,1,5,1059.0,1338.0,34.84,8.88,oeste,3.727856039997327,0.2060278855150681,3.543746440806369,82.45337056448736,14.181247710952013,6.657595684806162,27.93,27.97,28.9,70.26,86.61,95.56,0.0,61.8,205.37,30,37.61640537290953,7.039093923117591,30,5,1091.0,1225.0,1468.0,1691.0,1113.5714285714287,1407.0
2019-01-31,2019,1,5,1103.0,1398.0,35.77,8.97,oeste,3.727856039997327,0.2060278855150681,3.543746440806369,82.45337056448736,14.181247710952013,6.446402878813188,25.9,27.46,28.92,67.01,87.57,94.04,0.0,63.65,219.16,31,37.64757974756102,12.430658466801995,31,5,1125.0,1271.0,1435.0,1615.0,1110.4285714285713,1401.7142857142858
2019-02-01,2019,2,5,1105.0,1341.0,34.36,9.52,oeste,3.727856039997327,0.2060278855150681,3.543746440806369,82.45337056448736,14.181247710952013,6.254109255595988,26.05,28.38,27.7,70.38,89.4,91.74,0.0,62.36,212.67,32,37.67844937265135,9.195780462508148,32,5,1115.0,1221.0,1487.0,1638.0,1109.0,1380.857142857143
2019-02-02,2019,2,5,1043.0,1391.0,35.65,8.72,oeste,3.727856039997327,0.2060278855150681,3.543746440806369,82.45337056448736,14.181247710952013,6.625631521522823,27.82,28.87,27.84,69.59,84.25,90.9,0.0,64.32,219.9,33,37.70895547379505,1.0132418088253077,33,5,1168.0,1228.0,1419.0,1686.0,1091.142857142857,1376.857142857143
2019-02-03,2019,2,5,1079.0,1395.0,34.22,9.14,oeste,3.727856039997327,0.2060278855150681,3.543746440806369,82.45337056448736,14.181247710952013,6.677042077417555,27.38,28.75,28.61,68.35,81.82,92.44,0.0,59.72,216.25,34,37.73903919782025,7.952377646864588,34,5,1117.0,1262.0,1433.0,1622.0,1085.7142857142858,1371.4285714285713
2019-02-04,2019,2,6,1117.0,1456.0,24.96,8.83,oeste,3.727856039997327,0.2060278855150681,3.543746440806369,82.45337056448736,14.181247710952013,6.62004871972762,27.34,28.54,28.19,72.23,84.48,96.58,0.0,26.86,49.53,35,37.76864169355223,6.615983752520147,35,6,1104.0,1202.0,1384.0,1484.0,1087.5714285714287,1381.7142857142858
2019-02-05,2019,2,6,1113.0,1355.0,23.85,8.64,oeste,3.727856039997327,0.2060278855150681,3.543746440806369,82.45337056448736,14.181247710952013,6.5195429371782,28.16,27.64,29.67,68.67,83.19,90.97,0.0,27.54,48.91,36,37.79770419300876,8.824853337826893,36,6,1107.0,1182.0,1353.0,1374.0,1088.4285714285713,1382.0
2019-02-06,2019,2,6,1180.0,1401.0,23.79,9.35,oeste,3.727856039997327,0.2060278855150681,3.543746440806369,82.45337056448736,14.181247710952013,6.7937835251483545,27.56,28.94,28.36,72.01,89.12,89.31,0.0,27.32,50.93,37,37.8261680928962,6.428223121987763,37,6,1059.0,1091.0,1338.0,1468.0,1105.7142857142858,1391.0
2019-02-07,2019,2,6,1125.0,1458.0,25.16,8.88,oeste,3.727856039997327,0.2060278855150681,3.543746440806369,82.45337056448736,14.181247710952013,6.768382305425303,28.28,27.0,27.97,71.79,88.37,92.18,0.0,26.46,50.99,38,37.85397503629379,0.0,38,6,1103.0,1125.0,1398.0,1435.0,1108.857142857143,1399.5714285714287
2019-02-08,2019,2,6,1093.0,1433.0,25.27,9.05,oeste,3.727856039997327,0.2060278855150681,3.543746440806369,82.45337056448736,14.181247710952013,6.684357001437524,27.6,26.88,27.87,66.63,82.73,91.07,0.0,26.02,51.25,39,37.881066994410766,3.739880162716673,39,6,1105.0,1115.0,1341.0,1487.0,1107.142857142857,1412.7142857142858
2019-02-09,2019,2,6,1103.0,1373.0,24.15,8.57,oeste,3.727856039997327,0.2060278855150681,3.543746440806369,82.45337056448736,14.181247710952013,6.817116559041607,27.17,28.08,27.65,70.33,83.74,91.79,0.0,28.02,51.98,40,37.907386348299966,4.989971454442261,40,6,1043.0,1168.0,1391.0,1419.0,1115.7142857142858,1410.142857142857
2019-02-10,2019,2,6,1169.0,1424.0,25.05,8.57,oeste,3.727856039997327,0.2060278855150681,3.543746440806369,82.45337056448736,14.181247710952013,6.281656331214537,26.3,27.02,27.85,68.2,84.1,92.67,0.0,27.11,52.32,41,37.93287597040934,8.97294944859656,41,6,1079.0,1117.0,1395.0,1433.0,1128.5714285714287,1414.2857142857142
2019-02-11,2019,2,7,1127.0,1335.0,39.2,9.35,oeste,3.727856039997327,0.2060278855150681,3.543746440806369,82.45337056448736,14.181247710952013,6.70067001250057,26.46,27.85,28.91,67.57,81.37,91.89,0.0,39.57,86.24,42,37.957479305852246,11.28844202966281,42,7,1117.0,1104.0,1456.0,1384.0,1130.0,1397.0
2019-02-12,2019,2,7,1101.0,1352.0,38.66,9.05,oeste,3.727856039997327,0.2060278855150681,3.543746440806369,82.45337056448736,14.181247710952013,6.193935043449832,26.57,28.74,28.35,68.63,84.67,92.44,0.0,39.75,92.47,43,37.981140453275295,9.627900717299964,43,7,1113.0,1107.0,1355.0,1353.0,1128.2857142857142,1396.5714285714287
2019-02-13,2019,2,7,1031.0,1369.0,38.62,9.36,oeste,3.727856039997327,0.2060278855150681,3.543746440806369,82.45337056448736,14.181247710952013,6.757330014411381,28.27,28.72,28.73,66.86,82.37,93.83,0.0,38.83,87.75,44,38.00380424520246,4.8973324790961446,44,7,1180.0,1059.0,1401.0,1338.0,1107.0,1392.0
2019-02-14,2019,2,7,1067.0,1359.0,40.08,8.82,oeste,3.727856039997327,0.2060278855150681,3.543746440806369,82.45337056448736,14.181247710952013,6.356825236743012,26.26,29.26,29.49,73.18,86.29,96.09,0.0,38.55,93.77,45,38.02541632773303,12.984607905096729,45,7,1125.0,1103.0,1458.0,1398.0,1098.7142857142858,1377.857142857143
2019-02-15,2019,2,7,1052.0,1372.0,38.08,9.13,oeste,3.727856039997327,0.2060278855150681,3.543746440806369,82.45337056448736,14.181247710952013,6.612085528305022,26.41,27.22,28.22,66.94,83.29,95.61,0.0,40.93,89.93,46,38.045923239470525,9.72525540796556,46,7,1093.0,1105.0,1433.0,1341.0,1092.857142857143,1369.142857142857
2019-02-16,2019,2,7,1055.0,1362.0,41.86,8.76,oeste,3.727856039997327,0.2060278855150681,3.543746440806369,82.45337056448736,14.181247710952013,6.269708700375967,26.64,27.73,29.18,69.87,86.05,87.69,0.0,40.25,93.02,47,38.065272489559945,11.526551693029434,47,7,1103.0,1043.0,1373.0,1391.0,1086.0,1367.5714285714287
2019-02-17,2019,2,7,1067.0,1351.0,41.71,9.46,oeste,3.727856039997327,0.2060278855150681,3.543746440806369,82.45337056448736,14.181247710952013,6.30584071863633,26.02,29.03,27.98,69.32,84.5,90.87,0.0,39.36,90.18,48,38.08341263471033,10.13018776083295,48,7,1169.0,1079.0,1424.0,1395.0,1071.4285714285713,1357.142857142857
2019-02-18,2019,2,8,1072.0,1333.0,44.26,9.27,oeste,3.727856039997327,0.2060278855150681,3.543746440806369,82.45337056448736,14.181247710952013,6.436937360860009,25.9,27.52,28.56,70.14,83.88,95.25,0.0,100.4,419.81,49,38.10029335508021,11.806542609949007,49,8,1127.0,1117.0,1335.0,1456.0,1063.5714285714287,1356.857142857143
2019-02-19,2019,2,8,1053.0,1304.0,43.29,8.88,oeste,3.727856039997327,0.2060278855150681,3.543746440806369,82.45337056448736,14.181247710952013,6.705938190387279,27.24,28.38,30.3,70.3,86.93,89.81,0.0,102.22,450.78,50,38.11586552890423,12.668351364777674,50,8,1101.0,1113.0,1352.0,1355.0,1056.7142857142858,1350.0
2019-02-20,2019,2,8,1082.0,1277.0,43.16,9.05,oeste,3.727856039997327,0.2060278855150681,3.543746440806369,82.45337056448736,14.181247710952013,6.327661288777895,27.66,26.98,30.38,69.01,86.7,93.04,0.0,106.99,458.81,51,38.13008130573993,11.948290808008585,51,8,1031.0,1180.0,1369.0,1401.0,1064.0,1336.857142857143
2019-02-21,2019,2,8,1034.0,1358.0,46.7,8.76,oeste,3.727856039997327,0.2060278855150681,3.543746440806369,82.45337056448736,14.181247710952013,6.243057695066556,28.34,29.09,28.62,72.68,81.22,96.03,0.0,101.03,462.47,52,38.14289417821506,3.834831266632804,52,8,1067.0,1125.0,1359.0,1458.0,1059.2857142857142,1336.7142857142858
2019-02-22,2019,2,8,999.0,1345.0,45.43,9.51,oeste,3.727856039997327,0.2060278855150681,3.543746440806369,82.45337056448736,14.181247710952013,6.472170349014,28.14,28.26,28.0,70.56,86.0,92.53,0.0,108.41,422.37,53,38.15425905215714,0.0,53,8,1052.0,1093.0,1372.0,1433.0,1051.7142857142858,1332.857142857143
2019-02-23,2019,2,8,1028.0,1340.0,46.61,8.78,oeste,3.727856039997327,0.2060278855150681,3.543746440806369,82.45337056448736,14.181247710952013,6.248184279375324,26.27,28.3,30.3,70.01,82.06,87.65,0.0,104.99,424.7,54,38.1641323149889,14.55665257905725,54,8,1055.0,1103.0,1362.0,1373.0,1047.857142857143,1329.7142857142858
2019-02-24,2019,2,8,1032.0,1343.0,42.93,9.29,oeste,3.727856039997327,0.2060278855150681,3.543746440806369,82.45337056448736,14.181247710952013,6.535009440386327,26.89,27.7,28.87,67.42,83.34,96.4,0.0,105.69,433.71,55,38.17247190227519,10.205551536705372,55,8,1067.0,1169.0,1351.0,1424.0,1042.857142857143,1328.5714285714287
2019-02-25,2019,2,9,998.0,1255.0,57.43,8.51,oeste,3.727856039997327,0.2060278855150681,3.543746440806369,82.45337056448736,14.181247710952013,6.785992437355144,22.47,26.94,29.3,87.73,91.44,91.38,0.0,81.02,118.7,56,38.17923736230927,18.957942505051346,56,9,1072.0,1127.0,1333.0,1335.0,1032.2857142857142,1317.4285714285713
2019-02-26,2019,2,9,982.0,1173.0,55.81,8.57,oeste,3.727856039997327,0.2060278855150681,3.543746440806369,82.45337056448736,14.181247710952013,6.735975232966433,22.53,25.62,26.83,93.04,92.92,91.96,0.0,77.55,123.22,57,38.18438991862909,15.044358881044754,57,9,1053.0,1101.0,1304.0,1352.0,1022.1428571428571,1298.7142857142858
2019-02-27,2019,2,9,994.0,1236.0,56.7,8.37,oeste,3.727856039997327,0.2060278855150681,3.543746440806369,82.45337056448736,14.181247710952013,6.595869645073261,22.65,26.14,27.52,91.22,88.6,93.74,0.0,79.0,114.61,58,38.1878925303572,16.01193333420262,58,9,1082.0,1031.0,1277.0,1369.0,1009.5714285714286,1292.857142857143
2019-02-28,2019,2,9,969.0,1243.0,55.31,8.82,oeste,3.727856039997327,0.2060278855150681,3.543746440806369,82.45337056448736,14.181247710952013,6.792193371701754,22.86,27.34,27.48,89.62,90.06,93.12,0.0,80.12,114.52,59,38.18970995026074,15.59627731338334,59,9,1034.0,1067.0,1358.0,1359.0,1000.2857142857143,1276.4285714285713
2019-03-01,2019,3,9,960.0,1226.0,57.08,9.11,oeste,3.727856039997327,0.2060278855150681,3.543746440806369,82.45337056448736,14.181247710952013,6.779430697617543,22.67,25.07,29.07,91.68,92.3,94.91,0.0,76.61,124.16,60,38.18980878043198,18.356550431174263,60,9,999.0,1052.0,1345.0,1372.0,994.7142857142857,1259.4285714285713
2019-03-02,2019,3,9,983.0,1274.0,53.0,8.59,oeste,3.727856039997327,0.2060278855150681,3.543746440806369,82.45337056448736,14.181247710952013,6.189491815401712,21.98,25.89,28.74,91.26,95.43,91.3,0.0,81.12,114.47,61,38.188157525493125,18.8649498175936,61,9,1028.0,1055.0,1340.0,1362.0,988.2857142857143,1250.0
2019-03-03,2019,3,9,1014.0,1193.0,57.12,8.65,oeste,3.727856039997327,0.2060278855150681,3.543746440806369,82.45337056448736,14.181247710952013,6.552642766865472,24.06,26.87,27.84,85.58,89.61,92.55,0.0,78.66,121.56,62,38.18472664323334,14.105522784819732,62,9,1032.0,1067.0,1343.0,1351.0,985.7142857142857,1228.5714285714287
2019-03-04,2019,3,10,1018.0,1260.0,50.52,8.89,oeste,3.727856039997327,0.2060278855150681,3.543746440806369,82.45337056448736,14.181247710952013,6.40585146359247,23.05,25.53,28.97,92.83,89.69,97.28,0.0,99.55,257.45,63,38.1794885925903,17.6499939604087,63,10,998.0,1072.0,1255.0,1333.0,988.5714285714286,1229.2857142857142
2019-03-05,2019,3,10,1033.0,1274.0,51.74,8.65,oeste,3.727856039997327,0.2060278855150681,3.543746440806369,82.45337056448736,14.181247710952013,6.1751050583516,23.75,26.83,26.8,90.83,92.4,97.41,0.0,91.39,257.97,64,38.17241787889271,12.666399747181302,64,10,982.0,1053.0,1173.0,1304.0,995.8571428571429,1243.7142857142858
2019-03-06,2019,3,10,1041.0,1294.0,51.11,8.68,oeste,3.727856039997327,0.2060278855150681,3.543746440806369,82.45337056448736,14.181247710952013,6.2747102688158645,23.48,26.87,28.08,89.58,96.1,94.78,0.0,94.66,259.9,65,38.16349109628534,15.551798219630324,65,10,994.0,1082.0,1236.0,1277.0,1002.5714285714286,1252.0
2019-03-07,2019,3,10,978.0,1230.0,49.6,9.23,oeste,3.727856039997327,0.2060278855150681,3.543746440806369,82.45337056448736,14.181247710952013,6.458505110764601,24.01,25.23,28.92,89.24,91.42,90.9,0.0,95.86,238.53,66,38.152686967262966,16.062734326624305,66,10,969.0,1034.0,1243.0,1358.0,1003.8571428571429,1250.142857142857
2019-03-08,2019,3,10,1061.0,1276.0,51.52,8.67,oeste,3.727856039997327,0.2060278855150681,3.543746440806369,82.45337056448736,14.181247710952013,6.311823304744032,22.71,26.0,27.7,89.2,90.35,93.83,0.0,94.72,245.78,67,38.13998637924461,16.18767242445911,67,10,960.0,999.0,1226.0,1345.0,1018.2857142857143,1257.2857142857142
2019-03-09,2019,3,10,993.0,1295.0,51.05,8.85,oeste,3.727856039997327,0.2060278855150681,3.543746440806369,82.45337056448736,14.181247710952013,6.656528852828787,23.95,26.23,27.19,86.91,94.31,98.61,0.0,99.09,245.44,68,38.125372418124975,13.038877366998744,68,10,983.0,1028.0,1274.0,1340.0,1019.7142857142857,1260.2857142857142
2019-03-10,2019,3,10,976.0,1271.0,50.86,8.98,oeste,3.727856039997327,0.2060278855150681,3.543746440806369,82.45337056448736,14.181247710952013,6.621634598387141,23.91,25.36,28.11,92.84,94.41,95.59,0.0,100.61,250.95,69,38.10883039874548,14.838973736081478,69,10,1014.0,1032.0,1193.0,1343.0,1014.2857142857143,1271.4285714285713
2019-03-11,2019,3,11,1022.0,1226.0,45.53,9.19,oeste,3.727856039997327,0.2060278855150681,3.543746440806369,82.45337056448736,14.181247710952013,6.377106474079753,23.93,25.18,29.28,88.21,90.69,90.93,0.0,101.17,238.26,70,38.09034789223307,16.739613686216117,70,11,1018.0,998.0,1260.0,1255.0,1014.8571428571429,1266.5714285714287
2019-03-12,2019,3,11,1052.0,1333.0,42.83,8.76,oeste,3.727856039997327,0.2060278855150681,3.543746440806369,82.45337056448736,14.181247710952013,6.189535390030067,22.34,26.45,28.82,93.19,89.18,97.91,0.0,105.84,252.65,71,38.06991475016074,18.41293449725818,71,11,1033.0,982.0,1274.0,1173.0,1017.5714285714286,1275.0
2019-03-13,2019,3,11,1026.0,1337.0,45.06,8.57,oeste,3.727856039997327,0.2060278855150681,3.543746440806369,82.45337056448736,14.181247710952013,6.2837358862994686,22.32,26.49,28.79,92.82,92.04,91.71,0.0,109.83,241.51,72,38.04752312548959,18.38789990378157,72,11,1041.0,994.0,1294.0,1236.0,1015.4285714285714,1281.142857142857
2019-03-14,2019,3,11,1020.0,1308.0,43.54,8.71,oeste,3.727856039997327,0.2060278855150681,3.543746440806369,82.45337056448736,14.181247710952013,6.514264336636062,22.33,26.18,29.13,88.13,89.39,95.57,0.0,110.45,257.05,73,38.02316749025859,18.83893509664969,73,11,978.0,969.0,1230.0,1243.0,1021.4285714285714,1292.2857142857142
2019-03-15,2019,3,11,1072.0,1217.0,46.6,8.93,oeste,3.727856039997327,0.2060278855150681,3.543746440806369,82.45337056448736,14.181247710952013,6.65931743778474,23.35,25.68,28.77,91.73,93.68,90.62,0.0,104.83,244.03,74,37.99684464999441,16.807409345553648,74,11,1061.0,960.0,1276.0,1226.0,1023.0,1283.857142857143
2019-03-16,2019,3,11,988.0,1259.0,44.75,8.64,oeste,3.727856039997327,0.2060278855150681,3.543746440806369,82.45337056448736,14.181247710952013,6.342981854477968,23.72,24.98,27.71,86.52,91.71,99.05,0.0,109.38,242.08,75,37.96855375481967,14.410004077771594,75,11,993.0,983.0,1295.0,1274.0,1022.2857142857143,1278.7142857142858
2019-03-17,2019,3,11,1020.0,1320.0,44.43,8.59,oeste,3.727856039997327,0.2060278855150681,3.543746440806369,82.45337056448736,14.181247710952013,6.685460980658357,22.76,26.5,27.01,91.85,88.59,93.7,0.0,109.32,253.33,76,37.938296307244514,14.86024227842121,76,11,976.0,1014.0,1271.0,1193.0,1028.5714285714287,1285.7142857142858
2019-03-18,2019,3,12,958.0,1270.0,40.43,8.6,oeste,3.727856039997327,0.2060278855150681,3.543746440806369,82.45337056448736,14.181247710952013,6.762149110524496,23.75,27.03,28.79,85.81,91.5,90.88,0.0,56.91,93.87,77,37.90607616663306,16.1687966877448,77,12,1022.0,1018.0,1226.0,1260.0,1019.4285714285714,1292.0
2019-03-19,2019,3,12,1011.0,1312.0,38.42,8.49,oeste,3.727856039997327,0.2060278855150681,3.543746440806369,82.45337056448736,14.181247710952013,6.233550248952351,22.21,25.32,27.04,92.45,90.13,92.57,0.0,53.21,87.38,78,37.87189955034202,15.814091781301672,78,12,1052.0,1033.0,1333.0,1274.0,1013.5714285714286,1289.0
2019-03-20,2019,3,12,1005.0,1215.0,38.11,8.89,oeste,3.727856039997327,0.2060278855150681,3.543746440806369,82.45337056448736,14.181247710952013,6.5512743044184285,23.68,25.76,27.38,85.66,91.65,93.51,0.0,54.64,85.95,79,37.83577503153597,13.827927616049204,79,12,1026.0,1041.0,1337.0,1294.0,1010.5714285714286,1271.5714285714287
2019-03-21,2019,3,12,1015.0,1250.0,40.57,9.2,oeste,3.727856039997327,0.2060278855150681,3.543746440806369,82.45337056448736,14.181247710952013,6.470610234447196,22.32,25.18,27.75,87.46,88.23,98.03,0.0,54.09,91.56,80,37.79771353368969,16.73474291484297,80,12,1020.0,978.0,1308.0,1230.0,1009.8571428571429,1263.2857142857142
2019-03-22,2019,3,12,964.0,1207.0,39.36,8.7,oeste,3.727856039997327,0.2060278855150681,3.543746440806369,82.45337056448736,14.181247710952013,6.422026591733983,23.44,26.95,28.52,91.8,91.81,97.6,0.0,56.48,88.02,81,37.75772832179421,16.169303555030922,81,12,1072.0,1061.0,1217.0,1276.0,994.4285714285714,1261.857142857143
2019-03-23,2019,3,12,1021.0,1239.0,38.36,8.88,oeste,3.727856039997327,0.2060278855150681,3.543746440806369,82.45337056448736,14.181247710952013,6.61458396345713,22.63,27.18,29.08,89.77,88.84,92.42,0.0,54.25,91.85,82,37.71583499029042,18.19940481576402,82,12,988.0,993.0,1259.0,1295.0,999.1428571428571,1259.0
2019-03-24,2019,3,12,1026.0,1207.0,39.86,8.78,oeste,3.727856039997327,0.2060278855150681,3.543746440806369,82.45337056448736,14.181247710952013,6.762487360732044,23.2,25.24,28.2,90.08,90.65,91.33,0.0,57.22,90.42,83,37.67205144775879,16.005080898921026,83,12,1020.0,976.0,1320.0,1271.0,1000.0,1242.857142857143
2019-03-25,2019,3,13,955.0,1242.0,54.95,9.1,oeste,3.727856039997327,0.2060278855150681,3.543746440806369,82.45337056448736,14.181247710952013,6.209720406280729,24.09,26.86,26.93,85.09,87.85,90.92,0.0,75.46,170.55,84,37.62639789840188,12.04773523644837,84,13,958.0,1022.0,1270.0,1226.0,999.5714285714286,1238.857142857143
2019-03-26,2019,3,13,1012.0,1209.0,57.26,9.06,oeste,3.727856039997327,0.2060278855150681,3.543746440806369,82.45337056448736,14.181247710952013,6.707318547435474,23.66,26.81,27.07,85.8,88.41,93.55,0.0,82.65,184.1,85,37.57889682036032,13.184838578042966,85,13,1011.0,1052.0,1312.0,1333.0,999.7142857142857,1224.142857142857
2019-03-27,2019,3,13,997.0,1251.0,53.58,8.37,oeste,3.727856039997327,0.2060278855150681,3.543746440806369,82.45337056448736,14.181247710952013,6.4737580173735845,23.91,27.38,28.36,91.77,94.52,99.2,0.0,82.26,180.06,86,37.52957294091051,15.042056961248573,86,13,1005.0,1026.0,1215.0,1337.0,998.5714285714286,1229.2857142857142
2019-03-28,2019,3,13,961.0,1221.0,53.57,8.38,oeste,3.727856039997327,0.2060278855150681,3.543746440806369,82.45337056448736,14.181247710952013,6.585498947396482,23.14,27.34,28.22,88.03,87.87,93.81,0.0,83.18,179.53,87,37.47845320859714,16.049707268883523,87,13,1015.0,1020.0,1250.0,1308.0,990.8571428571429,1225.142857142857
2019-03-29,2019,3,13,941.0,1170.0,52.75,8.3,oeste,3.727856039997327,0.2060278855150681,3.543746440806369,82.45337056448736,14.181247710952013,6.377714981488706,22.49,25.28,27.97,87.89,92.39,95.07,0.0,79.78,178.46,88,37.42556676235942,16.64609106179675,88,13,964.0,1072.0,1207.0,1217.0,987.5714285714286,1219.857142857143
2019-03-30,2019,3,13,930.0,1178.0,52.49,8.45,oeste,3.727856039997327,0.2060278855150681,3.543746440806369,82.45337056448736,14.181247710952013,6.560534385312336,23.02,25.69,29.04,91.54,94.64,90.93,0.0,77.13,172.5,89,37.37094489771561,17.42151524911646,89,13,1021.0,988.0,1239.0,1259.0,974.5714285714286,1211.142857142857
2019-03-31,2019,3,13,1004.0,1229.0,57.51,8.96,oeste,3.727856039997327,0.2060278855150681,3.543746440806369,82.45337056448736,14.181247710952013,6.726753248430857,22.29,27.24,27.55,92.48,95.55,94.51,0.0,81.89,171.31,90,37.31462103007519,16.260185966648294,90,13,1026.0,1020.0,1207.0,1320.0,971.4285714285714,1214.2857142857142
2019-04-01,2019,4,14,1057.0,1453.0,29.36,7.42,oeste,3.727856039997327,0.2060278855150681,3.543746440806369,82.45337056448736,14.181247710952013,6.339071945319416,22.55,24.81,29.14,85.69,93.06,98.34,0.0,52.08,130.91,91,37.256630655253694,18.17188102269018,91,14,955.0,958.0,1242.0,1270.0,986.0,1244.4285714285713
2019-04-02,2019,4,14,1124.0,1441.0,30.27,7.58,oeste,3.727856039997327,0.2060278855150681,3.543746440806369,82.45337056448736,14.181247710952013,6.43508670988966,22.95,24.74,26.67,81.09,91.56,98.16,0.0,54.75,128.37,92,37.19701130726928,13.63116948320042,92,14,1012.0,1011.0,1209.0,1312.0,1002.0,1277.5714285714287
2019-04-03,2019,4,14,1074.0,1335.0,30.43,7.12,oeste,3.727856039997327,0.2060278855150681,3.543746440806369,82.45337056448736,14.181247710952013,6.577485309459711,22.39,24.86,26.77,86.68,93.66,97.78,0.0,52.88,131.0,93,37.13580251350512,14.766700609094311,93,14,997.0,1005.0,1251.0,1215.0,1013.0,1289.5714285714287
2019-04-04,2019,4,14,1062.0,1345.0,30.11,7.44,oeste,3.727856039997327,0.2060278855150681,3.543746440806369,82.45337056448736,14.181247710952013,6.6957771661587415,23.39,24.95,26.76,84.11,93.06,96.64,0.0,54.73,123.78,94,37.073045747326205,12.930842396482545,94,14,961.0,1015.0,1221.0,1250.0,1027.4285714285713,1307.2857142857142
2019-04-05,2019,4,14,1090.0,1339.0,30.75,7.41,oeste,3.727856039997327,0.2060278855150681,3.543746440806369,82.45337056448736,14.181247710952013,6.750360467602613,22.71,24.84,28.16,81.24,92.25,92.29,0.0,51.66,126.76,95,37.00878437824253,16.41559664120343,95,14,941.0,964.0,1170.0,1207.0,1048.7142857142858,1331.4285714285713
2019-04-06,2019,4,14,1070.0,1413.0,30.61,7.54,oeste,3.727856039997327,0.2060278855150681,3.543746440806369,82.45337056448736,14.181247710952013,6.599759261378401,22.75,24.55,27.97,85.85,93.88,99.39,0.0,51.68,122.72,96,36.94306361971505,16.036949450704977,96,14,930.0,1021.0,1178.0,1239.0,1068.7142857142858,1365.0
2019-04-07,2019,4,14,1123.0,1374.0,30.58,7.34,oeste,3.727856039997327,0.2060278855150681,3.543746440806369,82.45337056448736,14.181247710952013,6.655098492539672,21.86,26.68,28.74,83.41,88.25,98.64,0.0,52.59,125.92,97,36.87593047470398,18.37768518068726,97,14,1004.0,1026.0,1229.0,1207.0,1085.7142857142858,1385.7142857142858
2019-04-08,2019,4,15,1027.0,1352.0,20.87,7.4,oeste,3.727856039997327,0.2060278855150681,3.543746440806369,82.45337056448736,14.181247710952013,6.790456268878334,22.34,26.95,28.83,81.74,95.79,96.98,0.0,28.63,88.45,98,36.80743367906239,17.81605265535337,98,15,1057.0,955.0,1453.0,1242.0,1081.4285714285713,1371.2857142857142
2019-04-09,2019,4,15,1076.0,1345.0,19.28,7.31,oeste,3.727856039997327,0.2060278855150681,3.543746440806369,82.45337056448736,14.181247710952013,6.494562325613793,22.97,25.46,28.22,80.52,95.22,94.23,0.0,27.26,90.11,99,36.73762364288063,15.99352941364848,99,15,1124.0,1012.0,1441.0,1209.0,1074.5714285714287,1357.5714285714287
2019-04-10,2019,4,15,1080.0,1352.0,20.99,7.13,oeste,3.727856039997327,0.2060278855150681,3.543746440806369,82.45337056448736,14.181247710952013,6.422495394111096,22.02,25.5,28.2,79.66,97.0,98.65,0.0,26.75,83.97,100,36.666552389890384,17.318804723250857,100,15,1074.0,997.0,1335.0,1251.0,1075.4285714285713,1360.0
2019-04-11,2019,4,15,1048.0,1296.0,19.61,7.54,oeste,3.727856039997327,0.2060278855150681,3.543746440806369,82.45337056448736,14.181247710952013,6.456982793501979,23.79,26.41,26.77,86.88,95.21,91.47,0.0,28.16,90.25,101,36.59427349503859,12.0025869979849,101,15,1062.0,961.0,1345.0,1221.0,1073.4285714285713,1353.0
2019-04-12,2019,4,15,1098.0,1372.0,19.38,7.17,oeste,3.727856039997327,0.2060278855150681,3.543746440806369,82.45337056448736,14.181247710952013,6.509500095140265,21.93,25.86,27.94,84.46,89.16,99.34,0.0,28.27,86.03,102,36.52084202034448,17.011069502024057,102,15,1090.0,941.0,1339.0,1170.0,1074.5714285714287,1357.7142857142858
2019-04-13,2019,4,15,1022.0,1340.0,20.78,7.39,oeste,3.727856039997327,0.2060278855150681,3.543746440806369,82.45337056448736,14.181247710952013,6.467587852919149,23.03,24.92,29.35,81.69,90.91,98.41,0.0,28.92,82.0,103,36.44631444915352,17.4086766172065,103,15,1070.0,930.0,1413.0,1178.0,1067.7142857142858,1347.2857142857142
2019-04-14,2019,4,15,1049.0,1343.0,20.06,7.53,oeste,3.727856039997327,0.2060278855150681,3.543746440806369,82.45337056448736,14.181247710952013,6.332595422492084,24.06,26.16,28.4,81.59,89.19,97.52,0.0,28.53,86.76,104,36.3707486189048,14.396293958129268,104,15,1123.0,1004.0,1374.0,1229.0,1057.142857142857,1342.857142857143
2019-04-15,2019,4,16,1041.0,1330.0,24.38,7.75,oeste,3.727856039997327,0.2060278855150681,3.543746440806369,82.45337056448736,14.181247710952013,6.507662538455955,24.02,24.52,26.83,79.19,87.71,94.23,0.0,47.9,208.57,105,36.29420365252813,11.559632642146024,105,16,1027.0,1057.0,1352.0,1453.0,1059.142857142857,1339.7142857142858
2019-04-16,2019,4,16,1064.0,1326.0,23.98,7.62,oeste,3.727856039997327,0.2060278855150681,3.543746440806369,82.45337056448736,14.181247710952013,6.390758730457211,22.2,24.71,29.26,79.95,94.86,93.31,0.0,51.64,204.71,106,36.21673988858884,18.283751307621777,106,16,1076.0,1124.0,1345.0,1441.0,1057.4285714285713,1337.0
2019-04-17,2019,4,16,1058.0,1264.0,24.04,7.55,oeste,3.727856039997327,0.2060278855150681,3.543746440806369,82.45337056448736,14.181247710952013,6.260878696228343,23.06,25.34,28.6,82.89,92.1,93.3,0.0,50.19,194.27,107,36.1384188102982,16.16134978613539,107,16,1080.0,1074.0,1352.0,1335.0,1054.2857142857142,1324.4285714285713
2019-04-18,2019,4,16,1016.0,1287.0,24.06,7.54,oeste,3.727856039997327,0.2060278855150681,3.543746440806369,82.45337056448736,14.181247710952013,6.571942722132695,22.11,25.47,27.66,82.03,92.05,95.0,0.0,51.8,204.3,108,36.05930297350803,16.14051620052875,108,16,1048.0,1062.0,1296.0,1345.0,1049.7142857142858,1323.142857142857
2019-04-19,2019,4,16,989.0,1310.0,23.88,7.55,oeste,3.727856039997327,0.2060278855150681,3.543746440806369,82.45337056448736,14.181247710952013,6.183712558859807,23.42,25.45,27.91,81.57,95.22,93.69,0.0,49.15,198.61,109,35.97945593380731,14.48542905048441,109,16,1098.0,1090.0,1372.0,1339.0,1034.142857142857,1314.2857142857142
2019-04-20,2019,4,16,1082.0,1334.0,25.42,7.54,oeste,3.727856039997327,0.2060278855150681,3.543746440806369,82.45337056448736,14.181247710952013,6.597437464019304,23.4,24.5,27.9,84.09,94.96,100.12,0.0,52.33,210.37,110,35.89894217283866,14.46909970526763,110,16,1022.0,1070.0,1340.0,1413.0,1042.7142857142858,1313.4285714285713
2019-04-21,2019,4,16,1050.0,1349.0,24.55,7.92,oeste,3.727856039997327,0.2060278855150681,3.543746440806369,82.45337056448736,14.181247710952013,6.657456372777955,22.44,26.08,27.47,82.95,91.41,93.52,0.0,52.15,199.06,111,35.81782702395176,15.262891897575743,111,16,1049.0,1123.0,1343.0,1374.0,1042.857142857143,1314.2857142857142
2019-04-22,2019,4,17,1099.0,1296.0,28.6,7.28,oeste,3.727856039997327,0.2060278855150681,3.543746440806369,82.45337056448736,14.181247710952013,6.324520971524104,23.44,26.39,28.65,83.29,91.34,91.8,0.0,26.5,59.86,112,35.73617659730955,15.49817456234866,112,17,1041.0,1027.0,1330.0,1352.0,1051.142857142857,1309.4285714285713
2019-04-23,2019,4,17,1107.0,1416.0,29.19,7.81,oeste,3.727856039997327,0.2060278855150681,3.543746440806369,82.45337056448736,14.181247710952013,6.444504673650436,22.66,25.58,29.22,85.54,89.55,91.59,0.0,26.09,58.46,113,35.65405770456217,17.350599439869267,113,17,1064.0,1076.0,1326.0,1345.0,1057.2857142857142,1322.2857142857142
2019-04-24,2019,4,17,1028.0,1402.0,30.21,7.84,oeste,3.727856039997327,0.2060278855150681,3.543746440806369,82.45337056448736,14.181247710952013,6.573741954337313,23.88,25.69,28.97,84.55,91.92,91.79,0.0,26.67,60.33,114,35.571537783201656,15.24807897208022,114,17,1058.0,1080.0,1264.0,1352.0,1053.0,1342.0
2019-04-25,2019,4,17,1016.0,1362.0,30.58,7.23,oeste,3.727856039997327,0.2060278855150681,3.543746440806369,82.45337056448736,14.181247710952013,6.214973197355603,22.19,26.84,29.25,79.77,94.44,95.58,0.0,27.09,62.49,115,35.488684820709075,17.9161981308224,115,17,1016.0,1048.0,1287.0,1296.0,1053.0,1352.7142857142858
2019-04-26,2019,4,17,1070.0,1306.0,29.56,7.14,oeste,3.727856039997327,0.2060278855150681,3.543746440806369,82.45337056448736,14.181247710952013,6.598998816362828,23.4,26.41,28.02,83.4,94.0,93.77,0.0,26.85,62.13,116,35.40556727860358,14.459262624249977,116,17,989.0,1098.0,1310.0,1372.0,1064.5714285714287,1352.142857142857
2019-04-27,2019,4,17,1105.0,1404.0,29.05,7.32,oeste,3.727856039997327,0.2060278855150681,3.543746440806369,82.45337056448736,14.181247710952013,6.3039899467152285,21.97,25.0,29.32,81.12,95.92,94.57,0.0,27.0,57.3,117,35.32225401650027,18.19473270700301,117,17,1082.0,1022.0,1334.0,1340.0,1067.857142857143,1362.142857142857
2019-04-28,2019,4,17,1075.0,1314.0,30.37,7.62,oeste,3.727856039997327,0.2060278855150681,3.543746440806369,82.45337056448736,14.181247710952013,6.742965665547485,22.47,26.41,29.1,84.76,96.27,92.06,0.0,27.69,58.86,118,35.23881421628238,17.23977729069427,118,17,1050.0,1049.0,1349.0,1343.0,1071.4285714285713,1357.142857142857
2019-04-29,2019,4,18,973.0,1085.0,15.21,6.39,norte,3.727856039997327,0.2060278855150681,3.543746440806369,82.45337056448736,14.181247710952013,6.399391356191815,23.92,28.34,30.03,78.29,87.3,96.38,0.0,4.35,33.49,119,35.15531730648941,16.51069018816685,119,18,1099.0,1041.0,1296.0,1330.0,1053.4285714285713,1327.0
2019-04-30,2019,4,18,923.0,1161.0,14.9,6.43,norte,3.727856039997327,0.2060278855150681,3.543746440806369,82.45337056448736,14.181247710952013,6.663289826879322,23.34,26.07,28.36,74.56,86.6,91.06,0.0,4.37,32.29,120,35.071832887020726,14.930141461505007,120,18,1107.0,1064.0,1416.0,1326.0,1027.142857142857,1290.5714285714287
2019-05-01,2019,5,18,975.0,1164.0,15.05,6.45,norte,3.727856039997327,0.2060278855150681,3.543746440806369,82.45337056448736,14.181247710952013,6.495035722810707,23.19,26.83,28.27,79.78,88.97,94.3,0.0,4.8,33.06,121,34.98843065425123,14.98338436415377,121,18,1028.0,1058.0,1402.0,1264.0,1019.5714285714286,1256.5714285714287
2019-05-02,2019,5,18,928.0,1097.0,14.38,6.18,norte,3.727856039997327,0.2060278855150681,3.543746440806369,82.45337056448736,14.181247710952013,6.706274796741668,23.96,26.23,30.09,77.67,85.14,94.28,0.0,4.77,31.47,122,34.90518032665224,16.42002160462573,122,18,1016.0,1016.0,1362.0,1287.0,1007.0,1218.7142857142858
2019-05-03,2019,5,18,921.0,1089.0,14.5,6.2,norte,3.727856039997327,0.2060278855150681,3.543746440806369,82.45337056448736,14.181247710952013,6.275793979650312,23.19,27.65,29.52,79.15,85.72,95.84,0.0,4.69,31.89,123,34.82215157100733,16.64604473792309,123,18,1070.0,989.0,1306.0,1310.0,985.7142857142857,1187.7142857142858
2019-05-04,2019,5,18,981.0,1127.0,15.25,6.57,norte,3.727856039997327,0.2060278855150681,3.543746440806369,82.45337056448736,14.181247710952013,6.329967572971871,24.38,26.18,29.29,74.17,88.55,92.21,0.0,4.66,30.84,124,34.73941392931027,14.625705840533454,124,18,1105.0,1082.0,1404.0,1334.0,968.0,1148.142857142857
2019-05-05,2019,5,18,899.0,1177.0,14.87,6.25,norte,3.727856039997327,0.2060278855150681,3.543746440806369,82.45337056448736,14.181247710952013,6.693383423025756,24.64,27.14,29.94,75.43,89.72,93.13,0.0,4.62,31.68,125,34.657036746427444,15.159433162521276,125,18,1075.0,1050.0,1314.0,1349.0,942.8571428571429,1128.5714285714287
2019-05-06,2019,5,19,907.0,1097.0,9.81,6.34,norte,3.727856039997327,0.2060278855150681,3.543746440806369,82.45337056448736,14.181247710952013,6.617433949094431,22.88,26.08,28.4,80.13,88.14,93.42,0.0,5.98,40.48,126,34.57508909860481,15.434282596057256,126,19,973.0,1099.0,1085.0,1296.0,933.4285714285714,1130.2857142857142
2019-05-07,2019,5,19,922.0,1083.0,9.5,6.25,norte,3.727856039997327,0.2060278855150681,3.543746440806369,82.45337056448736,14.181247710952013,6.727760354209422,22.94,28.24,29.19,78.28,86.5,95.42,0.0,5.88,40.99,127,34.49363972289474,16.384478868375002,127,19,923.0,1107.0,1161.0,1416.0,933.2857142857143,1119.142857142857
2019-05-08,2019,5,19,966.0,1165.0,9.98,6.36,norte,3.727856039997327,0.2060278855150681,3.543746440806369,82.45337056448736,14.181247710952013,6.69365075091877,23.32,26.34,28.13,79.23,83.81,90.85,0.0,5.7,43.13,128,34.41275694757495,14.3398829459203,128,19,975.0,1028.0,1164.0,1402.0,932.0,1119.2857142857142
2019-05-09,2019,5,19,894.0,1087.0,10.43,6.52,norte,3.727856039997327,0.2060278855150681,3.543746440806369,82.45337056448736,14.181247710952013,6.746762415904217,22.85,26.49,30.14,74.73,84.52,94.56,0.0,6.19,40.43,129,34.332508623627625,17.61257692392097,129,19,928.0,1016.0,1097.0,1362.0,927.1428571428571,1117.857142857143
2019-05-10,2019,5,19,899.0,1122.0,10.33,6.57,norte,3.727856039997327,0.2060278855150681,3.543746440806369,82.45337056448736,14.181247710952013,6.678969659768028,23.73,26.62,29.43,80.61,90.1,91.4,0.0,6.09,42.95,130,34.252962057343225,15.53778695163305,130,19,921.0,1070.0,1089.0,1306.0,924.0,1122.5714285714287
2019-05-11,2019,5,19,969.0,1094.0,10.21,6.28,norte,3.727856039997327,0.2060278855150681,3.543746440806369,82.45337056448736,14.181247710952013,6.793245724430134,23.42,27.29,30.07,76.8,89.98,95.38,0.0,6.14,41.13,131,34.17418394410936,16.744129581561808,131,19,981.0,1105.0,1127.0,1404.0,922.2857142857143,1117.857142857143
2019-05-12,2019,5,19,943.0,1152.0,9.74,6.68,norte,3.727856039997327,0.2060278855150681,3.543746440806369,82.45337056448736,14.181247710952013,6.231109257846675,23.78,26.96,28.62,76.6,85.02,88.09,0.0,5.83,41.14,132,34.09624030344148,14.252228446838542,132,19,899.0,1075.0,1177.0,1314.0,928.5714285714286,1114.2857142857142
2019-05-13,2019,5,20,923.0,1145.0,15.45,6.84,norte,3.727856039997327,0.2060278855150681,3.543746440806369,82.45337056448736,14.181247710952013,6.509342618496479,23.25,28.13,27.99,75.34,83.95,91.96,0.0,16.5,115.22,133,34.01919641530805,14.072356298208426,133,20,907.0,973.0,1097.0,1085.0,930.8571428571429,1121.142857142857
2019-05-14,2019,5,20,933.0,1133.0,14.29,6.71,norte,3.727856039997327,0.2060278855150681,3.543746440806369,82.45337056448736,14.181247710952013,6.350972485606957,24.19,27.67,30.11,76.72,88.22,95.83,0.0,17.22,121.64,134,33.943116757799416,15.69156182696687,134,20,922.0,923.0,1083.0,1161.0,932.4285714285714,1128.2857142857142
2019-05-15,2019,5,20,927.0,1065.0,14.38,6.6,norte,3.727856039997327,0.2060278855150681,3.543746440806369,82.45337056448736,14.181247710952013,6.195696866850004,24.33,27.08,30.3,76.4,85.82,88.44,0.0,16.93,113.04,135,33.86806494618528,15.722845629159632,135,20,966.0,975.0,1165.0,1164.0,926.8571428571429,1114.0
2019-05-16,2019,5,20,880.0,1084.0,15.47,6.74,norte,3.727856039997327,0.2060278855150681,3.543746440806369,82.45337056448736,14.181247710952013,6.739378469294851,24.97,25.97,29.14,74.99,83.58,88.59,0.0,15.85,115.1,136,33.79410367340253,13.11180737801774,136,20,894.0,928.0,1087.0,1097.0,924.8571428571429,1113.5714285714287
2019-05-17,2019,5,20,890.0,1102.0,15.01,6.82,norte,3.727856039997327,0.2060278855150681,3.543746440806369,82.45337056448736,14.181247710952013,6.316077021118919,24.69,26.11,27.64,75.73,83.23,94.79,0.0,16.63,118.59,137,33.72129465201088,11.004462858620542,137,20,899.0,921.0,1122.0,1089.0,923.5714285714286,1110.7142857142858
2019-05-18,2019,5,20,897.0,1101.0,15.4,6.76,norte,3.727856039997327,0.2060278855150681,3.543746440806369,82.45337056448736,14.181247710952013,6.599435446588755,22.99,26.58,29.56,74.21,86.76,90.77,0.0,16.08,117.31,138,33.64969855765084,16.387679578806356,138,20,969.0,981.0,1094.0,1127.0,913.2857142857143,1111.7142857142858
2019-05-19,2019,5,20,950.0,1070.0,14.49,6.83,norte,3.727856039997327,0.2060278855150681,3.543746440806369,82.45337056448736,14.181247710952013,6.393385294781799,23.31,27.05,29.47,81.82,89.22,95.5,0.0,15.74,117.61,139,33.57937497403438,15.834945217236536,139,20,943.0,899.0,1152.0,1177.0,914.2857142857143,1100.0
2019-05-20,2019,5,21,877.0,1107.0,10.4,6.37,norte,3.727856039997327,0.2060278855150681,3.543746440806369,82.45337056448736,14.181247710952013,6.261030776217991,23.58,26.24,29.44,81.58,89.78,91.8,0.0,22.94,163.15,140,33.510382339495884,15.412808836917728,140,21,923.0,907.0,1145.0,1097.0,907.7142857142857,1094.5714285714287
2019-05-21,2019,5,21,911.0,1099.0,10.08,6.45,norte,3.727856039997327,0.2060278855150681,3.543746440806369,82.45337056448736,14.181247710952013,6.812217006559597,24.9,25.93,29.64,80.67,87.83,88.11,0.0,24.34,176.39,141,33.442777895126866,13.833915428122928,141,21,933.0,922.0,1133.0,1083.0,904.5714285714286,1089.7142857142858
2019-05-22,2019,5,21,910.0,1064.0,9.74,6.82,norte,3.727856039997327,0.2060278855150681,3.543746440806369,82.45337056448736,14.181247710952013,6.255149977655324,23.7,27.57,28.88,75.12,82.86,93.41,0.0,25.11,175.83,142,33.37661763451573,14.433139335763208,142,21,927.0,966.0,1065.0,1165.0,902.1428571428571,1089.5714285714287
2019-05-23,2019,5,21,907.0,1102.0,9.55,6.74,norte,3.727856039997327,0.2060278855150681,3.543746440806369,82.45337056448736,14.181247710952013,6.34603983842735,23.89,28.3,30.34,81.14,88.32,90.42,0.0,23.55,163.16,143,33.31195625510986,16.074356493707274,143,21,880.0,894.0,1084.0,1087.0,906.0,1092.142857142857
2019-05-24,2019,5,21,900.0,1070.0,9.94,6.49,norte,3.727856039997327,0.2060278855150681,3.543746440806369,82.45337056448736,14.181247710952013,6.5522838128222505,24.12,26.22,30.07,80.5,87.3,94.81,0.0,23.7,175.54,144,33.24884711121499,15.4095045268285,144,21,890.0,899.0,1102.0,1122.0,907.4285714285714,1087.5714285714287
2019-05-25,2019,5,21,918.0,1048.0,10.07,6.3,norte,3.727856039997327,0.2060278855150681,3.543746440806369,82.45337056448736,14.181247710952013,6.49316052945948,24.76,26.76,29.16,81.61,85.86,96.22,0.0,24.21,174.12,145,33.18734216864364,13.226727683215056,145,21,897.0,969.0,1101.0,1094.0,910.4285714285714,1080.0
2019-05-26,2019,5,21,877.0,1110.0,9.55,6.49,norte,3.727856039997327,0.2060278855150681,3.543746440806369,82.45337056448736,14.181247710952013,6.409341431180103,25.19,28.58,28.56,80.87,84.32,89.33,0.0,23.2,172.14,146,33.12749196102216,11.554658348231737,146,21,950.0,943.0,1070.0,1152.0,900.0,1085.7142857142858
2019-05-27,2019,5,22,874.0,1127.0,14.72,6.48,norte,3.727856039997327,0.2060278855150681,3.543746440806369,82.45337056448736,14.181247710952013,6.326032425946918,24.93,27.83,27.97,73.8,81.31,90.86,0.0,12.48,84.25,147,33.06934554776287,10.955091088251104,147,22,877.0,923.0,1107.0,1145.0,899.5714285714286,1088.5714285714287
2019-05-28,2019,5,22,866.0,1039.0,15.27,6.09,norte,3.727856039997327,0.2060278855150681,3.543746440806369,82.45337056448736,14.181247710952013,6.220200422049904,26.81,27.76,29.04,75.91,84.78,93.33,0.0,12.47,83.25,148,33.012950473706034,9.36678114042044,148,22,911.0,933.0,1099.0,1133.0,893.1428571428571,1080.0
2019-05-29,2019,5,22,903.0,1067.0,14.91,6.69,norte,3.727856039997327,0.2060278855150681,3.543746440806369,82.45337056448736,14.181247710952013,6.620235137409679,25.02,27.2,29.36,70.76,87.78,92.7,0.0,12.15,87.48,149,32.95835273043358,13.0455971433156,149,22,910.0,927.0,1064.0,1065.0,892.1428571428571,1080.4285714285713
2019-05-30,2019,5,22,926.0,1053.0,14.49,6.43,norte,3.727856039997327,0.2060278855150681,3.543746440806369,82.45337056448736,14.181247710952013,6.265258468821939,25.05,28.26,27.94,70.85,88.31,96.03,0.0,11.93,79.92,150,32.90559671925526,10.628507740319453,150,22,907.0,880.0,1102.0,1084.0,894.8571428571429,1073.4285714285713
2019-05-31,2019,5,22,879.0,1117.0,15.63,6.27,norte,3.727856039997327,0.2060278855150681,3.543746440806369,82.45337056448736,14.181247710952013,6.496375365213323,27.21,26.38,28.64,70.64,86.5,92.2,0.0,11.66,84.51,151,32.85472521586502,7.464822044710981,151,22,900.0,890.0,1070.0,1102.0,891.8571428571429,1080.142857142857
2019-06-01,2019,6,22,870.0,1048.0,14.7,6.4,norte,3.727856039997327,0.2060278855150681,3.543746440806369,82.45337056448736,14.181247710952013,6.416679036907252,25.87,26.29,27.66,76.16,83.62,90.81,0.0,12.4,82.39,152,32.805779336664905,8.339316864314018,152,22,918.0,897.0,1048.0,1101.0,885.0,1080.142857142857
2019-06-02,2019,6,22,882.0,1049.0,15.01,6.39,norte,3.727856039997327,0.2060278855150681,3.543746440806369,82.45337056448736,14.181247710952013,6.3979546316327776,25.42,27.99,28.83,72.0,87.92,94.22,0.0,12.43,83.25,153,32.75879850675103,11.493670833044046,153,22,877.0,950.0,1110.0,1070.0,885.7142857142857,1071.4285714285713
2019-06-03,2019,6,23,817.0,958.0,4.94,6.22,sur,3.727856039997327,0.2060278855150681,3.543746440806369,82.45337056448736,14.181247710952013,6.20726961785485,23.03,26.27,26.13,72.62,74.41,79.35,0.0,6.13,43.01,154,32.713820429555774,10.94373865781936,154,23,874.0,877.0,1127.0,1107.0,877.5714285714286,1047.2857142857142
2019-06-04,2019,6,23,817.0,964.0,4.98,5.87,sur,3.727856039997327,0.2060278855150681,3.543746440806369,82.45337056448736,14.181247710952013,6.2150816038130845,23.43,25.42,25.74,70.49,76.07,79.06,0.0,5.59,42.29,155,32.67088105813863,9.434533642208946,155,23,866.0,911.0,1039.0,1099.0,870.5714285714286,1036.5714285714287
2019-06-05,2019,6,23,825.0,933.0,5.06,6.21,sur,3.727856039997327,0.2060278855150681,3.543746440806369,82.45337056448736,14.181247710952013,6.341151994370106,24.67,26.75,25.92,74.26,75.27,77.5,0.0,5.63,42.53,156,32.630014568117225,6.931478414706263,156,23,903.0,910.0,1067.0,1064.0,859.4285714285714,1017.4285714285714
2019-06-06,2019,6,23,772.0,1001.0,4.81,6.12,sur,3.727856039997327,0.2060278855150681,3.543746440806369,82.45337056448736,14.181247710952013,6.44946729968545,24.8,26.65,27.38,69.08,75.03,80.75,0.0,6.01,42.17,157,32.59125333222912,9.946367830104334,157,23,926.0,907.0,1053.0,1102.0,837.4285714285714,1010.0
2019-06-07,2019,6,23,779.0,923.0,4.77,6.16,sur,3.727856039997327,0.2060278855150681,3.543746440806369,82.45337056448736,14.181247710952013,6.754135387453834,24.74,25.41,27.94,71.59,77.2,81.78,0.0,5.69,39.71,158,32.55462789651448,11.064742865740246,158,23,879.0,900.0,1117.0,1070.0,823.1428571428571,982.2857142857143
2019-06-08,2019,6,23,794.0,955.0,5.11,5.91,sur,3.727856039997327,0.2060278855150681,3.543746440806369,82.45337056448736,14.181247710952013,6.3091970827309405,23.86,25.69,25.73,70.13,73.37,79.55,0.0,6.11,41.75,159,32.52016695810872,8.449425300586034,159,23,870.0,918.0,1048.0,1048.0,812.2857142857143,969.0
2019-06-09,2019,6,23,796.0,966.0,5.15,6.03,sur,3.727856039997327,0.2060278855150681,3.543746440806369,82.45337056448736,14.181247710952013,6.271815791885492,24.16,25.04,26.81,70.53,77.17,76.38,0.0,5.69,41.02,160,32.48789734463429,10.048428395938306,160,23,882.0,877.0,1049.0,1110.0,800.0,957.1428571428571
2019-06-10,2019,6,24,809.0,924.0,5.07,6.23,sur,3.727856039997327,0.2060278855150681,3.543746440806369,82.45337056448736,14.181247710952013,6.699632859421681,24.79,26.53,26.31,75.08,75.72,80.07,0.0,0.3,1.96,161,32.45784399518007,7.603176345142679,161,24,817.0,874.0,958.0,1127.0,798.8571428571429,952.2857142857143
2019-06-11,2019,6,24,758.0,989.0,5.18,6.23,sur,3.727856039997327,0.2060278855150681,3.543746440806369,82.45337056448736,14.181247710952013,6.274565591322787,24.9,25.2,26.47,68.42,76.33,83.22,0.0,0.29,2.02,162,32.43002994285702,7.720595099433451,162,24,817.0,866.0,964.0,1039.0,790.4285714285714,955.8571428571429
2019-06-12,2019,6,24,760.0,936.0,4.84,6.39,sur,3.727856039997327,0.2060278855150681,3.543746440806369,82.45337056448736,14.181247710952013,6.231079234146369,25.12,24.97,26.15,75.03,79.19,82.66,0.0,0.29,2.0,163,32.40447629891851,6.248520807445165,163,24,825.0,903.0,933.0,1067.0,781.1428571428571,956.2857142857143
2019-06-13,2019,6,24,807.0,902.0,4.96,5.97,sur,3.727856039997327,0.2060278855150681,3.543746440806369,82.45337056448736,14.181247710952013,6.37939297133596,23.6,25.8,26.34,72.18,72.62,80.65,0.0,0.27,2.1,164,32.38120223843398,10.18408115384038,164,24,772.0,926.0,1001.0,1053.0,786.1428571428571,942.1428571428571
2019-06-14,2019,6,24,780.0,975.0,5.24,5.83,sur,3.727856039997327,0.2060278855150681,3.543746440806369,82.45337056448736,14.181247710952013,6.495333127655931,22.83,24.73,28.24,70.31,72.96,78.99,0.0,0.28,1.99,165,32.36022498750479,14.300913043393772,165,24,779.0,879.0,923.0,1117.0,786.2857142857143,949.5714285714286
2019-06-15,2019,6,24,811.0,954.0,4.9,5.88,sur,3.727856039997327,0.2060278855150681,3.543746440806369,82.45337056448736,14.181247710952013,6.676724337886926,25.04,26.75,27.42,70.1,75.68,79.0,0.0,0.28,2.05,166,32.34155981201148,9.479884395924287,166,24,794.0,870.0,955.0,1048.0,788.7142857142857,949.4285714285714
2019-06-16,2019,6,24,775.0,920.0,5.12,6.03,sur,3.727856039997327,0.2060278855150681,3.543746440806369,82.45337056448736,14.181247710952013,6.326556993489946,23.18,24.45,27.02,73.12,78.11,83.19,0.0,0.28,2.03,167,32.32522000788189,12.035404816062467,167,24,796.0,882.0,966.0,1049.0,785.7142857142857,942.8571428571429
2019-06-17,2019,6,25,747.0,950.0,5.05,6.3,sur,3.727856039997327,0.2060278855150681,3.543746440806369,82.45337056448736,14.181247710952013,6.822100085979139,23.96,26.7,26.6,68.41,77.07,76.88,0.0,0.41,3.02,168,32.311216892870654,9.974907543651732,168,25,809.0,817.0,924.0,958.0,776.8571428571429,946.5714285714286
2019-06-18,2019,6,25,769.0,942.0,5.06,5.79,sur,3.727856039997327,0.2060278855150681,3.543746440806369,82.45337056448736,14.181247710952013,6.625729130511179,23.98,24.79,28.02,70.13,77.86,83.03,0.0,0.42,3.15,169,32.29955979984046,12.335049227003411,169,25,758.0,817.0,989.0,964.0,778.4285714285714,939.8571428571429
2019-06-19,2019,6,25,805.0,956.0,5.07,6.26,sur,3.727856039997327,0.2060278855150681,3.543746440806369,82.45337056448736,14.181247710952013,6.590228621684521,22.94,25.04,26.99,75.44,77.0,79.33,0.0,0.41,2.86,170,32.29025607153692,12.346748497348244,170,25,760.0,825.0,936.0,933.0,784.8571428571429,942.7142857142857
2019-06-20,2019,6,25,742.0,930.0,4.9,5.78,sur,3.727856039997327,0.2060278855150681,3.543746440806369,82.45337056448736,14.181247710952013,6.609177538380549,24.82,25.8,26.04,73.49,76.74,83.83,0.0,0.41,3.04,171,32.2833110568489,6.775035683607935,171,25,807.0,772.0,902.0,1001.0,775.5714285714286,946.7142857142857
2019-06-21,2019,6,25,780.0,885.0,4.89,6.06,sur,3.727856039997327,0.2060278855150681,3.543746440806369,82.45337056448736,14.181247710952013,6.661812254086842,23.05,25.43,28.05,71.6,73.93,79.54,0.0,0.45,2.86,172,32.278728108547696,13.713711752809717,172,25,780.0,779.0,975.0,923.0,775.5714285714286,933.8571428571429
2019-06-22,2019,6,25,751.0,888.0,5.03,5.73,sur,3.727856039997327,0.2060278855150681,3.543746440806369,82.45337056448736,14.181247710952013,6.586216633435791,25.16,26.03,26.43,71.75,77.08,80.43,0.0,0.41,2.92,173,32.27650858249868,6.91101779904674,173,25,811.0,794.0,954.0,955.0,767.0,924.4285714285714
2019-06-23,2019,6,25,806.0,949.0,5.02,5.83,sur,3.727856039997327,0.2060278855150681,3.543746440806369,82.45337056448736,14.181247710952013,6.629393072440844,24.85,25.65,26.86,72.74,75.31,79.96,0.0,0.43,3.02,174,32.27665183834032,8.694409820382385,174,25,775.0,796.0,920.0,966.0,771.4285714285714,928.5714285714286
2019-06-24,2019,6,26,770.0,942.0,4.87,6.0,sur,3.727856039997327,0.2060278855150681,3.543746440806369,82.45337056448736,14.181247710952013,6.757022337307923,24.62,25.8,26.65,74.44,76.53,81.56,0.0,2.69,18.59,175,32.27915524162619,8.738236213361947,175,26,747.0,809.0,950.0,924.0,774.7142857142857,927.4285714285714
2019-06-25,2019,6,26,722.0,888.0,4.96,5.85,sur,3.727856039997327,0.2060278855150681,3.543746440806369,82.45337056448736,14.181247710952013,6.497247335654971,23.98,25.89,25.87,73.23,75.7,77.61,0.0,2.68,17.34,176,32.28401416742657,8.432804503577763,176,26,769.0,758.0,942.0,989.0,768.0,919.7142857142857
2019-06-26,2019,6,26,766.0,878.0,4.89,6.03,sur,3.727856039997327,0.2060278855150681,3.543746440806369,82.45337056448736,14.181247710952013,6.397454573291446,23.44,25.67,26.58,70.68,72.82,76.25,0.0,2.58,18.19,177,32.29122200538712,10.871836323755062,177,26,805.0,760.0,956.0,936.0,762.4285714285714,908.5714285714286
2019-06-27,2019,6,26,746.0,945.0,5.1,6.4,sur,3.727856039997327,0.2060278855150681,3.543746440806369,82.45337056448736,14.181247710952013,6.654594219238502,23.04,26.31,27.21,72.51,72.24,78.86,0.0,2.69,17.91,178,32.3007701662432,12.53240744818846,178,26,742.0,807.0,930.0,902.0,763.0,910.7142857142857
2019-06-28,2019,6,26,771.0,941.0,5.21,6.36,sur,3.727856039997327,0.2060278855150681,3.543746440806369,82.45337056448736,14.181247710952013,6.494689534751028,23.07,24.61,25.86,73.36,75.77,76.16,0.0,2.46,17.76,179,32.31264808978886,10.254824998670657,179,26,780.0,780.0,885.0,975.0,761.7142857142857,918.7142857142857
2019-06-29,2019,6,26,745.0,868.0,5.03,6.03,sur,3.727856039997327,0.2060278855150681,3.543746440806369,82.45337056448736,14.181247710952013,6.281385032555022,25.12,25.67,28.05,72.76,71.9,83.19,0.0,2.58,17.18,180,32.32684325430104,10.513582054615204,180,26,751.0,811.0,888.0,954.0,760.8571428571429,915.8571428571429
2019-06-30,2019,6,26,780.0,938.0,5.02,5.95,sur,3.727856039997327,0.2060278855150681,3.543746440806369,82.45337056448736,14.181247710952013,6.57945830240112,24.03,24.47,26.67,71.12,73.91,82.72,0.0,2.54,17.62,181,32.34334118741973,9.984824745751997,181,26,806.0,775.0,949.0,920.0,757.1428571428571,914.2857142857143
2019-07-01,2019,7,27,833.0,958.0,4.87,5.51,sur,3.867912996913761,0.2267241866428182,3.875440102518982,70.49988961398837,16.56066135134229,6.261120523877618,24.84,24.55,25.77,45.16,51.54,67.92,0.0,37.88,275.21,182,32.36212547848593,5.929691683961055,182,27,770.0,747.0,942.0,950.0,766.1428571428571,916.5714285714286
2019-07-02,2019,7,27,826.0,1021.0,4.86,5.41,sur,3.867912996913761,0.2267241866428182,3.875440102518982,70.49988961398837,16.56066135134229,6.371176994416075,23.75,25.61,28.03,44.85,54.99,65.14,0.0,37.86,273.36,183,32.38317779234004,12.729019438623844,183,27,722.0,769.0,888.0,942.0,781.0,935.5714285714286
2019-07-03,2019,7,27,761.0,955.0,5.22,5.68,sur,3.867912996913761,0.2267241866428182,3.875440102518982,70.49988961398837,16.56066135134229,6.073207296714998,25.03,24.48,27.97,47.63,50.6,64.86,0.0,36.5,251.94,184,32.406477884583715,10.557451578676352,184,27,766.0,805.0,878.0,956.0,780.2857142857143,946.5714285714286
2019-07-04,2019,7,27,785.0,1016.0,4.85,5.76,sur,3.867912996913761,0.2267241866428182,3.875440102518982,70.49988961398837,16.56066135134229,6.236857199400191,23.47,24.73,25.78,47.5,55.28,69.74,0.0,36.09,261.42,185,32.4320036183089,9.365551809780625,185,27,746.0,742.0,945.0,930.0,785.8571428571429,956.7142857142857
2019-07-05,2019,7,27,835.0,1024.0,4.78,5.33,sur,3.867912996913761,0.2267241866428182,3.875440102518982,70.49988961398837,16.56066135134229,5.981794093941549,22.95,24.28,26.95,47.17,53.46,65.9,0.0,37.89,266.91,186,32.4597309822984,12.334697773273394,186,27,771.0,780.0,941.0,885.0,795.0,968.5714285714286
2019-07-06,2019,7,27,834.0,973.0,4.92,5.53,sur,3.867912996913761,0.2267241866428182,3.875440102518982,70.49988961398837,16.56066135134229,6.028811273745222,24.32,25.11,26.64,47.8,50.98,64.61,0.0,36.51,251.22,187,32.48963411070249,9.402479903826576,187,27,745.0,751.0,868.0,888.0,807.7142857142857,983.5714285714286
2019-07-07,2019,7,27,826.0,953.0,4.87,5.82,sur,3.867912996913761,0.2267241866428182,3.875440102518982,70.49988961398837,16.56066135134229,5.97019862293381,23.33,24.88,27.06,45.53,52.53,65.55,0.0,39.04,255.01,188,32.521685304196446,11.933863331008386,188,27,780.0,806.0,938.0,949.0,814.2857142857143,985.7142857142857
2019-07-08,2019,7,28,805.0,930.0,4.75,5.76,sur,3.867912996913761,0.2267241866428182,3.875440102518982,70.49988961398837,16.56066135134229,6.198251732305453,22.96,24.26,26.06,47.7,50.19,64.7,0.0,1.56,10.52,189,32.55585505262423,10.890894576039145,189,28,833.0,770.0,958.0,942.0,810.2857142857143,981.7142857142857
2019-07-09,2019,7,28,827.0,1001.0,4.82,5.73,sur,3.867912996913761,0.2267241866428182,3.875440102518982,70.49988961398837,16.56066135134229,5.982937687443656,23.69,24.79,26.94,46.56,51.51,66.83,0.0,1.57,11.3,190,32.59211205913328,11.16369046446296,190,28,826.0,722.0,1021.0,888.0,810.4285714285714,978.8571428571429
2019-07-10,2019,7,28,774.0,983.0,4.9,5.59,sur,3.867912996913761,0.2267241866428182,3.875440102518982,70.49988961398837,16.56066135134229,6.045752138222289,23.44,25.91,27.24,46.71,51.36,64.62,0.0,1.6,10.69,191,32.630423265805646,12.085596948323332,191,28,761.0,766.0,955.0,878.0,812.2857142857143,982.8571428571429
2019-07-11,2019,7,28,820.0,961.0,5.21,5.73,sur,3.867912996913761,0.2267241866428182,3.875440102518982,70.49988961398837,16.56066135134229,6.302112305533281,23.94,23.94,27.55,46.26,53.03,68.47,0.0,1.58,11.15,192,32.670753880790414,11.79414215096534,192,28,785.0,746.0,1016.0,945.0,817.2857142857143,975.0
2019-07-12,2019,7,28,798.0,997.0,4.98,5.64,sur,3.867912996913761,0.2267241866428182,3.875440102518982,70.49988961398837,16.56066135134229,6.010810465245696,25.01,25.63,27.19,46.87,54.99,71.31,0.0,1.63,11.5,193,32.713067406941754,9.17705038839868,193,28,835.0,771.0,1024.0,941.0,812.0,971.1428571428571
2019-07-13,2019,7,28,805.0,968.0,5.23,5.47,sur,3.867912996913761,0.2267241866428182,3.875440102518982,70.49988961398837,16.56066135134229,6.219349153737889,23.76,25.97,26.84,46.76,51.48,64.99,0.0,1.56,10.75,194,32.75732567196704,10.922885915513223,194,28,834.0,745.0,973.0,868.0,807.8571428571429,970.4285714285714
2019-07-14,2019,7,28,771.0,960.0,5.23,5.87,sur,3.867912996913761,0.2267241866428182,3.875440102518982,70.49988961398837,16.56066135134229,6.325094821819086,23.53,23.77,26.04,43.84,53.08,65.81,0.0,1.57,11.45,195,32.80348886008833,9.874395040304298,195,28,826.0,780.0,953.0,938.0,800.0,971.4285714285714
2019-07-15,2019,7,29,784.0,968.0,4.79,5.53,sur,3.867912996913761,0.2267241866428182,3.875440102518982,70.49988961398837,16.56066135134229,6.479429683341351,24.88,24.77,27.03,46.66,54.42,70.35,0.0,3.2,22.03,196,32.85151554522007,9.15225771292791,196,29,805.0,833.0,930.0,958.0,797.0,976.8571428571429
2019-07-16,2019,7,29,773.0,934.0,4.86,5.94,sur,3.867912996913761,0.2267241866428182,3.875440102518982,70.49988961398837,16.56066135134229,6.217571290373027,24.67,25.66,27.55,48.26,50.86,70.75,0.0,3.07,22.07,197,32.90136272566487,10.608738172279748,197,29,827.0,826.0,1001.0,1021.0,789.2857142857143,967.2857142857143
2019-07-17,2019,7,29,792.0,946.0,5.03,5.75,sur,3.867912996913761,0.2267241866428182,3.875440102518982,70.49988961398837,16.56066135134229,6.276183552979163,24.5,25.58,26.46,44.8,50.43,69.88,0.0,3.3,22.36,198,32.952985860328155,8.765494238847293,198,29,774.0,761.0,983.0,955.0,791.8571428571429,962.0
2019-07-18,2019,7,29,762.0,923.0,5.17,5.93,sur,3.867912996913761,0.2267241866428182,3.875440102518982,70.49988961398837,16.56066135134229,6.505244593284867,23.66,25.08,27.57,45.14,52.86,66.6,0.0,3.2,22.2,199,33.006338906451326,12.400503929626,199,29,820.0,785.0,961.0,1016.0,783.5714285714286,956.5714285714286
2019-07-19,2019,7,29,811.0,971.0,5.23,5.78,sur,3.867912996913761,0.2267241866428182,3.875440102518982,70.49988961398837,16.56066135134229,6.227354296561799,25.01,23.59,27.27,48.12,50.01,69.57,0.0,3.08,21.72,200,33.06137435886172,9.443407348849028,200,29,798.0,835.0,997.0,1024.0,785.4285714285714,952.8571428571429
2019-07-20,2019,7,29,773.0,1004.0,4.86,5.85,sur,3.867912996913761,0.2267241866428182,3.875440102518982,70.49988961398837,16.56066135134229,6.08730513521112,24.79,25.81,27.77,48.2,54.17,65.86,0.0,3.07,23.03,201,33.11804329073593,10.862415286205396,201,29,805.0,834.0,968.0,973.0,780.8571428571429,958.0
2019-07-21,2019,7,29,805.0,954.0,5.02,5.85,sur,3.867912996913761,0.2267241866428182,3.875440102518982,70.49988961398837,16.56066135134229,5.986882371328364,24.6,23.84,26.66,47.21,50.34,67.44,0.0,3.11,22.14,202,33.17629539587189,9.047218943147897,202,29,771.0,826.0,960.0,953.0,785.7142857142857,957.1428571428571
2019-07-22,2019,7,30,783.0,931.0,5.16,5.75,sur,3.867912996913761,0.2267241866428182,3.875440102518982,70.49988961398837,16.56066135134229,5.956206645105813,23.39,25.67,27.31,47.97,54.83,67.83,0.0,0.0,0.0,203,33.23607903246254,12.502775051598142,203,30,784.0,805.0,968.0,930.0,785.5714285714286,951.8571428571429
2019-07-23,2019,7,30,766.0,965.0,5.14,5.8,sur,3.867912996913761,0.2267241866428182,3.875440102518982,70.49988961398837,16.56066135134229,6.374078000243739,23.2,24.1,25.75,48.11,53.49,71.2,0.0,0.0,0.0,204,33.29734126836285,10.102602104472997,204,30,773.0,827.0,934.0,1001.0,784.5714285714286,956.2857142857143
2019-07-24,2019,7,30,769.0,973.0,4.88,5.9,sur,3.867912996913761,0.2267241866428182,3.875440102518982,70.49988961398837,16.56066135134229,5.956154610238668,24.17,26.0,26.34,46.19,54.98,68.42,0.0,0.0,0.0,205,33.360027927839006,9.337054062398431,205,30,792.0,774.0,946.0,983.0,781.2857142857143,960.1428571428571
2019-07-25,2019,7,30,745.0,941.0,5.13,5.7,sur,3.867912996913761,0.2267241866428182,3.875440102518982,70.49988961398837,16.56066135134229,6.254008946779968,24.3,24.73,25.83,43.9,53.91,71.2,0.0,0.0,0.0,206,33.42408363978677,7.855228555320237,206,30,762.0,820.0,923.0,961.0,778.8571428571429,962.7142857142857
2019-07-26,2019,7,30,731.0,953.0,4.92,5.85,sur,3.867912996913761,0.2267241866428182,3.875440102518982,70.49988961398837,16.56066135134229,6.148735855914446,23.38,25.51,26.84,46.99,52.33,69.56,0.0,0.0,0.0,207,33.489451887403895,11.835856470336102,207,30,811.0,798.0,971.0,997.0,767.4285714285714,960.1428571428571
2019-07-27,2019,7,30,805.0,907.0,4.79,5.91,sur,3.867912996913761,0.2267241866428182,3.875440102518982,70.49988961398837,16.56066135134229,6.081032726793033,24.12,26.03,27.87,43.88,54.94,64.66,0.0,0.0,0.0,208,33.556075059297875,12.34640138753094,208,30,773.0,805.0,1004.0,968.0,772.0,946.2857142857143
2019-07-28,2019,7,30,801.0,930.0,4.76,5.93,sur,3.867912996913761,0.2267241866428182,3.875440102518982,70.49988961398837,16.56066135134229,6.322870350245752,25.19,25.11,27.37,45.68,54.65,67.87,0.0,0.0,0.0,209,33.62389450200935,9.43256620544433,209,30,805.0,771.0,954.0,960.0,771.4285714285714,942.8571428571429
2019-07-29,2019,7,31,925.0,1166.0,2.92,6.45,este,3.867912996913761,0.2267241866428182,3.875440102518982,70.49988961398837,16.56066135134229,5.936149834018634,24.34,25.02,27.98,30.48,38.96,56.47,0.0,0.0,0.0,210,33.69285057392693,12.21355376858189,210,31,783.0,784.0,931.0,968.0,791.7142857142857,976.4285714285714
2019-07-30,2019,7,31,932.0,1098.0,3.03,6.18,este,3.867912996913761,0.2267241866428182,3.875440102518982,70.49988961398837,16.56066135134229,5.961886720562946,25.08,24.84,27.23,30.7,39.82,53.88,0.0,0.0,0.0,211,33.762882700567644,9.406159760928023,211,31,766.0,773.0,965.0,934.0,815.4285714285714,995.4285714285714
2019-07-31,2019,7,31,946.0,1114.0,3.11,6.62,este,3.867912996913761,0.2267241866428182,3.875440102518982,70.49988961398837,16.56066135134229,5.984747614251574,22.88,23.77,25.69,32.81,38.46,51.68,0.0,0.0,0.0,212,33.833929431193624,10.776040130519515,212,31,769.0,792.0,973.0,946.0,840.7142857142857,1015.5714285714286
2019-08-01,2019,8,31,951.0,1173.0,2.88,6.27,este,3.867912996913761,0.2267241866428182,3.875440102518982,70.49988961398837,16.56066135134229,5.96046171856455,24.16,24.94,26.22,33.34,40.79,51.62,0.0,0.0,0.0,213,33.90592849673267,9.246190839584434,213,31,745.0,762.0,941.0,923.0,870.1428571428571,1048.7142857142858
2019-08-02,2019,8,31,991.0,1099.0,2.95,6.33,este,3.867912996913761,0.2267241866428182,3.875440102518982,70.49988961398837,16.56066135134229,6.373401956402974,24.95,24.26,27.06,31.4,40.77,54.38,0.0,0.0,0.0,214,33.978816868967336,9.37784567164605,214,31,731.0,811.0,953.0,971.0,907.2857142857143,1069.5714285714287
2019-08-03,2019,8,31,920.0,1077.0,3.03,6.08,este,3.867912996913761,0.2267241866428182,3.875440102518982,70.49988961398837,16.56066135134229,6.091685173096138,24.96,24.12,27.92,32.64,39.89,53.37,0.0,0.0,0.0,215,34.0525308209535,11.131375958937772,215,31,805.0,773.0,907.0,1004.0,923.7142857142857,1093.857142857143
2019-08-04,2019,8,31,935.0,1173.0,3.02,6.21,este,3.867912996913761,0.2267241866428182,3.875440102518982,70.49988961398837,16.56066135134229,6.151230791124633,23.35,24.25,27.22,32.6,38.4,54.75,0.0,0.0,0.0,216,34.12700598862685,12.755787395967683,216,31,801.0,805.0,930.0,954.0,942.8571428571429,1128.5714285714287
2019-08-05,2019,8,32,983.0,1091.0,2.9,6.34,este,3.867912996913761,0.2267241866428182,3.875440102518982,70.49988961398837,16.56066135134229,6.5099051691265375,23.18,23.97,27.23,32.73,37.74,55.84,0.0,0.0,0.0,217,34.20217743355145,13.07780532610809,217,32,925.0,783.0,1166.0,931.0,951.1428571428571,1117.857142857143
2019-08-06,2019,8,32,896.0,1085.0,3.14,6.48,este,3.867912996913761,0.2267241866428182,3.875440102518982,70.49988961398837,16.56066135134229,6.120795345577688,23.42,23.71,27.57,32.62,39.96,53.02,0.0,0.0,0.0,218,34.277979706762,13.267615182707637,218,32,932.0,766.0,1098.0,965.0,946.0,1116.0
2019-08-07,2019,8,32,935.0,1088.0,3.12,6.37,este,3.867912996913761,0.2267241866428182,3.875440102518982,70.49988961398837,16.56066135134229,6.228545140068117,23.59,25.19,28.22,33.02,38.63,53.93,0.0,0.0,0.0,219,34.35434691364722,14.04513097076259,219,32,946.0,769.0,1114.0,973.0,944.4285714285714,1112.2857142857142
2019-08-08,2019,8,32,926.0,1090.0,3.06,6.6,este,3.867912996913761,0.2267241866428182,3.875440102518982,70.49988961398837,16.56066135134229,5.956227633412306,24.7,24.53,27.11,31.33,37.84,51.88,0.0,0.0,0.0,220,34.4312127798191,10.155807081762235,220,32,951.0,745.0,1173.0,941.0,940.8571428571429,1100.4285714285713
2019-08-09,2019,8,32,899.0,1188.0,3.08,6.67,este,3.867912996913761,0.2267241866428182,3.875440102518982,70.49988961398837,16.56066135134229,6.12166853957298,24.01,24.39,25.77,32.52,37.63,52.6,0.0,0.0,0.0,221,34.50851071790864,8.698335441519816,221,32,991.0,731.0,1099.0,953.0,927.7142857142857,1113.142857142857
2019-08-10,2019,8,32,951.0,1167.0,3.02,6.75,este,3.867912996913761,0.2267241866428182,3.875440102518982,70.49988961398837,16.56066135134229,6.263531830285038,23.06,25.31,27.17,32.55,40.0,53.54,0.0,0.0,0.0,222,34.58617389522569,13.322233233499738,222,32,920.0,805.0,1077.0,907.0,932.1428571428571,1126.0
2019-08-11,2019,8,32,910.0,1091.0,2.9,6.81,este,3.867912996913761,0.2267241866428182,3.875440102518982,70.49988961398837,16.56066135134229,6.0056146315753045,24.33,25.19,27.78,31.55,38.31,54.49,0.0,0.0,0.0,223,34.66413530221696,12.233297000220617,223,32,935.0,801.0,1173.0,930.0,928.5714285714286,1114.2857142857142
2019-08-12,2019,8,33,895.0,1122.0,2.91,6.54,este,3.867912996913761,0.2267241866428182,3.875440102518982,70.49988961398837,16.56066135134229,5.941850594067925,24.31,25.62,26.66,30.77,36.53,54.49,0.0,0.0,0.0,224,34.74232782165292,10.11920620741592,224,33,983.0,925.0,1091.0,1166.0,916.0,1118.7142857142858
2019-08-13,2019,8,33,939.0,1075.0,2.9,6.21,este,3.867912996913761,0.2267241866428182,3.875440102518982,70.49988961398837,16.56066135134229,6.277692751698415,23.21,24.37,27.13,32.21,40.11,55.6,0.0,0.0,0.0,225,34.82068429847086,13.098873140278489,225,33,896.0,932.0,1085.0,1098.0,922.1428571428571,1117.2857142857142
2019-08-14,2019,8,33,906.0,1077.0,2.87,6.6,este,3.867912996913761,0.2267241866428182,3.875440102518982,70.49988961398837,16.56066135134229,5.970635572890409,24.46,25.99,26.55,33.36,36.71,52.11,0.0,0.0,0.0,226,34.89913761019836,9.58608861361255,226,33,935.0,946.0,1088.0,1114.0,918.0,1115.7142857142858
2019-08-15,2019,8,33,923.0,1105.0,3.01,6.33,este,3.867912996913761,0.2267241866428182,3.875440102518982,70.49988961398837,16.56066135134229,6.11286289728042,24.65,24.65,26.15,30.66,36.64,52.56,0.0,0.0,0.0,227,34.977620737878034,8.139345706317279,227,33,926.0,951.0,1090.0,1173.0,917.5714285714286,1117.857142857143
2019-08-16,2019,8,33,921.0,1082.0,3.0,6.15,este,3.867912996913761,0.2267241866428182,3.875440102518982,70.49988961398837,16.56066135134229,5.9790882848786895,25.17,25.7,27.19,31.94,40.13,56.47,0.0,0.0,0.0,228,35.056066837411365,9.466566148495255,228,33,899.0,991.0,1188.0,1099.0,920.7142857142857,1102.7142857142858
2019-08-17,2019,8,33,934.0,1094.0,2.89,6.29,este,3.867912996913761,0.2267241866428182,3.875440102518982,70.49988961398837,16.56066135134229,6.16496813989149,24.43,24.19,27.59,31.89,38.96,56.07,0.0,0.0,0.0,229,35.13440931123666,11.866695506440951,229,33,951.0,920.0,1167.0,1077.0,918.2857142857143,1092.2857142857142
2019-08-18,2019,8,33,882.0,1145.0,3.13,6.31,este,3.867912996913761,0.2267241866428182,3.875440102518982,70.49988961398837,16.56066135134229,5.917299309362656,23.02,25.73,27.85,31.01,38.31,52.94,0.0,0.0,0.0,230,35.212581880252884,14.70364593069086,230,33,910.0,935.0,1091.0,1173.0,914.2857142857143,1100.0
2019-08-19,2019,8,34,860.0,1083.0,3.14,6.56,este,3.867912996913761,0.2267241866428182,3.875440102518982,70.49988961398837,16.56066135134229,6.394248354222466,24.93,24.42,28.1,31.37,38.24,54.97,0.0,0.0,0.0,231,35.29051865589894,11.938266601447136,231,34,895.0,983.0,1122.0,1091.0,909.2857142857143,1094.4285714285713
2019-08-20,2019,8,34,919.0,1047.0,3.07,6.51,este,3.867912996913761,0.2267241866428182,3.875440102518982,70.49988961398837,16.56066135134229,6.185547053134636,24.63,24.15,27.88,33.26,39.75,53.17,0.0,0.0,0.0,232,35.36815421229483,12.114560885439936,232,34,939.0,896.0,1075.0,1085.0,906.4285714285714,1090.4285714285713
2019-08-21,2019,8,34,920.0,1075.0,3.12,6.55,este,3.867912996913761,0.2267241866428182,3.875440102518982,70.49988961398837,16.56066135134229,6.348787736193791,24.24,24.15,26.78,32.52,39.29,55.72,0.0,0.0,0.0,233,35.44542365834922,10.733234818990107,233,34,906.0,935.0,1077.0,1088.0,908.4285714285714,1090.142857142857
2019-08-22,2019,8,34,877.0,1096.0,2.91,6.54,este,3.867912996913761,0.2267241866428182,3.875440102518982,70.49988961398837,16.56066135134229,6.373393089775631,23.23,24.52,26.24,31.0,37.77,53.16,0.0,0.0,0.0,234,35.522262709735344,11.709476263904454,234,34,923.0,926.0,1105.0,1090.0,901.8571428571429,1088.857142857143
2019-08-23,2019,8,34,858.0,1112.0,2.87,6.26,este,3.867912996913761,0.2267241866428182,3.875440102518982,70.49988961398837,16.56066135134229,5.912649937279845,25.08,24.05,27.24,31.22,40.48,52.74,0.0,0.0,0.0,235,35.59860776063529,9.940620400642308,235,34,921.0,899.0,1082.0,1188.0,892.8571428571429,1093.142857142857
2019-08-24,2019,8,34,926.0,1144.0,2.94,6.34,este,3.867912996913761,0.2267241866428182,3.875440102518982,70.49988961398837,16.56066135134229,6.339439358596609,24.84,25.64,28.07,32.86,37.64,52.24,0.0,0.0,0.0,236,35.674395955150665,12.181800712881662,236,34,934.0,951.0,1094.0,1167.0,891.7142857142857,1100.2857142857142
2019-08-25,2019,8,34,940.0,1043.0,3.01,6.38,este,3.867912996913761,0.2267241866428182,3.875440102518982,70.49988961398837,16.56066135134229,6.455921765792716,24.22,25.9,26.61,30.41,39.51,54.11,0.0,0.0,0.0,237,35.74956525827639,10.50082247038312,237,34,882.0,910.0,1145.0,1091.0,900.0,1085.7142857142858
2019-08-26,2019,8,35,887.0,1051.0,3.04,6.4,este,3.867912996913761,0.2267241866428182,3.875440102518982,70.49988961398837,16.56066135134229,6.39323972463604,24.95,23.75,26.6,30.83,38.12,53.14,0.0,0.0,0.0,238,35.82405452633241,8.743197933728906,238,35,860.0,895.0,1083.0,1122.0,903.8571428571429,1081.142857142857
2019-08-27,2019,8,35,886.0,1018.0,2.92,6.49,este,3.867912996913761,0.2267241866428182,3.875440102518982,70.49988961398837,16.56066135134229,5.946883760725803,24.81,26.03,28.09,32.93,36.5,54.42,0.0,0.0,0.0,239,35.89780357674738,12.35260060602487,239,35,919.0,939.0,1047.0,1075.0,899.1428571428571,1077.0
2019-08-28,2019,8,35,881.0,1099.0,3.1,6.11,este,3.867912996913761,0.2267241866428182,3.875440102518982,70.49988961398837,16.56066135134229,5.917777331943978,22.85,24.35,28.13,31.03,38.02,51.62,0.0,0.0,0.0,240,35.97075325708702,15.704354660165862,240,35,920.0,906.0,1075.0,1077.0,893.5714285714286,1080.4285714285713
2019-08-29,2019,8,35,874.0,1107.0,2.98,6.24,este,3.867912996913761,0.2267241866428182,3.875440102518982,70.49988961398837,16.56066135134229,5.939025464588033,24.95,25.35,26.8,31.77,37.09,53.47,0.0,0.0,0.0,241,36.042845513219575,9.314478305680314,241,35,877.0,923.0,1096.0,1105.0,893.1428571428571,1082.0
2019-08-30,2019,8,35,905.0,1075.0,2.92,6.44,este,3.867912996913761,0.2267241866428182,3.875440102518982,70.49988961398837,16.56066135134229,6.134865045369085,23.22,25.87,27.6,32.58,38.59,52.06,0.0,0.0,0.0,242,36.11402345650973,14.360399831891336,242,35,858.0,921.0,1112.0,1082.0,899.8571428571429,1076.7142857142858
2019-08-31,2019,8,35,859.0,1047.0,3.05,6.25,este,3.867912996913761,0.2267241866428182,3.875440102518982,70.49988961398837,16.56066135134229,6.335340409405638,24.06,25.95,27.65,32.96,36.61,55.46,0.0,0.0,0.0,243,36.18423142993297,13.02627305880194,243,35,926.0,934.0,1144.0,1094.0,890.2857142857143,1062.857142857143
2019-09-01,2019,9,35,908.0,1103.0,3.07,6.14,este,3.867912996913761,0.2267241866428182,3.875440102518982,70.49988961398837,16.56066135134229,6.046052056373771,24.91,25.53,28.03,31.0,36.49,53.65,0.0,0.0,0.0,244,36.25341507300143,12.16689671547402,244,35,940.0,882.0,1043.0,1145.0,885.7142857142857,1071.4285714285713
2019-09-02,2019,9,36,842.0,1033.0,2.07,7.14,este,3.867912996913761,0.2267241866428182,3.875440102518982,70.49988961398837,16.56066135134229,6.505852758327734,22.99,26.1,27.74,25.92,30.43,40.29,0.0,0.0,0.0,245,36.32152138539364,15.040574913485322,245,36,887.0,860.0,1051.0,1083.0,879.2857142857143,1068.857142857143
2019-09-03,2019,9,36,919.0,1027.0,2.09,6.7,este,3.867912996913761,0.2267241866428182,3.875440102518982,70.49988961398837,16.56066135134229,6.154391950777622,22.98,25.91,26.95,23.82,32.6,40.65,0.0,0.0,0.0,246,36.388498789180304,13.77567833727996,246,36,886.0,919.0,1018.0,1047.0,884.0,1070.142857142857
2019-09-04,2019,9,36,854.0,1073.0,1.94,6.67,este,3.867912996913761,0.2267241866428182,3.875440102518982,70.49988961398837,16.56066135134229,6.144145426618959,23.14,25.14,25.98,24.12,30.81,39.21,0.0,0.0,0.0,247,36.45429718953992,11.672435983807922,247,36,881.0,920.0,1099.0,1075.0,880.1428571428571,1066.4285714285713
2019-09-05,2019,9,36,879.0,1049.0,1.92,6.77,este,3.867912996913761,0.2267241866428182,3.875440102518982,70.49988961398837,16.56066135134229,6.344701084194996,25.13,25.17,26.97,26.21,32.77,42.19,0.0,0.0,0.0,248,36.51886803385843,9.411954517401652,248,36,874.0,877.0,1107.0,1096.0,880.8571428571429,1058.142857142857
2019-09-06,2019,9,36,876.0,1079.0,2.0,6.68,este,3.867912996913761,0.2267241866428182,3.875440102518982,70.49988961398837,16.56066135134229,6.322253279950244,23.91,25.38,26.82,25.28,30.06,42.41,0.0,0.0,0.0,249,36.58216436910934,11.856854546410794,249,36,905.0,858.0,1075.0,1112.0,876.7142857142857,1058.7142857142858
2019-09-07,2019,9,36,863.0,1038.0,2.09,7.02,este,3.867912996913761,0.2267241866428182,3.875440102518982,70.49988961398837,16.56066135134229,6.194196874097419,24.61,25.23,27.7,23.88,31.95,38.96,0.0,0.0,0.0,250,36.64414089741174,12.238759058223074,250,36,859.0,926.0,1047.0,1144.0,877.2857142857143,1057.4285714285713
2019-09-08,2019,9,36,867.0,1001.0,2.05,6.67,este,3.867912996913761,0.2267241866428182,3.875440102518982,70.49988961398837,16.56066135134229,6.23341562245724,23.04,25.31,27.98,26.14,31.74,39.43,0.0,0.0,0.0,251,36.7047540296665,15.50027464875314,251,36,908.0,940.0,1103.0,1043.0,871.4285714285714,1042.857142857143
2019-09-09,2019,9,37,881.0,1021.0,1.99,7.13,este,3.867912996913761,0.2267241866428182,3.875440102518982,70.49988961398837,16.56066135134229,6.134988958546269,22.95,24.68,26.27,24.83,30.08,41.04,0.0,0.0,0.0,252,36.76396193717215,12.72755406672225,252,37,842.0,887.0,1033.0,1051.0,877.0,1041.142857142857
2019-09-10,2019,9,37,849.0,1032.0,2.09,7.01,este,3.867912996913761,0.2267241866428182,3.875440102518982,70.49988961398837,16.56066135134229,6.431938171126269,23.75,24.68,27.18,24.57,30.54,39.03,0.0,0.0,0.0,253,36.82172460112562,12.957009776498625,253,37,919.0,886.0,1027.0,1018.0,867.0,1041.857142857143
2019-09-11,2019,9,37,848.0,1010.0,2.02,6.85,este,3.867912996913761,0.2267241866428182,3.875440102518982,70.49988961398837,16.56066135134229,6.356258109187403,24.7,24.67,26.06,26.02,30.29,39.89,0.0,0.0,0.0,254,36.87800385991513,8.171286926433206,254,37,854.0,881.0,1073.0,1099.0,866.1428571428571,1032.857142857143
2019-09-12,2019,9,37,883.0,1003.0,2.06,6.91,este,3.867912996913761,0.2267241866428182,3.875440102518982,70.49988961398837,16.56066135134229,6.265003955828086,22.96,25.51,28.21,24.39,30.94,40.7,0.0,0.0,0.0,255,36.93276345411582,16.078482494476525,255,37,879.0,874.0,1049.0,1107.0,866.7142857142857,1026.2857142857142
2019-09-13,2019,9,37,867.0,1066.0,1.91,7.12,este,3.867912996913761,0.2267241866428182,3.875440102518982,70.49988961398837,16.56066135134229,5.940289284519347,22.99,24.44,26.77,24.49,29.71,41.01,0.0,0.0,0.0,256,36.98596906910211,13.662699075922507,256,37,876.0,905.0,1079.0,1075.0,865.4285714285714,1024.4285714285713
2019-09-14,2019,9,37,823.0,1017.0,2.06,7.01,este,3.867912996913761,0.2267241866428182,3.875440102518982,70.49988961398837,16.56066135134229,6.095369927897265,24.18,26.33,26.85,25.62,30.12,39.21,0.0,0.0,0.0,257,37.03758837519439,11.498784433891606,257,37,863.0,859.0,1038.0,1047.0,859.7142857142857,1021.4285714285714
2019-09-15,2019,9,37,849.0,1051.0,2.0,7.08,este,3.867912996913761,0.2267241866428182,3.875440102518982,70.49988961398837,16.56066135134229,6.4441756331697455,24.89,24.65,25.85,25.0,30.31,41.6,0.0,0.0,0.0,258,37.087591065261456,6.904271216316022,258,37,867.0,908.0,1001.0,1103.0,857.1428571428571,1028.5714285714287
2019-09-16,2019,9,38,866.0,1028.0,2.09,7.18,este,3.867912996913761,0.2267241866428182,3.875440102518982,70.49988961398837,16.56066135134229,6.00906236013927,24.69,26.14,26.8,24.62,32.55,41.02,0.0,0.0,0.0,259,37.1359488897041,10.249185511689788,259,38,881.0,842.0,1021.0,1033.0,855.0,1029.5714285714287
2019-09-17,2019,9,38,851.0,1007.0,2.09,7.31,este,3.867912996913761,0.2267241866428182,3.875440102518982,70.49988961398837,16.56066135134229,6.483404941005117,23.83,24.46,28.29,25.04,30.75,42.34,0.0,0.0,0.0,260,37.18263568874978,14.91973817361113,260,38,849.0,919.0,1032.0,1027.0,855.2857142857143,1026.0
2019-09-18,2019,9,38,839.0,1000.0,1.93,7.15,este,3.867912996913761,0.2267241866428182,3.875440102518982,70.49988961398837,16.56066135134229,6.104428786898207,24.45,26.35,27.24,26.22,30.04,41.2,0.0,0.0,0.0,261,37.22762742199263,11.8146554645544,261,38,848.0,854.0,1010.0,1073.0,854.0,1024.5714285714287
2019-09-19,2019,9,38,814.0,1032.0,1.94,7.03,este,3.867912996913761,0.2267241866428182,3.875440102518982,70.49988961398837,16.56066135134229,5.92663446478673,23.6,25.09,26.63,25.76,31.54,42.5,0.0,0.0,0.0,262,37.27090219511763,12.326643071629936,262,38,883.0,879.0,1003.0,1049.0,844.1428571428571,1028.7142857142858
2019-09-20,2019,9,38,847.0,1019.0,1.99,7.04,este,3.867912996913761,0.2267241866428182,3.875440102518982,70.49988961398837,16.56066135134229,6.505228011026658,24.07,24.73,27.14,25.2,32.11,41.61,0.0,0.0,0.0,263,37.31244028375322,12.421568598349104,263,38,867.0,876.0,1066.0,1079.0,841.2857142857143,1022.0
2019-09-21,2019,9,38,867.0,995.0,2.05,6.95,este,3.867912996913761,0.2267241866428182,3.875440102518982,70.49988961398837,16.56066135134229,6.498038793481322,23.72,24.66,27.86,25.63,29.94,39.36,0.0,0.0,0.0,264,37.3522241544009,14.44010125967212,264,38,823.0,863.0,1017.0,1038.0,847.5714285714286,1018.8571428571429
2019-09-22,2019,9,38,816.0,1019.0,1.92,6.75,este,3.867912996913761,0.2267241866428182,3.875440102518982,70.49988961398837,16.56066135134229,6.04405965621553,24.65,24.92,28.51,25.14,31.86,39.73,0.0,0.0,0.0,265,37.390238482396256,13.9574309653023,265,38,849.0,867.0,1051.0,1001.0,842.8571428571429,1014.2857142857143
2019-09-23,2019,9,39,845.0,1038.0,2.09,6.99,este,3.867912996913761,0.2267241866428182,3.875440102518982,70.49988961398837,16.56066135134229,6.507760672497147,23.73,25.07,27.3,24.58,32.58,41.12,0.0,0.0,0.0,266,37.4264701668608,13.435894284273129,266,39,866.0,881.0,1028.0,1021.0,839.8571428571429,1015.7142857142857
2019-09-24,2019,9,39,791.0,964.0,2.0,6.77,este,3.867912996913761,0.2267241866428182,3.875440102518982,70.49988961398837,16.56066135134229,6.295337864288423,24.85,25.0,28.14,25.37,31.09,39.25,0.0,0.0,0.0,267,37.46090834260974,12.910107356970949,267,39,851.0,849.0,1007.0,1032.0,831.2857142857143,1009.5714285714286
2019-09-25,2019,9,39,856.0,1017.0,2.04,7.33,este,3.867912996913761,0.2267241866428182,3.875440102518982,70.49988961398837,16.56066135134229,6.13423540753608,24.96,26.8,28.93,24.13,31.05,39.6,0.0,0.0,0.0,268,37.49354438898603,14.194018011558487,268,39,839.0,848.0,1000.0,1010.0,833.7142857142857,1012.0
2019-09-26,2019,9,39,813.0,1011.0,1.94,7.16,este,3.867912996913761,0.2267241866428182,3.875440102518982,70.49988961398837,16.56066135134229,6.000638472009532,24.49,24.51,27.53,24.97,31.47,41.52,0.0,0.0,0.0,269,37.52437193559734,12.430935834219795,269,39,814.0,883.0,1032.0,1003.0,833.5714285714286,1009.0
2019-09-27,2019,9,39,812.0,1014.0,2.08,7.42,este,3.867912996913761,0.2267241866428182,3.875440102518982,70.49988961398837,16.56066135134229,6.372454717220196,24.83,24.7,28.57,24.92,30.85,42.26,0.0,0.0,0.0,270,37.553386864937465,13.798710822929952,270,39,847.0,867.0,1019.0,1066.0,828.5714285714286,1008.2857142857143
2019-09-28,2019,9,39,866.0,986.0,2.08,6.86,este,3.867912996913761,0.2267241866428182,3.875440102518982,70.49988961398837,16.56066135134229,6.501532589675659,24.62,24.46,28.38,25.2,32.57,39.29,0.0,0.0,0.0,271,37.58058731188056,13.845577866767602,271,39,867.0,823.0,995.0,1017.0,828.4285714285714,1007.0
2019-09-29,2019,9,39,817.0,970.0,1.97,7.22,este,3.867912996913761,0.2267241866428182,3.875440102518982,70.49988961398837,16.56066135134229,6.119531411105905,25.02,26.98,28.71,26.09,29.6,42.26,0.0,0.0,0.0,272,37.60597366004136,13.725356120647714,272,39,816.0,849.0,1019.0,1051.0,828.5714285714286,1000.0
2019-09-30,2019,9,40,788.0,1004.0,4.91,8.52,este,3.867912996913761,0.2267241866428182,3.875440102518982,70.49988961398837,16.56066135134229,6.057160422457759,25.64,25.77,27.36,30.26,38.2,37.1,0.0,0.0,0.0,273,37.62954853500125,9.376631146189345,273,40,845.0,866.0,1038.0,1028.0,820.4285714285714,995.1428571428571
2019-10-01,2019,10,40,780.0,981.0,5.15,8.28,este,3.867912996913761,0.2267241866428182,3.875440102518982,70.49988961398837,16.56066135134229,6.022959964566551,24.49,25.21,27.11,29.86,36.78,40.94,0.0,0.0,0.0,274,37.6513167944056,11.579356264540364,274,40,791.0,851.0,964.0,1007.0,818.8571428571429,997.5714285714286
2019-10-02,2019,10,40,854.0,967.0,5.02,8.28,este,3.867912996913761,0.2267241866428182,3.875440102518982,70.49988961398837,16.56066135134229,6.2357272737119525,24.64,27.32,27.58,28.88,35.3,40.72,0.0,0.0,0.0,275,37.67128551494343,12.272631853019284,275,40,856.0,839.0,1017.0,1000.0,818.5714285714286,990.4285714285714
2019-10-03,2019,10,40,839.0,995.0,4.81,8.6,este,3.867912996913761,0.2267241866428182,3.875440102518982,70.49988961398837,16.56066135134229,5.8997321822762645,25.8,26.28,26.89,29.24,37.92,39.46,0.0,0.0,0.0,276,37.689463976226754,7.476301565298646,276,40,813.0,814.0,1011.0,1032.0,822.2857142857143,988.1428571428571
2019-10-04,2019,10,40,805.0,1011.0,4.81,8.71,este,3.867912996913761,0.2267241866428182,3.875440102518982,70.49988961398837,16.56066135134229,6.405332723853192,26.0,27.31,27.21,29.32,36.57,39.55,0.0,0.0,0.0,277,37.705863641592536,7.880525501092843,277,40,812.0,847.0,1014.0,1019.0,821.2857142857143,987.7142857142857
2019-10-05,2019,10,40,807.0,937.0,5.09,8.38,este,3.867912996913761,0.2267241866428182,3.875440102518982,70.49988961398837,16.56066135134229,6.19523444973726,25.66,26.76,28.88,29.94,38.04,37.58,0.0,0.0,0.0,278,37.720498135855664,12.86053264614844,278,40,866.0,867.0,986.0,995.0,812.8571428571429,980.7142857142857
2019-10-06,2019,10,40,827.0,1005.0,4.91,8.65,este,3.867912996913761,0.2267241866428182,3.875440102518982,70.49988961398837,16.56066135134229,6.457667502681511,24.83,26.78,28.3,30.29,36.96,38.05,0.0,0.0,0.0,279,37.73338322004756,13.355005913354573,279,40,817.0,816.0,970.0,1019.0,814.2857142857143,985.7142857142857
2019-10-07,2019,10,41,836.0,947.0,5.2,8.25,este,3.867912996913761,0.2267241866428182,3.875440102518982,70.49988961398837,16.56066135134229,6.172966906889072,24.98,26.74,27.29,28.96,35.17,38.55,0.0,0.0,0.0,280,37.74453676317992,10.899678562941748,280,41,788.0,845.0,1004.0,1038.0,821.1428571428571,977.5714285714286
2019-10-08,2019,10,41,796.0,981.0,5.05,8.5,este,3.867912996913761,0.2267241866428182,3.875440102518982,70.49988961398837,16.56066135134229,6.098273941360742,23.78,25.79,27.51,28.18,38.18,40.73,0.0,0.0,0.0,281,37.75397871107917,13.853858369439482,281,41,780.0,791.0,981.0,964.0,823.4285714285714,977.5714285714286
2019-10-09,2019,10,41,790.0,999.0,4.87,8.46,este,3.867912996913761,0.2267241866428182,3.875440102518982,70.49988961398837,16.56066135134229,6.381223586486954,25.08,26.04,27.1,30.27,37.98,40.08,0.0,0.0,0.0,282,37.76173105234202,10.19720570897566,282,41,854.0,856.0,967.0,1017.0,814.2857142857143,982.1428571428571
2019-10-10,2019,10,41,794.0,974.0,5.17,8.94,este,3.867912996913761,0.2267241866428182,3.875440102518982,70.49988961398837,16.56066135134229,6.167472895268939,24.87,27.56,28.65,29.48,36.96,40.21,0.0,0.0,0.0,283,37.7678177814679,13.951515725825429,283,41,839.0,813.0,995.0,1011.0,807.8571428571429,979.1428571428571
2019-10-11,2019,10,41,762.0,951.0,5.13,8.6,este,3.867912996913761,0.2267241866428182,3.875440102518982,70.49988961398837,16.56066135134229,6.299057114338617,23.88,26.21,26.91,29.56,35.39,40.35,0.0,0.0,0.0,284,37.77226485922906,12.492459251168324,284,41,805.0,812.0,1011.0,1014.0,801.7142857142857,970.5714285714286
2019-10-12,2019,10,41,795.0,990.0,5.06,8.23,este,3.867912996913761,0.2267241866428182,3.875440102518982,70.49988961398837,16.56066135134229,6.203254304585783,25.73,26.72,27.09,28.46,35.52,40.09,0.0,0.0,0.0,285,37.77510017034398,8.370062092817053,285,41,807.0,866.0,937.0,986.0,800.0,978.1428571428571
2019-10-13,2019,10,41,827.0,958.0,4.75,8.99,este,3.867912996913761,0.2267241866428182,3.875440102518982,70.49988961398837,16.56066135134229,6.248931604679991,24.02,26.3,28.08,28.46,38.26,38.67,0.0,0.0,0.0,286,37.776353478524165,14.46227619439316,286,41,827.0,817.0,1005.0,970.0,800.0,971.4285714285714
2019-10-14,2019,10,42,812.0,988.0,5.0,8.32,este,3.867912996913761,0.2267241866428182,3.875440102518982,70.49988961398837,16.56066135134229,6.285264689618768,24.68,26.16,27.54,27.88,37.05,37.41,0.0,0.0,0.0,287,37.77605637896929,12.138170551960965,287,42,836.0,788.0,947.0,1004.0,796.5714285714286,977.2857142857143
2019-10-15,2019,10,42,780.0,990.0,4.77,8.87,este,3.867912996913761,0.2267241866428182,3.875440102518982,70.49988961398837,16.56066135134229,6.336213527382976,24.76,26.96,29.3,29.47,36.43,39.56,0.0,0.0,0.0,288,37.77424224838939,15.292457722751838,288,42,796.0,780.0,981.0,981.0,794.2857142857143,978.5714285714286
2019-10-16,2019,10,42,783.0,919.0,5.11,8.4,este,3.867912996913761,0.2267241866428182,3.875440102518982,70.49988961398837,16.56066135134229,6.481375570236041,24.73,25.34,27.07,27.74,35.71,39.91,0.0,0.0,0.0,289,37.77094619263745,10.977903125937925,289,42,790.0,854.0,999.0,967.0,793.2857142857143,967.1428571428571
2019-10-17,2019,10,42,799.0,934.0,5.02,8.36,este,3.867912996913761,0.2267241866428182,3.875440102518982,70.49988961398837,16.56066135134229,6.295958708008217,24.09,25.75,26.95,28.51,37.79,40.05,0.0,0.0,0.0,290,37.76620499203883,12.135005112627232,290,42,794.0,839.0,974.0,995.0,794.0,961.4285714285714
2019-10-18,2019,10,42,775.0,931.0,4.91,8.54,este,3.867912996913761,0.2267241866428182,3.875440102518982,70.49988961398837,16.56066135134229,6.273299884387667,24.68,26.35,26.61,30.38,35.9,37.32,0.0,0.0,0.0,291,37.7600570445083,9.96701007305596,291,42,762.0,805.0,951.0,1011.0,795.8571428571429,958.5714285714286
2019-10-19,2019,10,42,772.0,952.0,5.23,8.81,este,3.867912996913761,0.2267241866428182,3.875440102518982,70.49988961398837,16.56066135134229,5.949667952162601,26.0,26.57,27.45,30.41,37.98,40.24,0.0,0.0,0.0,292,37.75254230654842,8.637415366709043,292,42,795.0,807.0,990.0,937.0,792.5714285714286,953.1428571428571
2019-10-20,2019,10,42,779.0,986.0,5.23,8.69,este,3.867912996913761,0.2267241866428182,3.875440102518982,70.49988961398837,16.56066135134229,6.09909597801659,25.41,25.92,27.77,28.34,35.01,39.68,0.0,0.0,0.0,293,37.74370223222586,11.01676536057546,293,42,827.0,827.0,958.0,1005.0,785.7142857142857,957.1428571428571
2019-10-21,2019,10,43,768.0,923.0,5.15,8.93,este,3.867912996913761,0.2267241866428182,3.875440102518982,70.49988961398837,16.56066135134229,6.11672890574473,25.65,25.37,28.13,30.43,35.4,40.16,0.0,0.57,3.89,294,37.73357971022576,11.29035114261286,294,43,812.0,836.0,988.0,947.0,779.4285714285714,947.8571428571429
2019-10-22,2019,10,43,784.0,937.0,4.92,8.88,este,3.867912996913761,0.2267241866428182,3.875440102518982,70.49988961398837,16.56066135134229,5.922894840664408,26.16,26.12,28.09,27.87,36.85,40.22,0.0,0.59,3.95,295,37.722218999086536,9.95702247744881,295,43,780.0,796.0,990.0,981.0,780.0,940.2857142857143
2019-10-23,2019,10,43,768.0,949.0,4.82,8.88,este,3.867912996913761,0.2267241866428182,3.875440102518982,70.49988961398837,16.56066135134229,6.027926152614844,25.53,25.43,27.75,28.96,36.29,38.22,0.0,0.6,4.14,296,37.70966566071922,10.675365915087903,296,43,783.0,790.0,919.0,999.0,777.8571428571429,944.5714285714286
2019-10-24,2019,10,43,790.0,968.0,4.88,8.3,este,3.867912996913761,0.2267241866428182,3.875440102518982,70.49988961398837,16.56066135134229,6.428982047381144,25.03,27.2,28.25,27.75,35.19,37.99,0.0,0.59,4.19,297,37.69596649231899,12.852168758656,297,43,799.0,794.0,934.0,974.0,776.5714285714286,949.4285714285714
2019-10-25,2019,10,43,732.0,937.0,4.82,8.98,este,3.867912996913761,0.2267241866428182,3.875440102518982,70.49988961398837,16.56066135134229,6.13758108743808,24.21,26.76,28.81,29.73,38.13,39.05,0.0,0.58,3.96,298,37.681169456776864,15.3552499322718,298,43,775.0,762.0,931.0,951.0,770.4285714285714,950.2857142857143
2019-10-26,2019,10,43,762.0,951.0,4.76,8.62,este,3.867912996913761,0.2267241866428182,3.875440102518982,70.49988961398837,16.56066135134229,6.079894303142932,23.97,26.73,28.3,29.42,36.07,40.16,0.0,0.57,3.99,299,37.665323611702064,14.89152765197211,299,43,772.0,795.0,952.0,990.0,769.0,950.1428571428571
2019-10-27,2019,10,43,796.0,935.0,5.12,8.42,este,3.867912996913761,0.2267241866428182,3.875440102518982,70.49988961398837,16.56066135134229,6.124957089627953,24.53,26.09,28.64,27.79,35.12,37.89,0.0,0.57,3.98,300,37.648479037166446,14.501801215106155,300,43,779.0,827.0,986.0,958.0,771.4285714285714,942.8571428571429
2019-10-28,2019,10,44,865.0,1099.0,8.05,9.1,oeste,3.867912996913761,0.2267241866428182,3.875440102518982,70.49988961398837,16.56066135134229,6.046053507062668,22.21,26.7,28.24,41.77,50.48,52.13,0.0,0.0,0.0,301,37.63068676228361,17.557165433235955,301,44,768.0,812.0,923.0,988.0,785.2857142857143,968.0
2019-10-29,2019,10,44,895.0,1117.0,8.36,8.87,oeste,3.867912996913761,0.2267241866428182,3.875440102518982,70.49988961398837,16.56066135134229,6.47868204746543,22.92,26.2,28.29,42.97,51.93,55.53,0.0,0.0,0.0,302,37.611998690736144,16.560260194200076,302,44,784.0,780.0,937.0,990.0,801.1428571428571,993.7142857142857
2019-10-30,2019,10,44,937.0,1127.0,8.29,9.28,oeste,3.867912996913761,0.2267241866428182,3.875440102518982,70.49988961398837,16.56066135134229,5.918809694157183,22.38,25.72,26.86,40.8,49.37,51.91,0.0,0.0,0.0,303,37.59246752536474,15.117968676690795,303,44,768.0,783.0,949.0,919.0,825.2857142857143,1019.1428571428571
2019-10-31,2019,10,44,897.0,1140.0,7.75,8.62,oeste,3.867912996913761,0.2267241866428182,3.875440102518982,70.49988961398837,16.56066135134229,6.376403196828375,23.13,26.34,27.76,42.63,51.4,51.1,0.0,0.0,0.0,304,37.57214669193354,15.36066811187963,304,44,790.0,799.0,968.0,934.0,840.5714285714286,1043.7142857142858
2019-11-01,2019,11,44,899.0,1082.0,8.25,8.56,oeste,3.867912996913761,0.2267241866428182,3.875440102518982,70.49988961398837,16.56066135134229,6.444311692807259,23.92,26.59,28.37,41.66,50.64,51.56,0.0,0.0,0.0,305,37.55109026218615,15.050681220650382,305,44,732.0,775.0,937.0,931.0,864.4285714285714,1064.4285714285713
2019-11-02,2019,11,44,870.0,1066.0,7.94,9.07,oeste,3.867912996913761,0.2267241866428182,3.875440102518982,70.49988961398837,16.56066135134229,6.168154268399099,22.2,27.63,28.82,42.64,48.3,54.43,0.0,0.0,0.0,306,37.529352876306135,18.34651885470996,306,44,762.0,772.0,951.0,952.0,879.8571428571429,1080.857142857143
2019-11-03,2019,11,44,937.0,1069.0,8.04,8.59,oeste,3.867912996913761,0.2267241866428182,3.875440102518982,70.49988961398837,16.56066135134229,6.501668649035057,22.76,25.49,27.36,43.92,52.11,51.67,0.0,0.0,0.0,307,37.506989664896246,15.284270865644212,307,44,796.0,779.0,935.0,986.0,900.0,1100.0
2019-11-04,2019,11,45,926.0,1061.0,8.23,9.51,oeste,3.867912996913761,0.2267241866428182,3.875440102518982,70.49988961398837,16.56066135134229,6.374838488788838,22.61,25.61,27.46,41.96,52.25,51.47,0.0,0.0,0.0,308,37.48405617058897,15.684513424224296,308,45,865.0,768.0,1099.0,923.0,908.7142857142857,1094.5714285714287
2019-11-05,2019,11,45,854.0,1112.0,7.87,8.65,oeste,3.867912996913761,0.2267241866428182,3.875440102518982,70.49988961398837,16.56066135134229,6.44060205081654,23.22,26.21,26.6,42.94,49.86,55.2,0.0,0.0,0.0,309,37.46060826940131,13.085393166525268,309,45,895.0,784.0,1117.0,937.0,902.8571428571429,1093.857142857143
2019-11-06,2019,11,45,899.0,1101.0,7.86,9.24,oeste,3.867912996913761,0.2267241866428182,3.875440102518982,70.49988961398837,16.56066135134229,6.240520930614932,23.92,25.85,29.09,40.93,51.02,53.51,0.0,0.0,0.0,310,37.43670209194459,16.173218577623018,310,45,937.0,768.0,1127.0,949.0,897.4285714285714,1090.142857142857
2019-11-07,2019,11,45,854.0,1104.0,8.12,9.27,oeste,3.867912996913761,0.2267241866428182,3.875440102518982,70.49988961398837,16.56066135134229,6.360231205117654,22.39,27.05,28.47,42.11,48.0,51.25,0.0,0.0,0.0,311,37.41239394460002,17.52753686886799,311,45,897.0,790.0,1140.0,968.0,891.2857142857143,1085.0
2019-11-08,2019,11,45,887.0,1037.0,8.26,9.37,oeste,3.867912996913761,0.2267241866428182,3.875440102518982,70.49988961398837,16.56066135134229,6.358835345892021,22.75,26.32,28.73,40.46,51.21,55.22,0.0,0.0,0.0,312,37.38774023076799,17.371343556705824,312,45,899.0,732.0,1082.0,937.0,889.5714285714286,1078.5714285714287
2019-11-09,2019,11,45,907.0,1079.0,8.21,8.91,oeste,3.867912996913761,0.2267241866428182,3.875440102518982,70.49988961398837,16.56066135134229,6.275724045969852,23.92,26.06,27.5,42.59,51.11,54.32,0.0,0.0,0.0,313,37.36279737229912,13.431808733700397,313,45,870.0,762.0,1066.0,951.0,894.8571428571429,1080.4285714285713
2019-11-10,2019,11,45,873.0,1106.0,8.03,8.79,oeste,3.867912996913761,0.2267241866428182,3.875440102518982,70.49988961398837,16.56066135134229,6.050320694122912,23.21,28.18,27.59,42.58,50.85,53.71,0.0,0.0,0.0,314,37.337621731211776,14.846952112046267,314,45,937.0,796.0,1069.0,935.0,885.7142857142857,1085.7142857142858
2019-11-11,2019,11,46,842.0,1059.0,8.31,9.3,oeste,3.867912996913761,0.2267241866428182,3.875440102518982,70.49988961398837,16.56066135134229,6.062592806632825,23.36,27.78,28.01,41.23,49.89,53.54,0.0,0.0,0.0,315,37.31226953180009,15.28733361781326,315,46,926.0,865.0,1061.0,1099.0,873.7142857142857,1085.4285714285713
2019-11-12,2019,11,46,872.0,1041.0,8.13,8.86,oeste,3.867912996913761,0.2267241866428182,3.875440102518982,70.49988961398837,16.56066135134229,6.507687305017099,23.56,28.16,28.11,42.95,47.93,52.62,0.0,0.0,0.0,316,37.28679678323379,15.111736597219554,316,46,854.0,895.0,1112.0,1117.0,876.2857142857143,1075.2857142857142
2019-11-13,2019,11,46,898.0,1041.0,7.72,9.21,oeste,3.867912996913761,0.2267241866428182,3.875440102518982,70.49988961398837,16.56066135134229,6.068152862380718,24.13,26.92,28.07,42.41,49.22,51.0,0.0,0.0,0.0,317,37.26125920274963,14.052682663588609,317,46,899.0,937.0,1101.0,1127.0,876.1428571428571,1066.7142857142858
2019-11-14,2019,11,46,848.0,1049.0,7.96,8.68,oeste,3.867912996913761,0.2267241866428182,3.875440102518982,70.49988961398837,16.56066135134229,5.995816079225194,23.35,25.96,26.91,42.46,49.5,55.63,0.0,0.0,0.0,318,37.23571213953113,13.348678218995053,318,46,854.0,897.0,1104.0,1140.0,875.2857142857143,1058.857142857143
2019-11-15,2019,11,46,866.0,1138.0,8.27,9.0,oeste,3.867912996913761,0.2267241866428182,3.875440102518982,70.49988961398837,16.56066135134229,6.006285158472194,22.63,25.83,28.18,40.68,49.53,51.66,0.0,0.0,0.0,319,37.21021049937182,16.65567428830883,319,46,887.0,899.0,1037.0,1082.0,872.2857142857143,1073.2857142857142
2019-11-16,2019,11,46,884.0,1076.0,8.36,8.88,oeste,3.867912996913761,0.2267241866428182,3.875440102518982,70.49988961398837,16.56066135134229,6.0992411785934735,22.71,27.59,26.78,41.0,50.87,52.01,0.0,0.0,0.0,320,37.184808670214245,14.25333054267838,320,46,907.0,870.0,1079.0,1066.0,869.0,1072.857142857143
2019-11-17,2019,11,46,890.0,1096.0,7.82,8.76,oeste,3.867912996913761,0.2267241866428182,3.875440102518982,70.49988961398837,16.56066135134229,5.923504427961013,21.87,27.17,28.49,41.0,48.05,55.34,0.0,0.0,0.0,321,37.15956044865456,18.16574292263888,321,46,873.0,937.0,1106.0,1069.0,871.4285714285714,1071.4285714285713
2019-11-18,2019,11,47,864.0,1094.0,8.27,9.31,oeste,3.867912996913761,0.2267241866428182,3.875440102518982,70.49988961398837,16.56066135134229,6.505826791337633,22.11,25.75,29.21,40.17,49.48,53.95,0.0,0.29,2.06,322,37.1345189675,18.80011811679022,322,47,842.0,926.0,1059.0,1061.0,874.5714285714286,1076.4285714285713
2019-11-19,2019,11,47,846.0,1094.0,7.64,8.71,oeste,3.867912996913761,0.2267241866428182,3.875440102518982,70.49988961398837,16.56066135134229,5.94630640381948,23.71,26.81,29.02,41.85,47.47,50.59,0.0,0.28,1.93,323,37.10973662446371,16.24758185361883,323,47,872.0,854.0,1041.0,1112.0,870.8571428571429,1084.0
2019-11-20,2019,11,47,840.0,1055.0,7.67,9.07,oeste,3.867912996913761,0.2267241866428182,3.875440102518982,70.49988961398837,16.56066135134229,6.3720699391244455,21.93,27.3,28.31,41.9,50.78,52.22,0.0,0.3,1.98,324,37.08526501207903,17.7977592241797,324,47,898.0,899.0,1041.0,1101.0,862.5714285714286,1086.0
2019-11-21,2019,11,47,835.0,1044.0,8.07,9.31,oeste,3.867912996913761,0.2267241866428182,3.875440102518982,70.49988961398837,16.56066135134229,6.197449632939544,22.89,26.39,28.81,41.93,47.46,52.47,0.0,0.29,2.09,325,37.06115484891205,17.132999507385218,325,47,848.0,854.0,1049.0,1104.0,860.7142857142857,1085.2857142857142
2019-11-22,2019,11,47,855.0,1047.0,8.27,8.88,oeste,3.867912996913761,0.2267241866428182,3.875440102518982,70.49988961398837,16.56066135134229,6.130186959958807,21.99,26.44,28.14,40.65,49.11,54.19,0.0,0.28,2.01,326,37.037455912149134,17.451481707172075,326,47,866.0,887.0,1138.0,1037.0,859.1428571428571,1072.2857142857142
2019-11-23,2019,11,47,883.0,1067.0,8.26,9.21,oeste,3.867912996913761,0.2267241866428182,3.875440102518982,70.49988961398837,16.56066135134229,6.378226189921849,23.39,28.16,28.46,40.76,48.12,50.95,0.0,0.28,2.08,327,37.0142169716326,15.835294586119735,327,47,884.0,907.0,1076.0,1079.0,859.0,1071.0
2019-11-24,2019,11,47,877.0,999.0,7.69,8.68,oeste,3.867912996913761,0.2267241866428182,3.875440102518982,70.49988961398837,16.56066135134229,6.4224513317970295,22.67,26.88,28.31,41.14,49.51,55.07,0.0,0.28,1.96,328,36.99148572541555,16.691483120831837,328,47,890.0,873.0,1096.0,1106.0,857.1428571428571,1057.142857142857
2019-11-25,2019,11,48,850.0,1064.0,7.79,8.59,oeste,3.867912996913761,0.2267241866428182,3.875440102518982,70.49988961398837,16.56066135134229,6.1853344501410366,22.85,26.92,28.21,42.22,48.75,57.25,0.0,0.0,0.0,329,36.96930873690382,16.262126157197258,329,48,864.0,842.0,1094.0,1059.0,855.1428571428571,1052.857142857143
2019-11-26,2019,11,48,890.0,1019.0,7.98,8.84,oeste,3.867912996913761,0.2267241866428182,3.875440102518982,70.49988961398837,16.56066135134229,5.972763204590882,23.23,27.92,27.68,40.8,53.32,60.79,0.0,0.0,0.0,330,36.94773137364985,14.808851696404844,330,48,846.0,872.0,1094.0,1041.0,861.4285714285714,1042.142857142857
2019-11-27,2019,11,48,823.0,1050.0,7.78,9.19,oeste,3.867912996913761,0.2267241866428182,3.875440102518982,70.49988961398837,16.56066135134229,6.475716964208891,23.83,26.75,26.68,43.69,51.76,56.11,0.0,0.0,0.0,331,36.926797747861336,11.844525811606404,331,48,840.0,898.0,1055.0,1041.0,859.0,1041.4285714285713
2019-11-28,2019,11,48,819.0,1016.0,7.8,9.07,oeste,3.867912996913761,0.2267241866428182,3.875440102518982,70.49988961398837,16.56066135134229,6.1635737508542725,22.5,26.43,29.4,41.54,49.39,59.29,0.0,0.0,0.0,332,36.90655065868384,18.41965975017764,332,48,835.0,848.0,1044.0,1049.0,856.7142857142857,1037.4285714285713
2019-11-29,2019,11,48,834.0,1087.0,7.67,9.44,oeste,3.867912996913761,0.2267241866428182,3.875440102518982,70.49988961398837,16.56066135134229,6.194457147388253,23.74,25.6,27.71,43.21,48.57,56.77,0.0,0.0,0.0,333,36.88703153631436,13.964409034990457,333,48,855.0,866.0,1047.0,1138.0,853.7142857142857,1043.142857142857
2019-11-30,2019,11,48,846.0,1047.0,7.94,9.34,oeste,3.867912996913761,0.2267241866428182,3.875440102518982,70.49988961398837,16.56066135134229,5.923580573100264,23.27,26.43,27.33,43.38,52.35,55.85,0.0,0.0,0.0,334,36.86828038800015,14.114630044604764,334,48,883.0,884.0,1067.0,1076.0,848.4285714285714,1040.2857142857142
2019-12-01,2019,12,48,838.0,1017.0,8.26,9.09,oeste,3.867912996913761,0.2267241866428182,3.875440102518982,70.49988961398837,16.56066135134229,5.901354500836379,22.87,27.92,28.95,41.32,51.82,59.63,0.0,0.0,0.0,335,36.85033574597404,17.26421515218088,335,48,877.0,890.0,999.0,1096.0,842.8571428571429,1042.857142857143
2019-12-02,2019,12,49,1146.0,1436.0,10.04,9.3,oeste,3.867912996913761,0.2267241866428182,3.875440102518982,70.49988961398837,16.56066135134229,6.222007154824203,26.23,28.9,29.06,45.23,60.02,59.27,0.0,4.66,34.37,336,36.833234617375474,11.77298736904604,336,49,850.0,864.0,1064.0,1094.0,885.1428571428571,1096.0
2019-12-03,2019,12,49,1052.0,1324.0,9.57,9.76,oeste,3.867912996913761,0.2267241866428182,3.875440102518982,70.49988961398837,16.56066135134229,5.984635927498298,26.06,29.4,27.99,47.29,60.5,60.32,0.0,4.92,34.45,337,36.817012436203264,9.718087379447782,337,49,890.0,846.0,1019.0,1094.0,908.2857142857143,1139.5714285714287
2019-12-04,2019,12,49,1062.0,1392.0,9.89,9.27,oeste,3.867912996913761,0.2267241866428182,3.875440102518982,70.49988961398837,16.56066135134229,6.458779787866637,25.66,27.66,30.05,46.3,58.8,60.93,0.0,5.09,35.61,338,36.8017030173441,14.65054488770221,338,49,823.0,840.0,1050.0,1055.0,942.4285714285714,1188.4285714285713
2019-12-05,2019,12,49,1060.0,1386.0,10.21,9.32,oeste,3.867912996913761,0.2267241866428182,3.875440102518982,70.49988961398837,16.56066135134229,6.002179241751912,27.77,26.86,29.73,44.17,57.41,60.47,0.0,4.88,35.21,339,36.78733851271808,9.785432044383011,339,49,819.0,835.0,1016.0,1044.0,976.8571428571429,1241.2857142857142
2019-12-06,2019,12,49,1043.0,1309.0,9.97,9.74,oeste,3.867912996913761,0.2267241866428182,3.875440102518982,70.49988961398837,16.56066135134229,6.133042528684561,26.07,28.78,28.18,47.03,58.96,63.28,0.0,5.1,34.46,340,36.77394936958032,10.149276923170593,340,49,834.0,855.0,1087.0,1047.0,1006.7142857142857,1273.0
2019-12-07,2019,12,49,1109.0,1443.0,10.34,9.46,oeste,3.867912996913761,0.2267241866428182,3.875440102518982,70.49988961398837,16.56066135134229,6.506428673560133,25.78,29.31,29.37,46.83,58.97,61.6,0.0,4.82,32.47,341,36.761564291015,13.234112086938726,341,49,846.0,883.0,1047.0,1067.0,1044.2857142857142,1329.5714285714287
2019-12-08,2019,12,49,1128.0,1410.0,9.88,9.02,oeste,3.867912996913761,0.2267241866428182,3.875440102518982,70.49988961398837,16.56066135134229,6.221193999598649,26.05,28.86,28.91,46.57,57.68,63.29,0.0,4.62,33.77,342,36.7502101986565,11.808546523137077,342,49,838.0,877.0,1017.0,999.0,1085.7142857142858,1385.7142857142858
2019-12-09,2019,12,50,1103.0,1446.0,9.99,9.52,oeste,3.867912996913761,0.2267241866428182,3.875440102518982,70.49988961398837,16.56066135134229,6.303448801522821,27.35,28.76,30.16,44.09,55.88,60.89,0.0,2.25,16.3,343,36.73991219766951,11.701589939146556,343,50,1146.0,850.0,1436.0,1064.0,1079.5714285714287,1387.142857142857
2019-12-10,2019,12,50,1082.0,1346.0,10.38,9.56,oeste,3.867912996913761,0.2267241866428182,3.875440102518982,70.49988961398837,16.56066135134229,6.1723309942282505,26.4,27.26,29.47,43.81,55.62,62.42,0.0,2.23,15.93,344,36.730693544018,12.227901098192769,344,50,1052.0,890.0,1324.0,1019.0,1083.857142857143,1390.2857142857142
2019-12-11,2019,12,50,1024.0,1327.0,9.81,9.19,oeste,3.867912996913761,0.2267241866428182,3.875440102518982,70.49988961398837,16.56066135134229,6.073599244830527,26.52,29.04,30.12,43.72,57.21,62.09,0.0,2.31,16.77,345,36.722575614051024,13.238475775649976,345,50,1062.0,823.0,1392.0,1050.0,1078.4285714285713,1381.0
2019-12-12,2019,12,50,1090.0,1454.0,9.93,9.8,oeste,3.867912996913761,0.2267241866428182,3.875440102518982,70.49988961398837,16.56066135134229,6.045226173958039,26.2,28.19,29.41,46.07,57.4,61.69,0.0,2.19,16.52,346,36.71557787643095,12.498459441684547,346,50,1060.0,819.0,1386.0,1016.0,1082.7142857142858,1390.7142857142858
2019-12-13,2019,12,50,1060.0,1339.0,9.63,9.96,oeste,3.867912996913761,0.2267241866428182,3.875440102518982,70.49988961398837,16.56066135134229,6.506847341053028,25.7,28.42,28.51,45.95,59.8,58.95,0.0,2.19,16.27,347,36.70971786642788,11.691973103897327,347,50,1043.0,834.0,1309.0,1087.0,1085.142857142857,1395.0
2019-12-14,2019,12,50,1070.0,1356.0,9.73,9.96,oeste,3.867912996913761,0.2267241866428182,3.875440102518982,70.49988961398837,16.56066135134229,6.268291879048141,26.45,28.53,29.65,46.61,55.25,61.26,0.0,2.31,15.37,348,36.70501116260207,12.475384811318952,348,50,1109.0,846.0,1443.0,1047.0,1079.5714285714287,1382.5714285714287
2019-12-15,2019,12,50,1071.0,1332.0,9.61,9.23,oeste,3.867912996913761,0.2267241866428182,3.875440102518982,70.49988961398837,16.56066135134229,6.396916539222753,26.85,29.59,29.61,46.94,55.24,63.36,0.0,2.36,16.13,349,36.70147136589411,11.584882078381332,349,50,1128.0,838.0,1410.0,1017.0,1071.4285714285713,1371.4285714285713
2019-12-16,2019,12,51,1096.0,1297.0,10.36,9.15,oeste,3.867912996913761,0.2267241866428182,3.875440102518982,70.49988961398837,16.56066135134229,5.993729701169368,26.54,29.2,29.03,48.08,60.17,61.03,0.0,0.0,0.0,350,36.699110081140894,11.002941594306945,350,51,1103.0,1146.0,1446.0,1436.0,1070.4285714285713,1350.142857142857
2019-12-17,2019,12,51,1020.0,1367.0,9.69,9.76,oeste,3.867912996913761,0.2267241866428182,3.875440102518982,70.49988961398837,16.56066135134229,6.1465955333380125,26.62,27.69,28.65,46.47,59.86,61.56,0.0,0.0,0.0,351,36.697936901033465,9.93443721757469,351,51,1082.0,1052.0,1346.0,1324.0,1061.5714285714287,1353.142857142857
2019-12-18,2019,12,51,1025.0,1357.0,10.31,9.26,oeste,3.867912996913761,0.2267241866428182,3.875440102518982,70.49988961398837,16.56066135134229,6.153740984512155,27.0,27.26,28.3,45.72,55.75,62.2,0.0,0.0,0.0,352,36.69795939253109,7.95000117562351,352,51,1024.0,1062.0,1327.0,1392.0,1061.7142857142858,1357.4285714285713
2019-12-19,2019,12,51,1080.0,1366.0,9.91,9.04,oeste,3.867912996913761,0.2267241866428182,3.875440102518982,70.49988961398837,16.56066135134229,6.030271438605284,27.78,27.82,30.37,46.55,58.79,63.05,0.0,0.0,0.0,353,36.699183085744046,11.22173167704124,353,51,1090.0,1060.0,1454.0,1386.0,1060.2857142857142,1344.857142857143
2019-12-20,2019,12,51,1092.0,1361.0,10.05,9.77,oeste,3.867912996913761,0.2267241866428182,3.875440102518982,70.49988961398837,16.56066135134229,6.226123415792934,25.91,27.83,29.11,45.3,55.6,64.61,0.0,0.0,0.0,354,36.70161146529589,12.474229314268465,354,51,1060.0,1043.0,1339.0,1309.0,1064.857142857143,1348.0
2019-12-21,2019,12,51,1016.0,1413.0,9.87,9.53,oeste,3.867912996913761,0.2267241866428182,3.875440102518982,70.49988961398837,16.56066135134229,5.946659425075921,27.5,26.91,29.59,44.74,58.6,62.97,0.0,0.0,0.0,355,36.70524596417429,10.082190119626262,355,51,1070.0,1109.0,1356.0,1443.0,1057.142857142857,1356.142857142857
2019-12-22,2019,12,51,1071.0,1339.0,10.14,9.25,oeste,3.867912996913761,0.2267241866428182,3.875440102518982,70.49988961398837,16.56066135134229,6.340642843247148,25.68,28.94,29.04,47.56,56.63,60.19,0.0,0.0,0.0,356,36.71008596007762,12.78523282370974,356,51,1071.0,1128.0,1332.0,1410.0,1057.142857142857,1357.142857142857
2019-12-23,2019,12,52,1017.0,1322.0,9.63,9.84,oeste,3.867912996913761,0.2267241866428182,3.875440102518982,70.49988961398837,16.56066135134229,6.34318691639927,27.56,27.2,29.69,46.14,58.4,65.1,0.0,12.55,88.72,357,36.71612877426296,10.18123090333159,357,52,1096.0,1103.0,1297.0,1446.0,1045.857142857143,1360.7142857142858
2019-12-24,2019,12,52,1002.0,1322.0,9.93,9.57,oeste,3.867912996913761,0.2267241866428182,3.875440102518982,70.49988961398837,16.56066135134229,6.370888104013813,27.17,27.36,28.1,45.89,59.33,60.33,0.0,12.76,90.35,358,36.72336967289923,6.728799685953324,358,52,1020.0,1082.0,1367.0,1346.0,1043.2857142857142,1354.2857142857142
2019-12-25,2019,12,52,1085.0,1355.0,9.64,9.35,oeste,3.867912996913761,0.2267241866428182,3.875440102518982,70.49988961398837,16.56066135134229,6.085267572138057,25.83,27.43,28.51,46.96,56.0,64.16,0.0,12.56,84.39,359,36.73180187092755,11.425184737882534,359,52,1025.0,1024.0,1357.0,1327.0,1051.857142857143,1354.0
2019-12-26,2019,12,52,1091.0,1338.0,10.04,9.85,oeste,3.867912996913761,0.2267241866428182,3.875440102518982,70.49988961398837,16.56066135134229,6.107177257713492,25.85,29.35,30.14,45.55,59.04,58.93,0.0,12.29,88.93,360,36.74141653842925,14.45899618861954,360,52,1080.0,1090.0,1366.0,1454.0,1053.4285714285713,1350.0
2019-12-27,2019,12,52,1040.0,1326.0,9.74,9.47,oeste,3.867912996913761,0.2267241866428182,3.875440102518982,70.49988961398837,16.56066135134229,6.48717907452414,27.53,27.53,30.0,43.91,60.36,64.24,0.0,13.05,87.42,361,36.75220280949984,10.974517920478313,361,52,1092.0,1060.0,1361.0,1339.0,1046.0,1345.0
2019-12-28,2019,12,52,1061.0,1396.0,9.64,9.5,oeste,3.867912996913761,0.2267241866428182,3.875440102518982,70.49988961398837,16.56066135134229,6.26733227383588,25.69,28.21,28.38,46.58,59.77,62.77,0.0,11.82,88.73,362,36.76414779362595,11.456560273029094,362,52,1016.0,1070.0,1413.0,1356.0,1052.4285714285713,1342.5714285714287
2019-12-29,2019,12,52,1004.0,1341.0,9.76,9.2,oeste,3.867912996913761,0.2267241866428182,3.875440102518982,70.49988961398837,16.56066135134229,6.100969148567581,26.11,27.65,30.2,43.83,55.33,59.63,0.0,12.23,83.87,363,36.77723658955991,14.131698024345903,363,52,1071.0,1071.0,1339.0,1332.0,1042.857142857143,1342.857142857143
2019-12-30,2019,12,1,1218.0,1620.0,34.19,9.95,oeste,4.453203512664338,0.2195048383650542,3.930235681956104,78.33079333135187,17.63099699534158,6.090238562302079,27.2,28.45,27.67,70.49,76.45,77.63,0.0,26.25,70.32,364,36.79145230168498,4.792360295322175,364,1,1017.0,1096.0,1322.0,1297.0,1071.5714285714287,1385.4285714285713
2019-12-31,2019,12,1,1265.0,1670.0,35.9,9.99,oeste,4.453203512664338,0.2195048383650542,3.930235681956104,78.33079333135187,17.63099699534158,6.338974724654901,27.15,28.27,27.87,70.55,80.04,84.44,0.0,24.68,72.02,365,36.80677605886264,5.9340011754227175,365,1,1002.0,1020.0,1322.0,1367.0,1109.142857142857,1435.142857142857
2020-01-01,2020,1,1,1247.0,1586.0,34.83,10.02,oeste,4.453203512664338,0.2195048383650542,3.930235681956104,78.33079333135187,17.63099699534158,6.307983297123784,28.21,28.57,28.81,72.51,81.21,81.71,0.0,24.5,73.3,1,36.82318703575061,5.419392425462224,1,1,1085.0,1025.0,1355.0,1357.0,1132.2857142857142,1468.142857142857
2020-01-02,2020,1,1,1285.0,1660.0,33.3,10.02,oeste,4.453203512664338,0.2195048383650542,3.930235681956104,78.33079333135187,17.63099699534158,6.685001588908844,27.3,29.41,29.34,72.92,74.06,83.09,0.0,26.66,66.5,2,36.8406624765791,9.997608264790562,2,1,1091.0,1080.0,1338.0,1366.0,1160.0,1514.142857142857
2020-01-03,2020,1,1,1267.0,1579.0,34.46,9.81,oeste,4.453203512664338,0.2195048383650542,3.930235681956104,78.33079333135187,17.63099699534158,6.205601466274925,26.82,27.74,27.55,68.08,75.65,77.32,0.0,25.38,69.51,3,36.85917772137,5.983574097513487,3,1,1040.0,1092.0,1326.0,1361.0,1192.4285714285713,1550.2857142857142
2020-01-04,2020,1,1,1210.0,1650.0,35.84,10.04,oeste,4.453203512664338,0.2195048383650542,3.930235681956104,78.33079333135187,17.63099699534158,6.579376396292467,27.44,28.83,27.97,69.52,74.01,82.4,0.0,25.46,73.3,4,36.87870623458231,5.10113964528281,4,1,1061.0,1016.0,1396.0,1413.0,1213.7142857142858,1586.5714285714287
2020-01-05,2020,1,1,1208.0,1545.0,34.24,9.72,oeste,4.453203512664338,0.2195048383650542,3.930235681956104,78.33079333135187,17.63099699534158,6.431968452708858,26.48,29.2,30.14,68.4,80.3,82.13,0.0,25.36,67.59,5,36.899219636164034,13.412549112367447,5,1,1004.0,1071.0,1341.0,1339.0,1242.857142857143,1615.7142857142858
2020-01-06,2020,1,2,1168.0,1574.0,30.2,9.11,oeste,4.453203512664338,0.2195048383650542,3.930235681956104,78.33079333135187,17.63099699534158,6.46141413832368,27.09,27.32,28.94,72.59,76.41,81.69,0.0,38.39,78.97,6,36.9206877349893,9.541337262404063,6,2,1218.0,1017.0,1620.0,1322.0,1235.7142857142858,1609.142857142857
2020-01-07,2020,1,2,1199.0,1591.0,30.63,9.55,oeste,4.453203512664338,0.2195048383650542,3.930235681956104,78.33079333135187,17.63099699534158,6.41693144846833,26.24,29.73,29.2,70.01,80.07,77.32,0.0,38.12,77.17,7,36.94307856465669,12.07626237080531,7,2,1265.0,1002.0,1670.0,1322.0,1226.2857142857142,1597.857142857143
2020-01-08,2020,1,2,1203.0,1480.0,30.68,9.17,oeste,4.453203512664338,0.2195048383650542,3.930235681956104,78.33079333135187,17.63099699534158,6.512374374415015,27.74,28.71,28.57,66.99,79.49,83.79,0.0,37.79,84.56,8,36.96635842162235,6.398811508197614,8,2,1247.0,1085.0,1586.0,1355.0,1220.0,1582.7142857142858
2020-01-09,2020,1,2,1159.0,1485.0,29.41,9.09,oeste,4.453203512664338,0.2195048383650542,3.930235681956104,78.33079333135187,17.63099699534158,6.557397465026508,26.41,28.44,27.83,66.91,73.81,79.57,0.0,38.81,80.36,9,36.99049190563928,8.375059088939711,9,2,1285.0,1091.0,1660.0,1338.0,1202.0,1557.7142857142858
2020-01-10,2020,1,2,1254.0,1504.0,30.95,9.06,oeste,4.453203512664338,0.2195048383650542,3.930235681956104,78.33079333135187,17.63099699534158,6.123155494973436,27.95,28.21,28.9,66.88,73.72,79.79,0.0,36.77,77.68,10,37.015441962471165,6.854856107417946,10,2,1267.0,1040.0,1579.0,1326.0,1200.142857142857,1547.0
2020-01-11,2020,1,2,1183.0,1491.0,31.4,9.75,oeste,4.453203512664338,0.2195048383650542,3.930235681956104,78.33079333135187,17.63099699534158,6.108824703962874,26.22,27.61,30.31,69.55,80.58,80.17,0.0,36.35,79.24,11,37.041169928847104,14.23311473194113,11,2,1210.0,1061.0,1650.0,1396.0,1196.2857142857142,1524.2857142857142
2020-01-12,2020,1,2,1234.0,1475.0,29.29,9.26,oeste,4.453203512664338,0.2195048383650542,3.930235681956104,78.33079333135187,17.63099699534158,6.317831242012417,28.14,27.37,27.69,72.76,79.09,78.77,0.0,37.78,84.45,12,37.06763557962014,0.0,12,2,1208.0,1004.0,1545.0,1341.0,1200.0,1514.2857142857142
2020-01-13,2020,1,3,1249.0,1593.0,38.96,9.63,oeste,4.453203512664338,0.2195048383650542,3.930235681956104,78.33079333135187,17.63099699534158,6.232234249519348,26.08,27.3,29.8,72.23,76.26,84.49,0.0,63.49,124.92,13,37.094797177090456,13.593712222977656,13,3,1168.0,1218.0,1574.0,1620.0,1211.5714285714287,1517.0
2020-01-14,2020,1,3,1313.0,1693.0,38.75,9.03,oeste,4.453203512664338,0.2195048383650542,3.930235681956104,78.33079333135187,17.63099699534158,6.558307096500361,27.1,27.85,30.16,67.22,80.82,79.81,0.0,60.02,115.23,14,37.12261152245078,12.3382292339111,14,3,1199.0,1265.0,1591.0,1670.0,1227.857142857143,1531.5714285714287
2020-01-15,2020,1,3,1308.0,1707.0,39.42,8.95,oeste,4.453203512664338,0.2195048383650542,3.930235681956104,78.33079333135187,17.63099699534158,6.6213622896804125,26.37,28.03,29.91,71.32,76.68,79.75,0.0,60.67,117.26,15,37.15103400930886,13.28085813934572,15,3,1203.0,1247.0,1480.0,1586.0,1242.857142857143,1564.0
2020-01-16,2020,1,3,1242.0,1705.0,40.8,9.42,oeste,4.453203512664338,0.2195048383650542,3.930235681956104,78.33079333135187,17.63099699534158,6.199111703756898,26.87,28.88,30.22,69.74,78.93,77.78,0.0,60.03,121.38,16,37.18001867923871,12.929615441741834,16,3,1159.0,1285.0,1485.0,1660.0,1254.7142857142858,1595.4285714285713
2020-01-17,2020,1,3,1293.0,1659.0,38.43,9.34,oeste,4.453203512664338,0.2195048383650542,3.930235681956104,78.33079333135187,17.63099699534158,6.559919207358504,26.19,28.96,30.04,72.61,74.85,77.99,0.0,65.11,113.17,17,37.20951827930973,13.871965924360644,17,3,1254.0,1267.0,1504.0,1579.0,1260.2857142857142,1617.5714285714287
2020-01-18,2020,1,3,1221.0,1608.0,41.68,9.24,oeste,4.453203512664338,0.2195048383650542,3.930235681956104,78.33079333135187,17.63099699534158,6.66062905743099,25.65,28.58,28.01,68.39,76.04,81.0,0.0,63.09,117.75,18,37.23948432153915,10.869592452669991,18,3,1183.0,1210.0,1491.0,1650.0,1265.7142857142858,1634.2857142857142
2020-01-19,2020,1,3,1274.0,1605.0,41.84,9.5,oeste,4.453203512664338,0.2195048383650542,3.930235681956104,78.33079333135187,17.63099699534158,6.196441424317797,25.75,27.69,29.77,70.9,74.58,79.42,0.0,60.93,122.46,19,37.26986714421054,14.197911740920128,19,3,1234.0,1208.0,1475.0,1545.0,1271.4285714285713,1652.857142857143
2020-01-20,2020,1,4,1144.0,1502.0,19.52,9.15,oeste,4.453203512664338,0.2195048383650542,3.930235681956104,78.33079333135187,17.63099699534158,6.55623594436031,27.24,29.89,27.93,69.7,76.6,84.62,0.0,65.84,410.36,20,37.30061597499794,5.887001548429764,20,4,1249.0,1168.0,1593.0,1574.0,1256.4285714285713,1639.857142857143
2020-01-21,2020,1,4,1155.0,1496.0,20.82,9.48,oeste,4.453203512664338,0.2195048383650542,3.930235681956104,78.33079333135187,17.63099699534158,6.510515734744054,28.29,28.7,28.38,68.05,76.0,81.94,0.0,67.27,405.47,21,37.33167899583191,2.127905702762417,21,4,1313.0,1199.0,1693.0,1591.0,1233.857142857143,1611.7142857142858
2020-01-22,2020,1,4,1176.0,1481.0,20.01,9.31,oeste,4.453203512664338,0.2195048383650542,3.930235681956104,78.33079333135187,17.63099699534158,6.665794453936461,26.67,28.76,29.62,68.49,80.98,80.65,0.0,65.29,404.48,22,37.36300340944033,12.192882496021854,22,4,1308.0,1203.0,1707.0,1480.0,1215.0,1579.4285714285713
2020-01-23,2020,1,4,1171.0,1400.0,20.18,9.5,oeste,4.453203512664338,0.2195048383650542,3.930235681956104,78.33079333135187,17.63099699534158,6.095072689585731,25.71,28.52,30.04,69.45,79.34,77.42,0.0,66.81,397.38,23,37.39453550749423,14.7844676786341,23,4,1242.0,1159.0,1705.0,1485.0,1204.857142857143,1535.857142857143
2020-01-24,2020,1,4,1127.0,1419.0,20.27,9.57,oeste,4.453203512664338,0.2195048383650542,3.930235681956104,78.33079333135187,17.63099699534158,6.1305627795146895,27.47,27.42,29.7,72.71,79.89,84.05,0.0,63.21,383.03,24,37.4262207402849,10.618960545999288,24,4,1293.0,1254.0,1659.0,1504.0,1181.142857142857,1501.5714285714287
2020-01-25,2020,1,4,1195.0,1458.0,20.57,9.14,oeste,4.453203512664338,0.2195048383650542,3.930235681956104,78.33079333135187,17.63099699534158,6.219598424685695,27.5,29.46,28.09,72.73,78.6,82.16,0.0,67.82,372.66,25,37.45800378785598,5.466687343855988,25,4,1221.0,1183.0,1608.0,1491.0,1177.4285714285713,1480.142857142857
2020-01-26,2020,1,4,1132.0,1444.0,19.17,9.72,oeste,4.453203512664338,0.2195048383650542,3.930235681956104,78.33079333135187,17.63099699534158,6.378379245386096,28.12,29.08,28.26,66.95,75.69,79.99,0.0,62.85,387.61,26,37.48982863251055,2.6652077904027296,26,4,1274.0,1234.0,1605.0,1475.0,1157.142857142857,1457.142857142857
2020-01-27,2020,1,5,1119.0,1423.0,39.32,9.39,oeste,4.453203512664338,0.2195048383650542,3.930235681956104,78.33079333135187,17.63099699534158,6.368797566169846,26.23,27.85,29.36,68.51,89.06,94.11,0.0,59.85,207.62,27,37.52163863261035,12.612685487549848,27,5,1144.0,1249.0,1502.0,1593.0,1153.5714285714287,1445.857142857143
2020-01-28,2020,1,5,1078.0,1380.0,38.34,9.65,oeste,4.453203512664338,0.2195048383650542,3.930235681956104,78.33079333135187,17.63099699534158,6.710186649865976,27.4,29.31,28.06,72.9,84.34,88.36,0.0,59.56,211.81,28,37.55337659758075,5.796616400347565,28,5,1155.0,1313.0,1496.0,1693.0,1142.5714285714287,1429.2857142857142
2020-01-29,2020,1,5,1114.0,1397.0,39.92,9.49,oeste,4.453203512664338,0.2195048383650542,3.930235681956104,78.33079333135187,17.63099699534158,6.30942621962752,27.9,29.41,30.22,70.24,83.96,90.99,0.0,63.09,207.73,29,37.58498486403285,10.877071242648531,29,5,1176.0,1308.0,1481.0,1707.0,1133.7142857142858,1417.2857142857142
2020-01-30,2020,1,5,1066.0,1305.0,39.35,8.87,oeste,4.453203512664338,0.2195048383650542,3.930235681956104,78.33079333135187,17.63099699534158,6.349584086353392,26.12,29.34,28.99,68.78,83.66,95.4,0.0,59.89,206.88,30,37.61640537290953,12.10798408105257,30,5,1171.0,1242.0,1400.0,1705.0,1118.7142857142858,1403.7142857142858
2020-01-31,2020,1,5,1127.0,1413.0,40.85,8.99,oeste,4.453203512664338,0.2195048383650542,3.930235681956104,78.33079333135187,17.63099699534158,6.502188094676633,26.46,28.75,27.76,68.82,82.9,89.7,0.0,63.76,209.52,31,37.64757974756102,8.155720596099528,31,5,1127.0,1293.0,1419.0,1659.0,1118.7142857142858,1402.857142857143
2020-02-01,2020,2,5,1075.0,1406.0,38.67,8.94,oeste,4.453203512664338,0.2195048383650542,3.930235681956104,78.33079333135187,17.63099699534158,6.290412093365193,26.29,26.8,29.29,68.1,86.74,91.79,0.0,60.35,219.9,32,37.67844937265135,12.399587846130329,32,5,1195.0,1221.0,1458.0,1608.0,1101.5714285714287,1395.4285714285713
2020-02-02,2020,2,5,1121.0,1376.0,39.72,9.18,oeste,4.453203512664338,0.2195048383650542,3.930235681956104,78.33079333135187,17.63099699534158,6.163720023888373,25.95,26.96,30.31,69.17,82.55,94.55,0.0,61.83,210.65,33,37.70895547379505,14.96033602453666,33,5,1132.0,1274.0,1444.0,1605.0,1100.0,1385.7142857142858
2020-02-03,2020,2,6,1169.0,1408.0,25.33,9.42,oeste,4.453203512664338,0.2195048383650542,3.930235681956104,78.33079333135187,17.63099699534158,6.26951937891506,28.08,26.92,30.3,70.6,88.36,91.8,0.0,27.29,51.47,34,37.73903919782025,10.683681376158162,34,6,1119.0,1144.0,1423.0,1502.0,1107.142857142857,1383.5714285714287
2020-02-04,2020,2,6,1158.0,1469.0,25.66,9.53,oeste,4.453203512664338,0.2195048383650542,3.930235681956104,78.33079333135187,17.63099699534158,6.436339138855876,25.92,28.37,30.44,69.64,89.45,92.44,0.0,28.04,48.45,35,37.76864169355223,15.256474397352802,35,6,1078.0,1155.0,1380.0,1496.0,1118.5714285714287,1396.2857142857142
2020-02-05,2020,2,6,1140.0,1466.0,24.37,9.0,oeste,4.453203512664338,0.2195048383650542,3.930235681956104,78.33079333135187,17.63099699534158,6.19536284662808,28.32,28.54,29.93,70.33,85.81,96.0,0.0,27.25,50.3,36,37.79770419300876,9.112382909575343,36,6,1114.0,1176.0,1397.0,1481.0,1122.2857142857142,1406.142857142857
2020-02-06,2020,2,6,1125.0,1391.0,26.01,8.75,oeste,4.453203512664338,0.2195048383650542,3.930235681956104,78.33079333135187,17.63099699534158,6.221457058196885,25.76,28.82,30.08,71.21,85.53,92.51,0.0,26.2,49.33,37,37.8261680928962,14.937840658298422,37,6,1066.0,1171.0,1305.0,1400.0,1130.7142857142858,1418.4285714285713
2020-02-07,2020,2,6,1163.0,1370.0,25.67,9.52,oeste,4.453203512664338,0.2195048383650542,3.930235681956104,78.33079333135187,17.63099699534158,6.300953986877947,26.54,28.89,30.45,68.48,84.52,92.36,0.0,26.08,48.74,38,37.85397503629379,14.221764113855608,38,6,1127.0,1127.0,1413.0,1419.0,1135.857142857143,1412.2857142857142
2020-02-08,2020,2,6,1124.0,1434.0,24.93,9.03,oeste,4.453203512664338,0.2195048383650542,3.930235681956104,78.33079333135187,17.63099699534158,6.316638132732788,26.95,27.2,29.25,72.41,82.16,89.78,0.0,28.02,51.07,39,37.881066994410766,10.915401682842786,39,6,1075.0,1195.0,1406.0,1458.0,1142.857142857143,1416.2857142857142
2020-02-09,2020,2,6,1121.0,1462.0,25.23,9.27,oeste,4.453203512664338,0.2195048383650542,3.930235681956104,78.33079333135187,17.63099699534158,6.091534225391159,25.85,28.09,30.01,72.8,86.1,92.63,0.0,26.19,51.65,40,37.907386348299966,14.690078205145452,40,6,1121.0,1132.0,1376.0,1444.0,1142.857142857143,1428.5714285714287
2020-02-10,2020,2,7,1109.0,1348.0,35.22,8.62,oeste,4.453203512664338,0.2195048383650542,3.930235681956104,78.33079333135187,17.63099699534158,6.290807838279704,28.06,27.87,29.87,72.9,83.7,91.16,0.0,41.55,86.74,41,37.93287597040934,9.696358394273114,41,7,1169.0,1119.0,1408.0,1423.0,1134.2857142857142,1420.0
2020-02-11,2020,2,7,1078.0,1315.0,33.34,8.92,oeste,4.453203512664338,0.2195048383650542,3.930235681956104,78.33079333135187,17.63099699534158,6.161548724991637,25.76,28.3,28.7,69.86,86.09,95.35,0.0,38.7,94.3,42,37.957479305852246,12.36586867747144,42,7,1158.0,1078.0,1469.0,1380.0,1122.857142857143,1398.0
2020-02-12,2020,2,7,1061.0,1334.0,36.33,9.39,oeste,4.453203512664338,0.2195048383650542,3.930235681956104,78.33079333135187,17.63099699534158,6.536022823496514,26.37,27.54,28.79,70.49,84.5,88.52,0.0,41.71,93.13,43,37.981140453275295,11.226109784174636,43,7,1140.0,1114.0,1466.0,1397.0,1111.5714285714287,1379.142857142857
2020-02-13,2020,2,7,1031.0,1408.0,33.7,8.69,oeste,4.453203512664338,0.2195048383650542,3.930235681956104,78.33079333135187,17.63099699534158,6.2865262318942925,26.42,26.87,28.4,68.01,85.46,92.78,0.0,41.8,86.16,44,38.00380424520246,10.160457614801697,44,7,1125.0,1066.0,1391.0,1305.0,1098.142857142857,1381.5714285714287
2020-02-14,2020,2,7,1100.0,1416.0,36.35,9.2,oeste,4.453203512664338,0.2195048383650542,3.930235681956104,78.33079333135187,17.63099699534158,6.168830293904918,27.46,28.22,29.41,67.94,82.04,90.86,0.0,39.24,87.72,45,38.02541632773303,10.08892478592958,45,7,1163.0,1127.0,1370.0,1413.0,1089.142857142857,1388.142857142857
2020-02-15,2020,2,7,1128.0,1438.0,34.74,8.85,oeste,4.453203512664338,0.2195048383650542,3.930235681956104,78.33079333135187,17.63099699534158,6.194971984201628,26.3,27.32,29.9,68.2,88.31,95.72,0.0,38.86,91.93,46,38.045923239470525,13.71554213575508,46,7,1124.0,1075.0,1434.0,1406.0,1089.7142857142858,1388.7142857142858
2020-02-16,2020,2,7,1093.0,1341.0,34.37,8.83,oeste,4.453203512664338,0.2195048383650542,3.930235681956104,78.33079333135187,17.63099699534158,6.343968213854492,28.09,27.31,29.74,67.8,88.11,94.85,0.0,39.83,91.38,47,38.065272489559945,9.290188287674551,47,7,1121.0,1121.0,1462.0,1376.0,1085.7142857142858,1371.4285714285713
2020-02-17,2020,2,8,1038.0,1337.0,45.15,8.66,oeste,4.453203512664338,0.2195048383650542,3.930235681956104,78.33079333135187,17.63099699534158,6.307382907157602,26.58,27.72,28.26,70.41,81.9,90.97,0.0,99.35,448.66,48,38.08341263471033,9.378731443449048,48,8,1109.0,1169.0,1348.0,1408.0,1075.5714285714287,1369.857142857143
2020-02-18,2020,2,8,1037.0,1329.0,46.88,9.17,oeste,4.453203512664338,0.2195048383650542,3.930235681956104,78.33079333135187,17.63099699534158,6.573407416245134,27.1,28.33,30.02,71.52,85.47,89.89,0.0,100.44,458.74,49,38.10029335508021,12.37010386669307,49,8,1078.0,1158.0,1315.0,1469.0,1069.7142857142858,1371.857142857143
2020-02-19,2020,2,8,1073.0,1379.0,44.67,8.89,oeste,4.453203512664338,0.2195048383650542,3.930235681956104,78.33079333135187,17.63099699534158,6.315225367894162,26.81,27.23,29.53,72.63,86.0,95.77,0.0,101.95,455.4,50,38.11586552890423,11.943836208650865,50,8,1061.0,1140.0,1334.0,1466.0,1071.4285714285713,1378.2857142857142
2020-02-20,2020,2,8,1042.0,1372.0,43.76,8.85,oeste,4.453203512664338,0.2195048383650542,3.930235681956104,78.33079333135187,17.63099699534158,6.148652095963339,27.43,29.19,29.1,68.04,85.66,91.6,0.0,98.57,424.5,51,38.13008130573993,9.362235641808534,51,8,1031.0,1125.0,1408.0,1391.0,1073.0,1373.142857142857
2020-02-21,2020,2,8,1108.0,1331.0,42.82,9.22,oeste,4.453203512664338,0.2195048383650542,3.930235681956104,78.33079333135187,17.63099699534158,6.717240418411811,26.22,27.64,27.79,69.28,85.65,93.38,0.0,102.26,437.75,52,38.14289417821506,9.0806527896962,52,8,1100.0,1163.0,1416.0,1370.0,1074.142857142857,1361.0
2020-02-22,2020,2,8,1036.0,1306.0,45.34,9.22,oeste,4.453203512664338,0.2195048383650542,3.930235681956104,78.33079333135187,17.63099699534158,6.400226060535099,27.29,29.47,28.59,67.23,86.8,92.93,0.0,103.24,436.91,53,38.15425905215714,8.265484221485824,53,8,1128.0,1124.0,1438.0,1434.0,1061.0,1342.142857142857
2020-02-23,2020,2,8,1066.0,1346.0,45.33,8.83,oeste,4.453203512664338,0.2195048383650542,3.930235681956104,78.33079333135187,17.63099699534158,6.711846498730111,27.97,26.98,30.05,70.26,83.76,93.66,0.0,101.61,421.8,54,38.1641323149889,10.45780793184164,54,8,1093.0,1121.0,1341.0,1462.0,1057.142857142857,1342.857142857143
2020-02-24,2020,2,9,1015.0,1233.0,54.64,8.56,oeste,4.453203512664338,0.2195048383650542,3.930235681956104,78.33079333135187,17.63099699534158,6.465056288223238,23.28,26.43,29.11,88.32,94.74,91.01,0.0,75.19,124.86,55,38.17247190227519,17.51209733445,55,9,1038.0,1109.0,1337.0,1348.0,1053.857142857143,1328.0
2020-02-25,2020,2,9,975.0,1294.0,52.41,8.93,oeste,4.453203512664338,0.2195048383650542,3.930235681956104,78.33079333135187,17.63099699534158,6.385491099501838,22.09,25.74,28.4,88.91,94.04,90.92,0.0,80.58,125.28,56,38.17923736230927,18.221978488320037,56,9,1037.0,1078.0,1329.0,1315.0,1045.0,1323.0
2020-02-26,2020,2,9,1044.0,1219.0,56.04,8.6,oeste,4.453203512664338,0.2195048383650542,3.930235681956104,78.33079333135187,17.63099699534158,6.525251289199177,23.32,25.96,26.82,92.32,91.46,93.42,0.0,79.01,125.53,57,38.18438991862909,13.572925936857022,57,9,1073.0,1061.0,1379.0,1334.0,1040.857142857143,1300.142857142857
2020-02-27,2020,2,9,967.0,1209.0,54.58,9.21,oeste,4.453203512664338,0.2195048383650542,3.930235681956104,78.33079333135187,17.63099699534158,6.461997816331522,22.35,26.91,28.7,86.19,88.84,91.94,0.0,75.69,114.89,58,38.1878925303572,18.283787085293746,58,9,1042.0,1031.0,1372.0,1408.0,1030.142857142857,1276.857142857143
2020-02-28,2020,2,9,986.0,1254.0,55.13,8.71,oeste,4.453203512664338,0.2195048383650542,3.930235681956104,78.33079333135187,17.63099699534158,6.212363711095652,22.89,26.81,28.68,87.24,87.55,96.75,0.0,78.24,122.46,59,38.18970995026074,17.45979912131723,59,9,1108.0,1100.0,1331.0,1416.0,1012.7142857142857,1265.857142857143
2020-02-29,2020,2,9,975.0,1275.0,54.76,9.23,oeste,4.453203512664338,0.2195048383650542,3.930235681956104,78.33079333135187,17.63099699534158,6.291880989346964,23.38,27.37,28.62,90.07,95.81,94.11,0.0,82.07,124.52,60,38.18980878043198,16.609888927406317,60,9,1036.0,1128.0,1306.0,1438.0,1004.0,1261.4285714285713
2020-03-01,2020,3,9,1038.0,1216.0,55.94,9.12,oeste,4.453203512664338,0.2195048383650542,3.930235681956104,78.33079333135187,17.63099699534158,6.622447668443695,21.93,25.69,27.8,85.39,90.2,95.33,0.0,74.83,122.32,61,38.188157525493125,17.579291065079538,61,9,1066.0,1093.0,1346.0,1341.0,1000.0,1242.857142857143
2020-03-02,2020,3,10,999.0,1311.0,49.78,8.55,oeste,4.453203512664338,0.2195048383650542,3.930235681956104,78.33079333135187,17.63099699534158,6.120181329695712,23.09,26.98,26.67,90.91,89.51,99.14,0.0,98.73,261.43,62,38.18472664323334,13.727289734488725,62,10,1015.0,1038.0,1233.0,1337.0,997.7142857142857,1254.0
2020-03-03,2020,3,10,1014.0,1239.0,52.26,8.51,oeste,4.453203512664338,0.2195048383650542,3.930235681956104,78.33079333135187,17.63099699534158,6.211990236493674,22.81,27.45,27.16,92.72,89.4,93.37,0.0,94.22,246.37,63,38.1794885925903,15.129631006416645,63,10,975.0,1037.0,1294.0,1329.0,1003.2857142857143,1246.142857142857
2020-03-04,2020,3,10,998.0,1260.0,52.06,8.99,oeste,4.453203512664338,0.2195048383650542,3.930235681956104,78.33079333135187,17.63099699534158,6.718029615434213,23.36,25.28,27.83,92.28,93.91,93.35,0.0,96.24,257.58,64,38.17241787889271,15.334055541560964,64,10,1044.0,1073.0,1219.0,1379.0,996.7142857142857,1252.0
2020-03-05,2020,3,10,1047.0,1267.0,47.86,9.09,oeste,4.453203512664338,0.2195048383650542,3.930235681956104,78.33079333135187,17.63099699534158,6.344319709422448,22.52,26.78,26.98,90.11,88.71,92.72,0.0,91.6,240.22,65,38.16349109628534,15.313311829580574,65,10,967.0,1042.0,1209.0,1372.0,1008.1428571428571,1260.2857142857142
2020-03-06,2020,3,10,1078.0,1291.0,50.29,8.51,oeste,4.453203512664338,0.2195048383650542,3.930235681956104,78.33079333135187,17.63099699534158,6.577294530033169,22.02,25.75,27.13,89.12,88.54,97.69,0.0,94.31,261.04,66,38.152686967262966,16.386612363831922,66,10,986.0,1108.0,1254.0,1331.0,1021.2857142857143,1265.5714285714287
2020-03-07,2020,3,10,1028.0,1318.0,51.15,8.36,oeste,4.453203512664338,0.2195048383650542,3.930235681956104,78.33079333135187,17.63099699534158,6.327238441549362,23.65,25.08,27.15,88.7,90.31,93.32,0.0,95.16,240.47,67,38.13998637924461,13.55714236789902,67,10,975.0,1036.0,1275.0,1306.0,1028.857142857143,1271.7142857142858
2020-03-08,2020,3,10,1036.0,1314.0,51.63,9.09,oeste,4.453203512664338,0.2195048383650542,3.930235681956104,78.33079333135187,17.63099699534158,6.5236614594647255,22.56,27.33,29.35,88.91,93.76,92.92,0.0,93.19,251.17,68,38.125372418124975,18.8756789847067,68,10,1038.0,1066.0,1216.0,1346.0,1028.5714285714287,1285.7142857142858
2020-03-09,2020,3,11,1011.0,1330.0,45.05,8.82,oeste,4.453203512664338,0.2195048383650542,3.930235681956104,78.33079333135187,17.63099699534158,6.23313710968911,22.78,26.4,27.57,89.5,88.42,94.09,0.0,104.92,249.88,69,38.10883039874548,15.84699707152863,69,11,999.0,1015.0,1311.0,1233.0,1030.2857142857142,1288.4285714285713
2020-03-10,2020,3,11,1082.0,1257.0,42.97,9.06,oeste,4.453203512664338,0.2195048383650542,3.930235681956104,78.33079333135187,17.63099699534158,6.535884500513972,21.99,26.41,27.45,92.96,87.34,95.75,0.0,104.06,251.74,70,38.09034789223307,16.910827579112894,70,11,1014.0,975.0,1239.0,1294.0,1040.0,1291.0
2020-03-11,2020,3,11,1056.0,1251.0,47.05,8.95,oeste,4.453203512664338,0.2195048383650542,3.930235681956104,78.33079333135187,17.63099699534158,6.374429931310091,22.27,26.72,28.09,90.5,89.94,91.5,0.0,106.89,255.64,71,38.06991475016074,17.450062933567686,71,11,998.0,1044.0,1260.0,1219.0,1048.2857142857142,1289.7142857142858
2020-03-12,2020,3,11,1034.0,1356.0,44.42,8.95,oeste,4.453203512664338,0.2195048383650542,3.930235681956104,78.33079333135187,17.63099699534158,6.304691595970329,23.27,27.51,28.52,85.21,94.45,98.34,0.0,105.42,255.05,72,38.04752312548959,16.56378719917319,72,11,1047.0,967.0,1267.0,1209.0,1046.4285714285713,1302.4285714285713
2020-03-13,2020,3,11,1095.0,1230.0,45.94,8.59,oeste,4.453203512664338,0.2195048383650542,3.930235681956104,78.33079333135187,17.63099699534158,6.114952979258889,22.54,26.89,26.74,87.82,94.98,91.42,0.0,103.99,241.26,73,38.02316749025859,14.80561795906358,73,11,1078.0,986.0,1291.0,1254.0,1048.857142857143,1293.7142857142858
2020-03-14,2020,3,11,1024.0,1346.0,43.42,8.66,oeste,4.453203512664338,0.2195048383650542,3.930235681956104,78.33079333135187,17.63099699534158,6.462734811080748,23.71,25.6,27.04,86.86,87.96,91.59,0.0,104.02,254.88,74,37.99684464999441,13.174169625673253,74,11,1028.0,975.0,1318.0,1275.0,1048.2857142857142,1297.7142857142858
2020-03-15,2020,3,11,998.0,1330.0,45.32,8.98,oeste,4.453203512664338,0.2195048383650542,3.930235681956104,78.33079333135187,17.63099699534158,6.667733818111181,22.7,26.13,27.95,92.78,93.21,97.33,0.0,109.43,243.02,75,37.96855375481967,16.529408302898787,75,11,1036.0,1038.0,1314.0,1216.0,1042.857142857143,1300.0
2020-03-16,2020,3,12,992.0,1296.0,39.15,8.99,oeste,4.453203512664338,0.2195048383650542,3.930235681956104,78.33079333135187,17.63099699534158,6.368438914188435,22.26,26.95,29.15,87.92,93.1,91.32,0.0,54.18,90.19,76,37.938296307244514,18.920867135647867,76,12,1011.0,999.0,1330.0,1311.0,1040.142857142857,1295.142857142857
2020-03-17,2020,3,12,982.0,1282.0,40.56,8.84,oeste,4.453203512664338,0.2195048383650542,3.930235681956104,78.33079333135187,17.63099699534158,6.42790349136014,24.04,26.51,29.05,85.39,89.9,98.45,0.0,55.12,89.94,77,37.90607616663306,16.120603445858276,77,12,1082.0,1014.0,1257.0,1239.0,1025.857142857143,1298.7142857142858
2020-03-18,2020,3,12,986.0,1275.0,40.86,9.22,oeste,4.453203512664338,0.2195048383650542,3.930235681956104,78.33079333135187,17.63099699534158,6.429378840059667,22.56,25.54,27.89,88.14,90.85,94.0,0.0,54.45,89.56,78,37.87189955034202,16.612473231464737,78,12,1056.0,998.0,1251.0,1260.0,1015.8571428571429,1302.142857142857
2020-03-19,2020,3,12,1065.0,1282.0,39.23,9.19,oeste,4.453203512664338,0.2195048383650542,3.930235681956104,78.33079333135187,17.63099699534158,6.477327896754407,23.63,27.57,27.53,90.83,90.52,91.13,0.0,55.45,85.96,79,37.83577503153597,14.196737067095649,79,12,1034.0,1047.0,1356.0,1267.0,1020.2857142857143,1291.5714285714287
2020-03-20,2020,3,12,1009.0,1252.0,40.8,8.37,oeste,4.453203512664338,0.2195048383650542,3.930235681956104,78.33079333135187,17.63099699534158,6.682379052343852,22.84,25.82,27.04,86.58,90.84,97.82,0.0,53.38,91.26,80,37.79771353368969,14.717829766531391,80,12,1095.0,1078.0,1230.0,1291.0,1008.0,1294.7142857142858
2020-03-21,2020,3,12,1023.0,1216.0,40.1,9.02,oeste,4.453203512664338,0.2195048383650542,3.930235681956104,78.33079333135187,17.63099699534158,6.132278430741258,23.69,26.6,27.2,87.17,95.36,99.08,0.0,56.36,91.81,81,37.75772832179421,13.44042545423949,81,12,1024.0,1028.0,1346.0,1318.0,1007.8571428571429,1276.142857142857
2020-03-22,2020,3,12,1043.0,1197.0,40.37,8.38,oeste,4.453203512664338,0.2195048383650542,3.930235681956104,78.33079333135187,17.63099699534158,6.509072396792462,23.81,27.51,26.79,85.96,88.74,94.06,0.0,55.12,85.94,82,37.71583499029042,12.37044891010006,82,12,998.0,1036.0,1330.0,1314.0,1014.2857142857143,1257.142857142857
2020-03-23,2020,3,13,1001.0,1226.0,49.01,8.27,oeste,4.453203512664338,0.2195048383650542,3.930235681956104,78.33079333135187,17.63099699534158,6.532898109995287,22.8,27.06,27.88,86.12,90.38,99.71,0.0,80.12,177.36,83,37.67205144775879,16.132613440304787,83,13,992.0,1011.0,1296.0,1330.0,1015.5714285714286,1247.142857142857
2020-03-24,2020,3,13,959.0,1262.0,50.45,8.64,oeste,4.453203512664338,0.2195048383650542,3.930235681956104,78.33079333135187,17.63099699534158,6.236074116682672,22.34,25.91,27.55,85.22,92.42,93.55,0.0,77.79,169.35,84,37.62639789840188,16.31793152784352,84,13,982.0,1082.0,1282.0,1257.0,1012.2857142857143,1244.2857142857142
2020-03-25,2020,3,13,1018.0,1208.0,50.49,8.5,oeste,4.453203512664338,0.2195048383650542,3.930235681956104,78.33079333135187,17.63099699534158,6.333079798878744,23.13,27.34,27.8,91.75,88.54,98.33,0.0,75.81,169.92,85,37.57889682036032,15.429649753767851,85,13,986.0,1056.0,1275.0,1251.0,1016.8571428571429,1234.7142857142858
2020-03-26,2020,3,13,965.0,1244.0,52.03,8.59,oeste,4.453203512664338,0.2195048383650542,3.930235681956104,78.33079333135187,17.63099699534158,6.147817152886313,22.33,27.19,28.83,91.08,92.44,98.27,0.0,82.22,178.8,86,37.52957294091051,18.179582352438118,86,13,1065.0,1034.0,1282.0,1356.0,1002.5714285714286,1229.2857142857142
2020-03-27,2020,3,13,1006.0,1242.0,48.38,8.84,oeste,4.453203512664338,0.2195048383650542,3.930235681956104,78.33079333135187,17.63099699534158,6.3738836624612345,22.74,25.26,26.93,89.67,91.01,95.94,0.0,77.78,170.78,87,37.47845320859714,14.576131277368535,87,13,1009.0,1095.0,1252.0,1230.0,1002.1428571428571,1227.857142857143
2020-03-28,2020,3,13,1006.0,1198.0,51.51,8.38,oeste,4.453203512664338,0.2195048383650542,3.930235681956104,78.33079333135187,17.63099699534158,6.296657606627925,23.69,27.25,27.57,84.65,90.05,97.19,0.0,82.36,181.75,88,37.42556676235942,14.006765237375973,88,13,1023.0,1024.0,1216.0,1346.0,999.7142857142857,1225.2857142857142
2020-03-29,2020,3,13,945.0,1220.0,51.15,8.72,oeste,4.453203512664338,0.2195048383650542,3.930235681956104,78.33079333135187,17.63099699534158,6.3027497720670524,21.93,25.65,28.85,90.34,88.29,94.35,0.0,75.39,171.21,89,37.37094489771561,18.67844538988149,89,13,1043.0,998.0,1197.0,1330.0,985.7142857142857,1228.5714285714287
2020-03-30,2020,3,14,1104.0,1388.0,30.31,7.7,oeste,4.453203512664338,0.2195048383650542,3.930235681956104,78.33079333135187,17.63099699534158,6.494893104204336,23.47,25.02,28.38,80.73,95.09,100.65,0.0,51.37,120.35,90,37.31462103007519,15.709898613931475,90,14,1001.0,992.0,1226.0,1296.0,1000.4285714285714,1251.7142857142858
2020-03-31,2020,3,14,1026.0,1341.0,29.32,7.76,oeste,4.453203512664338,0.2195048383650542,3.930235681956104,78.33079333135187,17.63099699534158,6.382173883774531,23.28,25.95,28.72,80.41,88.15,100.01,0.0,55.36,123.61,91,37.256630655253694,16.510363204725028,91,14,959.0,982.0,1262.0,1282.0,1010.0,1263.0
2020-04-01,2020,4,14,1127.0,1387.0,30.27,7.39,oeste,4.453203512664338,0.2195048383650542,3.930235681956104,78.33079333135187,17.63099699534158,6.633817852786257,22.14,25.2,28.64,79.28,89.19,97.65,0.0,51.04,121.81,92,37.19701130726928,18.018487217794263,92,14,1018.0,986.0,1208.0,1275.0,1025.5714285714287,1288.5714285714287
2020-04-02,2020,4,14,1124.0,1395.0,30.36,7.41,oeste,4.453203512664338,0.2195048383650542,3.930235681956104,78.33079333135187,17.63099699534158,6.574282877895772,23.29,25.18,27.81,80.92,92.53,91.7,0.0,50.88,130.27,93,37.13580251350512,15.000841832476135,93,14,965.0,1065.0,1244.0,1282.0,1048.2857142857142,1310.142857142857
2020-04-03,2020,4,14,1096.0,1464.0,29.93,7.53,oeste,4.453203512664338,0.2195048383650542,3.930235681956104,78.33079333135187,17.63099699534158,6.27339989390854,23.95,26.14,27.8,85.47,96.5,93.04,0.0,51.47,127.65,94,37.073045747326205,13.821088019974036,94,14,1006.0,1009.0,1242.0,1252.0,1061.142857142857,1341.857142857143
2020-04-04,2020,4,14,1105.0,1392.0,30.31,7.42,oeste,4.453203512664338,0.2195048383650542,3.930235681956104,78.33079333135187,17.63099699534158,6.13127505739799,23.49,26.37,26.95,80.31,88.12,96.72,0.0,51.09,125.2,95,37.00878437824253,13.079660470861525,95,14,1006.0,1023.0,1198.0,1216.0,1075.2857142857142,1369.5714285714287
2020-04-05,2020,4,14,1118.0,1433.0,29.65,7.51,oeste,4.453203512664338,0.2195048383650542,3.930235681956104,78.33079333135187,17.63099699534158,6.285309134302475,24.04,24.84,27.92,83.97,93.76,93.09,0.0,55.0,118.91,96,36.94306361971505,13.82618525342466,96,14,945.0,1043.0,1220.0,1197.0,1100.0,1400.0
2020-04-06,2020,4,15,1041.0,1323.0,19.65,7.55,oeste,4.453203512664338,0.2195048383650542,3.930235681956104,78.33079333135187,17.63099699534158,6.440896005030061,22.72,25.79,27.77,79.43,92.87,97.8,0.0,28.6,83.17,97,36.87593047470398,15.74498595267843,97,15,1104.0,1001.0,1388.0,1226.0,1091.0,1390.7142857142858
2020-04-07,2020,4,15,1087.0,1404.0,19.57,7.15,oeste,4.453203512664338,0.2195048383650542,3.930235681956104,78.33079333135187,17.63099699534158,6.325061548662743,22.56,25.47,28.46,86.88,90.86,93.35,0.0,28.41,87.45,98,36.80743367906239,16.986939694909037,98,15,1026.0,959.0,1341.0,1262.0,1099.7142857142858,1399.7142857142858
2020-04-08,2020,4,15,1072.0,1361.0,20.73,7.29,oeste,4.453203512664338,0.2195048383650542,3.930235681956104,78.33079333135187,17.63099699534158,6.327322464405061,23.94,24.88,29.21,82.03,95.92,94.81,0.0,27.48,86.65,99,36.73762364288063,16.023964321125018,99,15,1127.0,1018.0,1387.0,1208.0,1091.857142857143,1396.0
2020-04-09,2020,4,15,1050.0,1321.0,20.71,7.54,oeste,4.453203512664338,0.2195048383650542,3.930235681956104,78.33079333135187,17.63099699534158,6.237505645897528,22.74,24.47,27.87,84.09,90.2,97.81,0.0,26.43,86.2,100,36.666552389890384,15.779104791783649,100,15,1124.0,965.0,1395.0,1244.0,1081.2857142857142,1385.4285714285713
2020-04-10,2020,4,15,1056.0,1327.0,19.93,7.87,oeste,4.453203512664338,0.2195048383650542,3.930235681956104,78.33079333135187,17.63099699534158,6.182741857012432,22.84,25.53,27.28,79.85,91.1,91.48,0.0,27.83,82.68,101,36.59427349503859,14.65069460547507,101,15,1096.0,1006.0,1464.0,1242.0,1075.5714285714287,1365.857142857143
2020-04-11,2020,4,15,1079.0,1355.0,20.57,7.77,oeste,4.453203512664338,0.2195048383650542,3.930235681956104,78.33079333135187,17.63099699534158,6.120024219826528,22.39,25.63,27.43,80.77,97.07,98.59,0.0,28.56,83.76,102,36.52084202034448,15.577926528095368,102,15,1105.0,1006.0,1392.0,1198.0,1071.857142857143,1360.5714285714287
2020-04-12,2020,4,15,1115.0,1409.0,20.72,7.74,oeste,4.453203512664338,0.2195048383650542,3.930235681956104,78.33079333135187,17.63099699534158,6.3525327590834415,23.29,26.9,29.25,86.88,90.76,95.99,0.0,28.54,84.12,103,36.44631444915352,16.90559064386023,103,15,1118.0,945.0,1433.0,1220.0,1071.4285714285713,1357.142857142857
2020-04-13,2020,4,16,1012.0,1349.0,24.58,7.27,oeste,4.453203512664338,0.2195048383650542,3.930235681956104,78.33079333135187,17.63099699534158,6.6082710644390845,23.01,26.53,28.86,83.39,91.1,97.83,0.0,48.91,208.24,104,36.3707486189048,16.71412994225848,104,16,1041.0,1104.0,1323.0,1388.0,1067.2857142857142,1360.857142857143
2020-04-14,2020,4,16,1019.0,1301.0,25.12,7.61,oeste,4.453203512664338,0.2195048383650542,3.930235681956104,78.33079333135187,17.63099699534158,6.673568939354086,22.36,26.34,28.76,86.86,88.07,92.66,0.0,50.41,203.31,105,36.29420365252813,17.445397109406684,105,16,1087.0,1026.0,1404.0,1341.0,1057.5714285714287,1346.142857142857
2020-04-15,2020,4,16,1083.0,1385.0,24.56,7.18,oeste,4.453203512664338,0.2195048383650542,3.930235681956104,78.33079333135187,17.63099699534158,6.590695728159073,22.88,25.97,27.42,84.92,87.81,99.29,0.0,50.8,199.66,106,36.21673988858884,14.661921209703678,106,16,1072.0,1127.0,1361.0,1387.0,1059.142857142857,1349.5714285714287
2020-04-16,2020,4,16,1032.0,1374.0,23.94,7.12,oeste,4.453203512664338,0.2195048383650542,3.930235681956104,78.33079333135187,17.63099699534158,6.709372355139781,23.62,26.21,29.33,84.64,94.03,92.88,0.0,51.86,192.47,107,36.1384188102982,16.407439129324906,107,16,1050.0,1124.0,1321.0,1395.0,1056.5714285714287,1357.142857142857
2020-04-17,2020,4,16,1063.0,1285.0,25.05,7.76,oeste,4.453203512664338,0.2195048383650542,3.930235681956104,78.33079333135187,17.63099699534158,6.377421550458588,22.75,25.37,27.3,82.42,88.89,95.56,0.0,51.71,209.5,108,36.05930297350803,14.61425317875562,108,16,1056.0,1096.0,1327.0,1464.0,1057.5714285714287,1351.142857142857
2020-04-18,2020,4,16,1109.0,1329.0,24.85,7.15,oeste,4.453203512664338,0.2195048383650542,3.930235681956104,78.33079333135187,17.63099699534158,6.136447760528279,23.35,26.54,26.83,81.67,95.25,92.61,0.0,51.11,197.77,109,35.97945593380731,12.752572897503995,109,16,1079.0,1105.0,1355.0,1392.0,1061.857142857143,1347.4285714285713
2020-04-19,2020,4,16,1082.0,1277.0,25.8,7.07,oeste,4.453203512664338,0.2195048383650542,3.930235681956104,78.33079333135187,17.63099699534158,6.71337660668369,23.3,26.41,29.25,83.2,92.87,92.3,0.0,48.12,197.15,110,35.89894217283866,16.637717093478408,110,16,1115.0,1118.0,1409.0,1433.0,1057.142857142857,1328.5714285714287
2020-04-20,2020,4,17,1083.0,1366.0,29.35,7.17,oeste,4.453203512664338,0.2195048383650542,3.930235681956104,78.33079333135187,17.63099699534158,6.408692974430084,22.4,26.23,28.18,81.58,93.64,96.84,0.0,27.39,62.95,111,35.81782702395176,16.36126033089798,111,17,1012.0,1041.0,1349.0,1323.0,1067.2857142857142,1331.0
2020-04-21,2020,4,17,1122.0,1446.0,29.01,7.87,oeste,4.453203512664338,0.2195048383650542,3.930235681956104,78.33079333135187,17.63099699534158,6.406461096068724,24.14,24.9,29.19,84.96,94.7,94.97,0.0,28.62,59.87,112,35.73617659730955,15.258343078639058,112,17,1019.0,1087.0,1301.0,1404.0,1082.0,1351.7142857142858
2020-04-22,2020,4,17,1058.0,1372.0,29.79,7.6,oeste,4.453203512664338,0.2195048383650542,3.930235681956104,78.33079333135187,17.63099699534158,6.337215037055099,22.37,26.15,26.74,83.72,92.74,94.35,0.0,26.11,57.65,113,35.65405770456217,14.161305193786156,113,17,1083.0,1072.0,1385.0,1361.0,1078.4285714285713,1349.857142857143
2020-04-23,2020,4,17,1069.0,1365.0,29.89,7.18,oeste,4.453203512664338,0.2195048383650542,3.930235681956104,78.33079333135187,17.63099699534158,6.420083756740848,24.06,26.86,27.04,79.93,93.09,92.56,0.0,26.02,60.39,114,35.571537783201656,11.667139038922858,114,17,1032.0,1050.0,1374.0,1321.0,1083.7142857142858,1348.5714285714287
2020-04-24,2020,4,17,1116.0,1322.0,29.56,7.38,oeste,4.453203512664338,0.2195048383650542,3.930235681956104,78.33079333135187,17.63099699534158,6.218620857069041,21.88,24.63,26.63,79.82,90.94,96.82,0.0,27.53,61.44,115,35.488684820709075,14.695701123400491,115,17,1063.0,1056.0,1285.0,1327.0,1091.2857142857142,1353.857142857143
2020-04-25,2020,4,17,1034.0,1386.0,30.53,7.73,oeste,4.453203512664338,0.2195048383650542,3.930235681956104,78.33079333135187,17.63099699534158,6.688872909058567,21.89,25.81,27.57,78.91,96.14,92.62,0.0,27.19,60.77,116,35.40556727860358,16.03242902485056,116,17,1109.0,1079.0,1329.0,1355.0,1080.5714285714287,1362.0
2020-04-26,2020,4,17,1118.0,1343.0,30.2,7.16,oeste,4.453203512664338,0.2195048383650542,3.930235681956104,78.33079333135187,17.63099699534158,6.633842827692871,22.08,26.49,26.77,80.59,92.45,94.19,0.0,26.07,60.0,117,35.32225401650027,14.53410962912912,117,17,1082.0,1115.0,1277.0,1409.0,1085.7142857142858,1371.4285714285713
2020-04-27,2020,4,18,1011.0,1159.0,15.67,6.54,norte,4.453203512664338,0.2195048383650542,3.930235681956104,78.33079333135187,17.63099699534158,6.095002899229756,24.19,28.31,28.83,77.94,86.73,95.63,0.0,4.68,32.27,118,35.23881421628238,14.42227848436329,118,18,1083.0,1012.0,1366.0,1349.0,1075.4285714285713,1341.857142857143
2020-04-28,2020,4,18,970.0,1148.0,14.4,6.56,norte,4.453203512664338,0.2195048383650542,3.930235681956104,78.33079333135187,17.63099699534158,6.582849573014584,24.25,28.02,28.05,76.31,87.01,87.52,0.0,4.53,30.7,119,35.15531730648941,13.020762620688515,119,18,1122.0,1019.0,1446.0,1301.0,1053.7142857142858,1299.2857142857142
2020-04-29,2020,4,18,951.0,1182.0,14.66,6.34,norte,4.453203512664338,0.2195048383650542,3.930235681956104,78.33079333135187,17.63099699534158,6.426691783074756,25.0,27.14,29.63,75.75,88.31,88.01,0.0,4.35,32.58,120,35.071832887020726,14.338461666032272,120,18,1058.0,1083.0,1372.0,1385.0,1038.4285714285713,1272.142857142857
2020-04-30,2020,4,18,959.0,1117.0,14.72,6.43,norte,4.453203512664338,0.2195048383650542,3.930235681956104,78.33079333135187,17.63099699534158,6.300833480484016,23.02,25.93,29.99,81.18,86.28,88.52,0.0,4.46,30.62,121,34.98843065425123,17.550700430296978,121,18,1069.0,1032.0,1365.0,1374.0,1022.7142857142857,1236.7142857142858
2020-05-01,2020,5,18,927.0,1157.0,15.03,6.43,norte,4.453203512664338,0.2195048383650542,3.930235681956104,78.33079333135187,17.63099699534158,6.477647090360782,23.51,27.93,28.05,81.76,84.94,95.29,0.0,4.59,32.38,122,34.90518032665224,14.130951745911409,122,18,1116.0,1063.0,1322.0,1285.0,995.7142857142857,1213.142857142857
2020-05-02,2020,5,18,941.0,1100.0,14.4,6.61,norte,4.453203512664338,0.2195048383650542,3.930235681956104,78.33079333135187,17.63099699534158,6.156110135017695,24.05,27.42,29.85,74.37,88.07,88.49,0.0,4.78,33.21,123,34.82215157100733,15.933940800014373,123,18,1034.0,1109.0,1386.0,1329.0,982.4285714285714,1172.2857142857142
2020-05-03,2020,5,18,941.0,1137.0,14.25,6.41,norte,4.453203512664338,0.2195048383650542,3.930235681956104,78.33079333135187,17.63099699534158,6.3211904117377085,23.33,28.14,27.76,75.49,85.08,96.49,0.0,4.45,30.58,124,34.73941392931027,13.89242150075146,124,18,1118.0,1082.0,1343.0,1277.0,957.1428571428571,1142.857142857143
2020-05-04,2020,5,19,911.0,1088.0,9.99,6.35,norte,4.453203512664338,0.2195048383650542,3.930235681956104,78.33079333135187,17.63099699534158,6.31808618191981,23.29,26.87,28.37,76.7,90.97,93.44,0.0,6.12,40.32,125,34.657036746427444,14.84146881652805,125,19,1011.0,1083.0,1159.0,1366.0,942.8571428571429,1132.7142857142858
2020-05-05,2020,5,19,952.0,1160.0,10.26,6.61,norte,4.453203512664338,0.2195048383650542,3.930235681956104,78.33079333135187,17.63099699534158,6.4385381464916325,24.87,26.88,29.98,78.32,87.18,92.21,0.0,6.03,43.69,126,34.57508909860481,14.850030955616152,126,19,970.0,1122.0,1148.0,1446.0,940.2857142857143,1134.4285714285713
2020-05-06,2020,5,19,911.0,1167.0,9.67,6.54,norte,4.453203512664338,0.2195048383650542,3.930235681956104,78.33079333135187,17.63099699534158,6.190354124513206,24.48,28.56,29.32,80.95,84.15,87.66,0.0,6.22,40.09,127,34.49363972289474,14.418341404170004,127,19,951.0,1058.0,1182.0,1372.0,934.5714285714286,1132.2857142857142
2020-05-07,2020,5,19,982.0,1078.0,10.46,6.16,norte,4.453203512664338,0.2195048383650542,3.930235681956104,78.33079333135187,17.63099699534158,6.714630352181556,24.19,27.99,29.57,74.24,89.6,88.16,0.0,5.79,42.27,128,34.41275694757495,15.165760942051543,128,19,959.0,1069.0,1117.0,1365.0,937.8571428571429,1126.7142857142858
2020-05-08,2020,5,19,971.0,1127.0,9.82,6.6,norte,4.453203512664338,0.2195048383650542,3.930235681956104,78.33079333135187,17.63099699534158,6.693525106483512,23.25,27.53,28.05,75.53,90.47,90.53,0.0,5.75,43.14,129,34.332508623627625,14.291563965965135,129,19,927.0,1116.0,1157.0,1322.0,944.1428571428571,1122.4285714285713
2020-05-09,2020,5,19,925.0,1164.0,10.42,6.71,norte,4.453203512664338,0.2195048383650542,3.930235681956104,78.33079333135187,17.63099699534158,6.585224199182751,23.08,26.29,29.3,79.66,90.46,91.02,0.0,6.24,42.04,130,34.252962057343225,16.231061629642728,130,19,941.0,1034.0,1100.0,1386.0,941.8571428571429,1131.5714285714287
2020-05-10,2020,5,19,948.0,1116.0,9.94,6.26,norte,4.453203512664338,0.2195048383650542,3.930235681956104,78.33079333135187,17.63099699534158,6.097463948065253,24.61,26.2,29.16,76.07,83.69,95.27,0.0,5.93,40.21,131,34.17418394410936,13.850244878651694,131,19,941.0,1118.0,1137.0,1343.0,942.8571428571429,1128.5714285714287
2020-05-11,2020,5,20,924.0,1096.0,14.61,6.38,norte,4.453203512664338,0.2195048383650542,3.930235681956104,78.33079333135187,17.63099699534158,6.355090953277871,25.06,26.05,27.85,76.09,89.6,91.94,0.0,16.67,117.32,132,34.09624030344148,10.820870405075446,132,20,911.0,1011.0,1088.0,1159.0,944.7142857142857,1129.7142857142858
2020-05-12,2020,5,20,931.0,1105.0,14.94,6.92,norte,4.453203512664338,0.2195048383650542,3.930235681956104,78.33079333135187,17.63099699534158,6.61586716281017,23.32,28.35,29.46,74.44,85.39,96.41,0.0,16.7,111.31,133,34.01919641530805,16.01628680787945,133,20,952.0,970.0,1160.0,1148.0,941.7142857142857,1121.857142857143
2020-05-13,2020,5,20,902.0,1095.0,15.43,6.3,norte,4.453203512664338,0.2195048383650542,3.930235681956104,78.33079333135187,17.63099699534158,6.7175266349893805,24.74,27.59,28.53,80.54,89.41,95.93,0.0,16.51,116.37,134,33.943116757799416,12.55523725543594,134,20,911.0,951.0,1167.0,1182.0,940.4285714285714,1111.5714285714287
2020-05-14,2020,5,20,908.0,1144.0,14.55,6.64,norte,4.453203512664338,0.2195048383650542,3.930235681956104,78.33079333135187,17.63099699534158,6.125097890919283,23.96,26.77,28.41,74.84,85.52,91.52,0.0,16.46,110.5,135,33.86806494618528,13.574504641710032,135,20,982.0,959.0,1078.0,1117.0,929.8571428571429,1121.0
2020-05-15,2020,5,20,931.0,1130.0,15.45,6.57,norte,4.453203512664338,0.2195048383650542,3.930235681956104,78.33079333135187,17.63099699534158,6.446257374849593,25.06,28.42,29.96,76.62,87.06,90.18,0.0,16.22,119.76,136,33.79410367340253,14.213223099211396,136,20,971.0,927.0,1127.0,1157.0,924.1428571428571,1121.4285714285713
2020-05-16,2020,5,20,939.0,1084.0,15.63,6.39,norte,4.453203512664338,0.2195048383650542,3.930235681956104,78.33079333135187,17.63099699534158,6.334285774152844,23.92,27.24,29.21,81.36,83.47,90.29,0.0,17.34,118.63,137,33.72129465201088,14.736205762928757,137,20,925.0,941.0,1164.0,1100.0,926.1428571428571,1110.0
2020-05-17,2020,5,20,965.0,1146.0,14.98,6.68,norte,4.453203512664338,0.2195048383650542,3.930235681956104,78.33079333135187,17.63099699534158,6.270619185155835,23.63,26.98,29.84,80.38,83.84,89.08,0.0,16.19,117.0,138,33.64969855765084,15.932377174081996,138,20,948.0,941.0,1116.0,1137.0,928.5714285714286,1114.2857142857142
2020-05-18,2020,5,21,953.0,1059.0,9.88,6.71,norte,4.453203512664338,0.2195048383650542,3.930235681956104,78.33079333135187,17.63099699534158,6.264671874082474,23.63,28.12,28.51,81.27,88.69,88.13,0.0,25.19,171.54,139,33.57937497403438,14.094060134149087,139,21,924.0,911.0,1096.0,1088.0,932.7142857142857,1109.0
2020-05-19,2020,5,21,899.0,1112.0,10.14,6.45,norte,4.453203512664338,0.2195048383650542,3.930235681956104,78.33079333135187,17.63099699534158,6.426708671268287,22.84,26.65,29.85,74.71,83.66,88.67,0.0,24.43,168.67,140,33.510382339495884,16.857454374774797,140,21,931.0,952.0,1105.0,1160.0,928.1428571428571,1110.0
2020-05-20,2020,5,21,910.0,1136.0,10.1,6.74,norte,4.453203512664338,0.2195048383650542,3.930235681956104,78.33079333135187,17.63099699534158,6.677937462140687,24.99,27.07,27.7,81.26,88.57,88.83,0.0,24.68,161.14,141,33.442777895126866,10.460214513580404,141,21,902.0,911.0,1095.0,1167.0,929.2857142857143,1115.857142857143
2020-05-21,2020,5,21,881.0,1037.0,9.76,6.63,norte,4.453203512664338,0.2195048383650542,3.930235681956104,78.33079333135187,17.63099699534158,6.461509891304039,23.09,26.68,29.93,79.84,87.17,90.75,0.0,24.52,165.56,142,33.37661763451573,16.58532458144989,142,21,908.0,982.0,1144.0,1078.0,925.4285714285714,1100.5714285714287
2020-05-22,2020,5,21,903.0,1101.0,9.53,6.4,norte,4.453203512664338,0.2195048383650542,3.930235681956104,78.33079333135187,17.63099699534158,6.612018506176675,24.7,26.33,29.98,79.45,88.88,90.45,0.0,24.72,161.08,143,33.31195625510986,14.543559088552188,143,21,931.0,971.0,1130.0,1127.0,921.4285714285714,1096.4285714285713
2020-05-23,2020,5,21,948.0,1125.0,10.25,6.74,norte,4.453203512664338,0.2195048383650542,3.930235681956104,78.33079333135187,17.63099699534158,6.675587981690973,22.92,26.21,28.92,76.23,84.08,87.49,0.0,22.84,166.95,144,33.24884711121499,15.474114892074573,144,21,939.0,925.0,1084.0,1164.0,922.7142857142857,1102.2857142857142
2020-05-24,2020,5,21,906.0,1130.0,10.18,6.77,norte,4.453203512664338,0.2195048383650542,3.930235681956104,78.33079333135187,17.63099699534158,6.671538619579386,24.91,28.2,29.14,78.41,91.39,94.95,0.0,23.23,172.93,145,33.18734216864364,12.968694435772086,145,21,965.0,948.0,1146.0,1116.0,914.2857142857143,1100.0
2020-05-25,2020,5,22,915.0,1048.0,15.48,6.35,norte,4.453203512664338,0.2195048383650542,3.930235681956104,78.33079333135187,17.63099699534158,6.400563657204977,26.5,26.94,29.69,70.58,81.77,89.48,0.0,12.16,82.39,146,33.12749196102216,11.241842584835878,146,22,953.0,924.0,1059.0,1096.0,908.8571428571429,1098.4285714285713
2020-05-26,2020,5,22,885.0,1055.0,15.06,6.2,norte,4.453203512664338,0.2195048383650542,3.930235681956104,78.33079333135187,17.63099699534158,6.335753443581704,26.42,27.24,29.6,74.17,82.8,96.26,0.0,12.19,83.55,147,33.06934554776287,11.204507228516263,147,22,899.0,931.0,1112.0,1105.0,906.8571428571429,1090.2857142857142
2020-05-27,2020,5,22,879.0,1127.0,14.86,6.51,norte,4.453203512664338,0.2195048383650542,3.930235681956104,78.33079333135187,17.63099699534158,6.166573132749825,26.94,26.63,29.81,71.2,83.87,94.24,0.0,12.49,86.58,148,33.012950473706034,10.626222118822628,148,22,910.0,902.0,1136.0,1095.0,902.4285714285714,1089.0
2020-05-28,2020,5,22,889.0,1072.0,15.13,6.37,norte,4.453203512664338,0.2195048383650542,3.930235681956104,78.33079333135187,17.63099699534158,6.258875665511929,25.14,27.12,28.21,72.07,81.72,90.05,0.0,11.99,87.87,149,32.95835273043358,10.972062835245003,149,22,881.0,908.0,1037.0,1144.0,903.5714285714286,1094.0
2020-05-29,2020,5,22,892.0,1145.0,14.3,6.11,norte,4.453203512664338,0.2195048383650542,3.930235681956104,78.33079333135187,17.63099699534158,6.110152434798199,25.33,26.57,27.98,74.87,86.07,88.17,0.0,11.61,80.15,150,32.90559671925526,10.177621806406908,150,22,903.0,931.0,1101.0,1130.0,902.0,1100.2857142857142
2020-05-30,2020,5,22,959.0,1068.0,14.85,6.11,norte,4.453203512664338,0.2195048383650542,3.930235681956104,78.33079333135187,17.63099699534158,6.290894803493616,25.21,27.08,29.82,77.55,84.36,94.39,0.0,12.52,82.75,151,32.85472521586502,13.40299646107588,151,22,948.0,939.0,1125.0,1084.0,903.5714285714286,1092.142857142857
2020-05-31,2020,5,22,881.0,1085.0,15.69,6.24,norte,4.453203512664338,0.2195048383650542,3.930235681956104,78.33079333135187,17.63099699534158,6.478580184916296,25.62,27.06,27.69,72.08,83.57,91.07,0.0,12.16,86.59,152,32.805779336664905,8.967866469308259,152,22,906.0,965.0,1130.0,1146.0,900.0,1085.7142857142858
2020-06-01,2020,6,23,809.0,999.0,5.07,5.89,sur,4.453203512664338,0.2195048383650542,3.930235681956104,78.33079333135187,17.63099699534158,6.088509147850907,23.2,24.84,25.68,68.68,75.55,81.42,0.0,5.94,41.99,153,32.75879850675103,9.80183542064231,153,23,915.0,953.0,1048.0,1059.0,884.8571428571429,1078.7142857142858
2020-06-02,2020,6,23,780.0,983.0,4.9,6.02,sur,4.453203512664338,0.2195048383650542,3.930235681956104,78.33079333135187,17.63099699534158,6.628265392403138,23.1,25.53,28.03,68.56,77.12,80.36,0.0,6.03,39.87,154,32.713820429555774,13.800929140606208,154,23,885.0,899.0,1055.0,1112.0,869.8571428571429,1068.4285714285713
2020-06-03,2020,6,23,804.0,965.0,4.84,6.09,sur,4.453203512664338,0.2195048383650542,3.930235681956104,78.33079333135187,17.63099699534158,6.409605083781681,23.41,26.16,25.76,74.86,76.19,78.22,0.0,6.15,39.28,155,32.67088105813863,9.515867333426558,155,23,879.0,910.0,1127.0,1136.0,859.1428571428571,1045.2857142857142
2020-06-04,2020,6,23,825.0,930.0,4.85,5.84,sur,4.453203512664338,0.2195048383650542,3.930235681956104,78.33079333135187,17.63099699534158,6.528798506790327,23.23,25.57,28.17,72.33,78.2,82.86,0.0,5.95,42.4,156,32.630014568117225,13.77952804668961,156,23,889.0,881.0,1072.0,1037.0,850.0,1025.0
2020-06-05,2020,6,23,848.0,961.0,4.98,5.94,sur,4.453203512664338,0.2195048383650542,3.930235681956104,78.33079333135187,17.63099699534158,6.511867073450438,24.81,25.12,26.54,73.34,79.21,77.97,0.0,6.07,40.91,157,32.59125333222912,8.144749179074763,157,23,892.0,903.0,1145.0,1101.0,843.7142857142857,998.7142857142857
2020-06-06,2020,6,23,852.0,949.0,5.23,6.01,sur,4.453203512664338,0.2195048383650542,3.930235681956104,78.33079333135187,17.63099699534158,6.64448458131148,24.32,25.83,27.6,74.03,77.31,78.55,0.0,5.8,41.16,158,32.55462789651448,11.20219835800426,158,23,959.0,948.0,1068.0,1125.0,828.4285714285714,981.7142857142857
2020-06-07,2020,6,23,782.0,1013.0,5.02,6.21,sur,4.453203512664338,0.2195048383650542,3.930235681956104,78.33079333135187,17.63099699534158,6.661367568049673,25.14,25.69,26.59,75.38,78.61,83.89,0.0,5.7,40.18,159,32.52016695810872,7.440298656739461,159,23,881.0,906.0,1085.0,1130.0,814.2857142857143,971.4285714285714
2020-06-08,2020,6,24,832.0,925.0,5.15,6.03,sur,4.453203512664338,0.2195048383650542,3.930235681956104,78.33079333135187,17.63099699534158,6.54372788373301,24.19,26.04,26.51,72.53,76.02,81.33,0.0,0.28,1.9,160,32.48789734463429,9.401977284806668,160,24,809.0,915.0,999.0,1048.0,817.5714285714286,960.8571428571429
2020-06-09,2020,6,24,786.0,995.0,5.22,5.93,sur,4.453203512664338,0.2195048383650542,3.930235681956104,78.33079333135187,17.63099699534158,6.14352628147216,24.18,26.59,26.66,71.11,78.31,81.31,0.0,0.27,1.98,161,32.45784399518007,9.711786129276806,161,24,780.0,885.0,983.0,1055.0,818.4285714285714,962.5714285714286
2020-06-10,2020,6,24,760.0,976.0,5.18,5.8,sur,4.453203512664338,0.2195048383650542,3.930235681956104,78.33079333135187,17.63099699534158,6.214962367389159,23.05,26.62,25.98,70.84,77.93,78.73,0.0,0.29,1.95,162,32.43002994285702,10.54714121498676,162,24,804.0,879.0,965.0,1127.0,812.1428571428571,964.1428571428571
2020-06-11,2020,6,24,780.0,980.0,5.25,6.15,sur,4.453203512664338,0.2195048383650542,3.930235681956104,78.33079333135187,17.63099699534158,6.240386855034291,24.38,24.56,27.99,73.83,78.13,81.63,0.0,0.27,2.06,163,32.40447629891851,11.69801594390958,163,24,825.0,889.0,930.0,1072.0,805.7142857142857,971.2857142857143
2020-06-12,2020,6,24,805.0,943.0,4.88,6.01,sur,4.453203512664338,0.2195048383650542,3.930235681956104,78.33079333135187,17.63099699534158,6.464521329553993,24.24,25.05,25.98,74.4,72.98,79.77,0.0,0.28,1.94,164,32.38120223843398,8.11561047731699,164,24,848.0,892.0,961.0,1145.0,799.5714285714286,968.7142857142857
2020-06-13,2020,6,24,801.0,918.0,4.98,6.27,sur,4.453203512664338,0.2195048383650542,3.930235681956104,78.33079333135187,17.63099699534158,6.2460438379296805,23.1,26.27,26.3,70.2,78.01,81.73,0.0,0.29,1.99,165,32.36022498750479,10.998668751565694,165,24,852.0,959.0,949.0,1068.0,792.2857142857143,964.2857142857143
2020-06-14,2020,6,24,836.0,963.0,5.24,5.79,sur,4.453203512664338,0.2195048383650542,3.930235681956104,78.33079333135187,17.63099699534158,6.093982420141003,24.77,26.14,26.87,72.81,77.19,81.84,0.0,0.3,2.06,166,32.34155981201148,8.904800828110286,166,24,782.0,881.0,1013.0,1085.0,800.0,957.1428571428571
2020-06-15,2020,6,25,786.0,955.0,4.88,6.19,sur,4.453203512664338,0.2195048383650542,3.930235681956104,78.33079333135187,17.63099699534158,6.503320583155482,24.03,26.11,27.05,73.65,72.25,80.94,0.0,0.41,2.94,167,32.32522000788189,10.673296197964651,167,25,832.0,809.0,925.0,999.0,793.4285714285714,961.4285714285714
2020-06-16,2020,6,25,790.0,964.0,5.2,5.81,sur,4.453203512664338,0.2195048383650542,3.930235681956104,78.33079333135187,17.63099699534158,6.457193744610416,24.75,26.27,27.15,69.67,74.72,79.54,0.0,0.42,3.13,168,32.311216892870654,9.510701174055567,168,25,786.0,780.0,995.0,983.0,794.0,957.0
2020-06-17,2020,6,25,767.0,945.0,4.92,6.19,sur,4.453203512664338,0.2195048383650542,3.930235681956104,78.33079333135187,17.63099699534158,6.690127614215418,24.99,24.67,26.05,68.73,72.47,83.97,0.0,0.44,3.1,169,32.29955979984046,6.318342106901147,169,25,760.0,804.0,976.0,965.0,795.0,952.5714285714286
2020-06-18,2020,6,25,792.0,914.0,5.22,5.8,sur,4.453203512664338,0.2195048383650542,3.930235681956104,78.33079333135187,17.63099699534158,6.630677108285259,22.94,25.14,25.8,72.31,71.72,82.47,0.0,0.44,2.94,170,32.29025607153692,10.375477827299406,170,25,780.0,825.0,980.0,930.0,796.7142857142857,943.1428571428571
2020-06-19,2020,6,25,792.0,941.0,4.93,6.0,sur,4.453203512664338,0.2195048383650542,3.930235681956104,78.33079333135187,17.63099699534158,6.328526486535057,25.13,26.39,26.67,75.48,73.46,82.68,0.0,0.42,2.97,171,32.2833110568489,7.611881734122566,171,25,805.0,848.0,943.0,961.0,794.8571428571429,942.8571428571429
2020-06-20,2020,6,25,785.0,963.0,4.87,6.35,sur,4.453203512664338,0.2195048383650542,3.930235681956104,78.33079333135187,17.63099699534158,6.151228789261324,24.55,25.7,27.58,73.09,73.95,80.79,0.0,0.44,3.11,172,32.278728108547696,10.675576301246016,172,25,801.0,852.0,918.0,949.0,792.5714285714286,949.2857142857143
2020-06-21,2020,6,25,788.0,918.0,4.96,5.9,sur,4.453203512664338,0.2195048383650542,3.930235681956104,78.33079333135187,17.63099699534158,6.672659863521183,23.5,25.25,26.92,74.53,73.21,79.01,0.0,0.42,2.88,173,32.27650858249868,11.341048403955485,173,25,836.0,782.0,963.0,1013.0,785.7142857142857,942.8571428571429
2020-06-22,2020,6,26,778.0,907.0,4.8,5.98,sur,4.453203512664338,0.2195048383650542,3.930235681956104,78.33079333135187,17.63099699534158,6.212693084678534,24.07,24.56,27.52,73.41,75.27,78.87,0.0,2.54,18.67,174,32.27665183834032,11.39073179436502,174,26,786.0,832.0,955.0,925.0,784.5714285714286,936.0
2020-06-23,2020,6,26,750.0,966.0,4.92,5.91,sur,4.453203512664338,0.2195048383650542,3.930235681956104,78.33079333135187,17.63099699534158,6.568117901205759,23.65,24.76,27.61,70.64,74.25,82.99,0.0,2.57,17.16,175,32.27915524162619,12.2045944994163,175,26,790.0,786.0,964.0,995.0,778.8571428571429,936.2857142857143
2020-06-24,2020,6,26,785.0,952.0,5.22,6.3,sur,4.453203512664338,0.2195048383650542,3.930235681956104,78.33079333135187,17.63099699534158,6.252631309273708,24.14,25.95,28.06,69.91,75.73,76.28,0.0,2.55,17.76,176,32.28401416742657,12.144626521789665,176,26,767.0,760.0,945.0,976.0,781.4285714285714,937.2857142857143
2020-06-25,2020,6,26,762.0,914.0,4.86,6.17,sur,4.453203512664338,0.2195048383650542,3.930235681956104,78.33079333135187,17.63099699534158,6.381916172362047,24.14,26.65,25.94,69.17,74.59,78.83,0.0,2.63,18.35,177,32.29122200538712,8.231411892786427,177,26,792.0,780.0,914.0,980.0,777.1428571428571,937.2857142857143
2020-06-26,2020,6,26,795.0,922.0,4.77,5.71,sur,4.453203512664338,0.2195048383650542,3.930235681956104,78.33079333135187,17.63099699534158,6.540173319283823,24.82,24.52,25.68,73.35,78.89,79.51,0.0,2.66,18.76,178,32.3007701662432,5.691355373016144,178,26,792.0,805.0,941.0,943.0,777.5714285714286,934.5714285714286
2020-06-27,2020,6,26,750.0,880.0,5.02,5.71,sur,4.453203512664338,0.2195048383650542,3.930235681956104,78.33079333135187,17.63099699534158,6.678469953413641,24.34,24.67,27.71,72.24,72.87,77.9,0.0,2.65,18.02,179,32.31264808978886,11.270445992212478,179,26,785.0,801.0,963.0,918.0,772.5714285714286,922.7142857142857
2020-06-28,2020,6,26,780.0,959.0,4.99,6.2,sur,4.453203512664338,0.2195048383650542,3.930235681956104,78.33079333135187,17.63099699534158,6.349785058797283,23.31,25.64,27.84,73.83,72.38,77.09,0.0,2.68,17.61,180,32.32684325430104,13.072721207387938,180,26,788.0,836.0,918.0,963.0,771.4285714285714,928.5714285714286
2020-06-29,2020,6,27,792.0,1017.0,5.09,5.75,sur,4.769643276756012,0.2509350089910378,3.97554723836259,78.69828489436549,18.93590085194183,6.370122338477783,23.46,25.12,28.34,47.21,54.58,70.62,0.0,36.99,265.32,181,32.34334118741973,13.575267436850297,181,27,778.0,786.0,907.0,955.0,773.4285714285714,944.2857142857143
2020-06-30,2020,6,27,845.0,983.0,5.04,5.66,sur,4.769643276756012,0.2509350089910378,3.97554723836259,78.69828489436549,18.93590085194183,6.333611553658388,22.81,24.7,27.88,47.9,53.85,65.65,0.0,36.93,262.84,182,32.36212547848593,13.845052855705257,182,27,750.0,790.0,966.0,964.0,787.0,946.7142857142857
2020-07-01,2020,7,27,838.0,1001.0,5.01,5.65,sur,4.769643276756012,0.2509350089910378,3.97554723836259,78.69828489436549,18.93590085194183,6.607707224514153,23.55,24.54,25.8,44.51,53.15,67.12,0.0,38.83,275.76,183,32.38317779234004,9.229205670816912,183,27,785.0,767.0,952.0,945.0,794.5714285714286,953.7142857142857
2020-07-02,2020,7,27,839.0,996.0,5.23,5.91,sur,4.769643276756012,0.2509350089910378,3.97554723836259,78.69828489436549,18.93590085194183,6.006343177550284,24.16,24.35,26.17,45.85,52.65,69.14,0.0,37.64,253.78,184,32.406477884583715,8.729381255990196,184,27,762.0,792.0,914.0,914.0,805.5714285714286,965.4285714285714
2020-07-03,2020,7,27,839.0,1008.0,4.84,6.05,sur,4.769643276756012,0.2509350089910378,3.97554723836259,78.69828489436549,18.93590085194183,6.5202978088020735,23.79,25.29,27.03,47.32,50.91,67.16,0.0,37.58,271.95,185,32.4320036183089,11.091745237461646,185,27,795.0,792.0,922.0,941.0,811.8571428571429,977.7142857142857
2020-07-04,2020,7,27,838.0,984.0,5.22,5.96,sur,4.769643276756012,0.2509350089910378,3.97554723836259,78.69828489436549,18.93590085194183,6.434448524431612,22.97,25.34,25.96,44.6,50.78,65.04,0.0,36.33,264.42,186,32.4597309822984,10.664343155844236,186,27,750.0,785.0,880.0,963.0,824.4285714285714,992.5714285714286
2020-07-05,2020,7,27,809.0,1011.0,5.09,5.54,sur,4.769643276756012,0.2509350089910378,3.97554723836259,78.69828489436549,18.93590085194183,6.215313783159052,23.27,25.38,27.79,47.9,51.0,66.4,0.0,36.16,258.66,187,32.48963411070249,13.124042823968264,187,27,780.0,788.0,959.0,918.0,828.5714285714286,1000.0
2020-07-06,2020,7,28,788.0,1005.0,5.07,5.71,sur,4.769643276756012,0.2509350089910378,3.97554723836259,78.69828489436549,18.93590085194183,6.482965119547264,24.22,24.74,27.44,44.87,51.53,70.41,0.0,1.58,11.32,188,32.521685304196446,11.088034788300307,188,28,792.0,778.0,1017.0,907.0,828.0,998.2857142857143
2020-07-07,2020,7,28,825.0,963.0,4.99,5.82,sur,4.769643276756012,0.2509350089910378,3.97554723836259,78.69828489436549,18.93590085194183,6.420232826406625,24.13,25.84,27.93,43.86,54.34,66.73,0.0,1.5,10.78,189,32.55585505262423,12.057978508858852,189,28,845.0,750.0,983.0,966.0,825.1428571428571,995.4285714285714
2020-07-08,2020,7,28,833.0,963.0,5.01,5.7,sur,4.769643276756012,0.2509350089910378,3.97554723836259,78.69828489436549,18.93590085194183,6.2419348026803,24.69,25.26,27.45,43.86,51.57,69.97,0.0,1.61,10.82,190,32.59211205913328,10.28775579938526,190,28,838.0,785.0,1001.0,952.0,824.4285714285714,990.0
2020-07-09,2020,7,28,790.0,1017.0,4.91,5.5,sur,4.769643276756012,0.2509350089910378,3.97554723836259,78.69828489436549,18.93590085194183,6.550930413346025,24.04,24.0,28.25,44.4,51.86,65.33,0.0,1.64,10.52,191,32.630423265805646,12.72088586832412,191,28,839.0,762.0,996.0,914.0,817.4285714285714,993.0
2020-07-10,2020,7,28,813.0,962.0,4.78,5.73,sur,4.769643276756012,0.2509350089910378,3.97554723836259,78.69828489436549,18.93590085194183,6.021881457004239,24.3,25.46,26.6,47.34,52.8,65.86,0.0,1.64,10.65,192,32.670753880790414,9.414053778969308,192,28,839.0,795.0,1008.0,922.0,813.7142857142857,986.4285714285714
2020-07-11,2020,7,28,804.0,986.0,4.94,5.95,sur,4.769643276756012,0.2509350089910378,3.97554723836259,78.69828489436549,18.93590085194183,6.028343052427209,24.83,25.83,27.11,47.68,54.56,67.18,0.0,1.53,11.29,193,32.713067406941754,9.38517322610596,193,28,838.0,750.0,984.0,880.0,808.8571428571429,986.7142857142857
2020-07-12,2020,7,28,847.0,1004.0,4.96,5.66,sur,4.769643276756012,0.2509350089910378,3.97554723836259,78.69828489436549,18.93590085194183,6.2311418266003935,23.99,23.73,26.93,45.85,50.79,67.1,0.0,1.52,10.57,194,32.75732567196704,10.671751520187351,194,28,809.0,780.0,1011.0,959.0,814.2857142857143,985.7142857142857
2020-07-13,2020,7,29,823.0,968.0,5.16,5.62,sur,4.769643276756012,0.2509350089910378,3.97554723836259,78.69828489436549,18.93590085194183,6.186157391609557,23.02,23.7,27.53,46.32,54.59,67.19,0.0,3.25,21.69,195,32.80348886008833,13.236156944091768,195,29,788.0,792.0,1005.0,1017.0,819.2857142857143,980.4285714285714
2020-07-14,2020,7,29,814.0,1007.0,5.07,5.87,sur,4.769643276756012,0.2509350089910378,3.97554723836259,78.69828489436549,18.93590085194183,6.284789694398789,22.88,23.91,27.37,47.1,53.6,66.21,0.0,3.22,21.93,196,32.85151554522007,13.226111548397036,196,29,825.0,845.0,963.0,983.0,817.7142857142857,986.7142857142857
2020-07-15,2020,7,29,777.0,978.0,5.1,5.43,sur,4.769643276756012,0.2509350089910378,3.97554723836259,78.69828489436549,18.93590085194183,5.987791262211396,24.96,23.6,26.98,45.24,50.46,67.11,0.0,3.21,20.97,197,32.90136272566487,8.884708260704068,197,29,833.0,838.0,963.0,1001.0,809.7142857142857,988.8571428571429
2020-07-16,2020,7,29,767.0,1003.0,5.18,5.44,sur,4.769643276756012,0.2509350089910378,3.97554723836259,78.69828489436549,18.93590085194183,6.032024221351399,23.78,25.05,28.3,43.8,54.25,71.0,0.0,3.24,20.91,198,32.952985860328155,13.311211697090314,198,29,790.0,839.0,1017.0,996.0,806.4285714285714,986.8571428571429
2020-07-17,2020,7,29,797.0,971.0,5.14,5.6,sur,4.769643276756012,0.2509350089910378,3.97554723836259,78.69828489436549,18.93590085194183,6.524966138892408,24.96,25.05,26.24,44.85,52.68,70.73,0.0,3.18,21.9,199,33.006338906451326,7.095057843119498,199,29,813.0,839.0,962.0,1008.0,804.1428571428571,988.1428571428571
2020-07-18,2020,7,29,810.0,937.0,5.02,5.53,sur,4.769643276756012,0.2509350089910378,3.97554723836259,78.69828489436549,18.93590085194183,6.1879280639718,23.98,23.85,25.67,47.83,53.05,66.32,0.0,3.27,21.81,200,33.06137435886172,8.166159466638849,200,29,804.0,838.0,986.0,984.0,805.0,981.1428571428571
2020-07-19,2020,7,29,812.0,936.0,5.06,5.48,sur,4.769643276756012,0.2509350089910378,3.97554723836259,78.69828489436549,18.93590085194183,6.335879246792646,23.8,25.46,27.37,44.76,53.28,67.66,0.0,3.07,22.13,201,33.11804329073593,11.88919303830868,201,29,847.0,809.0,1004.0,1011.0,800.0,971.4285714285714
2020-07-20,2020,7,30,753.0,927.0,5.15,5.85,sur,4.769643276756012,0.2509350089910378,3.97554723836259,78.69828489436549,18.93590085194183,6.085266202009285,23.39,25.78,26.44,45.93,50.11,66.36,0.0,0.0,0.0,202,33.17629539587189,11.008582714039848,202,30,823.0,788.0,968.0,1005.0,790.0,965.5714285714286
2020-07-21,2020,7,30,802.0,946.0,5.05,5.54,sur,4.769643276756012,0.2509350089910378,3.97554723836259,78.69828489436549,18.93590085194183,6.333570868843757,23.14,24.97,25.87,46.19,50.64,69.75,0.0,0.0,0.0,203,33.23607903246254,10.433852849228442,203,30,814.0,825.0,1007.0,963.0,788.2857142857143,956.8571428571429
2020-07-22,2020,7,30,739.0,981.0,4.93,5.43,sur,4.769643276756012,0.2509350089910378,3.97554723836259,78.69828489436549,18.93590085194183,6.088820410641539,23.99,24.58,26.54,44.08,51.26,70.59,0.0,0.0,0.0,204,33.29734126836285,10.102602104472997,204,30,777.0,833.0,978.0,963.0,782.8571428571429,957.2857142857143
2020-07-23,2020,7,30,802.0,904.0,5.11,5.47,sur,4.769643276756012,0.2509350089910378,3.97554723836259,78.69828489436549,18.93590085194183,6.552547112691341,24.49,25.66,27.4,45.43,54.25,69.47,0.0,0.0,0.0,205,33.360027927839006,10.812509473567248,205,30,767.0,790.0,1003.0,1017.0,787.8571428571429,943.1428571428571
2020-07-24,2020,7,30,800.0,974.0,5.13,5.82,sur,4.769643276756012,0.2509350089910378,3.97554723836259,78.69828489436549,18.93590085194183,6.550625901934319,24.1,23.99,27.75,45.26,50.12,65.46,0.0,0.0,0.0,206,33.42408363978677,12.13275820511422,206,30,797.0,813.0,971.0,962.0,788.2857142857143,943.5714285714286
2020-07-25,2020,7,30,811.0,983.0,5.14,5.45,sur,4.769643276756012,0.2509350089910378,3.97554723836259,78.69828489436549,18.93590085194183,6.41217867660231,23.23,23.97,27.78,47.85,54.32,66.34,0.0,0.0,0.0,207,33.489451887403895,13.572734033706755,207,30,810.0,804.0,937.0,986.0,788.4285714285714,950.1428571428571
2020-07-26,2020,7,30,793.0,985.0,4.96,5.84,sur,4.769643276756012,0.2509350089910378,3.97554723836259,78.69828489436549,18.93590085194183,6.115696722601299,23.09,24.79,27.79,46.41,51.62,67.39,0.0,0.0,0.0,208,33.556075059297875,13.822089064908836,208,30,812.0,847.0,936.0,1004.0,785.7142857142857,957.1428571428571
2020-07-27,2020,7,31,911.0,1190.0,3.01,6.18,este,4.769643276756012,0.2509350089910378,3.97554723836259,78.69828489436549,18.93590085194183,6.571515516174487,24.94,23.59,27.84,32.46,40.15,51.36,0.0,0.0,0.0,209,33.62389450200935,10.879291521435446,209,31,753.0,823.0,927.0,968.0,808.2857142857143,994.7142857142857
2020-07-28,2020,7,31,998.0,1162.0,3.04,6.2,este,4.769643276756012,0.2509350089910378,3.97554723836259,78.69828489436549,18.93590085194183,6.303669032321422,24.85,23.87,26.57,30.58,40.03,55.18,0.0,0.0,0.0,210,33.69285057392693,8.395674261186729,210,31,802.0,814.0,946.0,1007.0,836.2857142857143,1025.5714285714287
2020-07-29,2020,7,31,995.0,1119.0,2.95,6.8,este,4.769643276756012,0.2509350089910378,3.97554723836259,78.69828489436549,18.93590085194183,6.509202644221823,24.91,25.93,27.63,33.57,40.28,53.44,0.0,0.0,0.0,211,33.762882700567644,10.57980280158325,211,31,739.0,777.0,981.0,978.0,872.8571428571429,1045.2857142857142
2020-07-30,2020,7,31,969.0,1109.0,2.91,6.21,este,4.769643276756012,0.2509350089910378,3.97554723836259,78.69828489436549,18.93590085194183,6.595753362247608,23.58,24.99,27.3,33.03,39.37,55.47,0.0,0.0,0.0,212,33.833929431193624,12.398738773647471,212,31,802.0,767.0,904.0,1003.0,896.7142857142857,1074.5714285714287
2020-07-31,2020,7,31,938.0,1133.0,3.1,6.26,este,4.769643276756012,0.2509350089910378,3.97554723836259,78.69828489436549,18.93590085194183,6.538515928906184,24.45,24.06,25.95,31.56,38.77,51.77,0.0,0.0,0.0,213,33.90592849673267,7.88996128686722,213,31,800.0,797.0,974.0,971.0,916.4285714285714,1097.2857142857142
2020-08-01,2020,8,31,926.0,1154.0,2.91,6.34,este,4.769643276756012,0.2509350089910378,3.97554723836259,78.69828489436549,18.93590085194183,6.336283087212929,24.36,24.41,27.31,31.73,39.48,52.56,0.0,0.0,0.0,214,33.978816868967336,11.088501555859526,214,31,811.0,810.0,983.0,937.0,932.8571428571429,1121.7142857142858
2020-08-02,2020,8,31,963.0,1133.0,3.1,6.3,este,4.769643276756012,0.2509350089910378,3.97554723836259,78.69828489436549,18.93590085194183,6.201708357282762,24.53,25.36,27.19,32.26,37.38,52.28,0.0,0.0,0.0,215,34.0525308209535,10.55221943745433,215,31,793.0,812.0,985.0,936.0,957.1428571428571,1142.857142857143
2020-08-03,2020,8,32,913.0,1131.0,3.12,6.29,este,4.769643276756012,0.2509350089910378,3.97554723836259,78.69828489436549,18.93590085194183,6.566275233098588,23.41,25.12,26.74,31.03,39.77,54.39,0.0,0.0,0.0,216,34.12700598862685,11.83242897803629,216,32,911.0,753.0,1190.0,927.0,957.4285714285714,1134.4285714285713
2020-08-04,2020,8,32,885.0,1156.0,3.02,6.7,este,4.769643276756012,0.2509350089910378,3.97554723836259,78.69828489436549,18.93590085194183,6.187294552983741,23.38,24.32,27.95,30.44,37.92,55.28,0.0,0.0,0.0,217,34.20217743355145,13.892021816557696,217,32,998.0,802.0,1162.0,946.0,941.2857142857143,1133.5714285714287
2020-08-05,2020,8,32,966.0,1165.0,2.94,6.23,este,4.769643276756012,0.2509350089910378,3.97554723836259,78.69828489436549,18.93590085194183,5.9863646936707,23.81,23.94,26.63,33.16,39.93,55.1,0.0,0.0,0.0,218,34.277979706762,10.936878121498074,218,32,995.0,739.0,1119.0,981.0,937.1428571428571,1140.142857142857
2020-08-06,2020,8,32,947.0,1118.0,3.13,6.31,este,4.769643276756012,0.2509350089910378,3.97554723836259,78.69828489436549,18.93590085194183,6.0031201245119,23.82,25.94,25.83,31.26,36.76,54.86,0.0,0.0,0.0,219,34.35434691364722,9.25408164003037,219,32,969.0,802.0,1109.0,904.0,934.0,1141.4285714285713
2020-08-07,2020,8,32,966.0,1078.0,2.92,6.65,este,4.769643276756012,0.2509350089910378,3.97554723836259,78.69828489436549,18.93590085194183,5.993336896750147,23.28,25.28,26.93,33.52,36.91,54.38,0.0,0.0,0.0,220,34.4312127798191,12.498340533982962,220,32,938.0,800.0,1133.0,974.0,938.0,1133.5714285714287
2020-08-08,2020,8,32,960.0,1096.0,3.07,6.66,este,4.769643276756012,0.2509350089910378,3.97554723836259,78.69828489436549,18.93590085194183,6.281366740397179,25.06,23.78,25.75,33.51,37.92,53.53,0.0,0.0,0.0,221,34.50851071790864,5.446335153459742,221,32,926.0,811.0,1154.0,983.0,942.8571428571429,1125.2857142857142
2020-08-09,2020,8,32,963.0,1156.0,2.87,6.31,este,4.769643276756012,0.2509350089910378,3.97554723836259,78.69828489436549,18.93590085194183,6.372393289467309,22.96,24.47,26.81,32.0,38.05,56.19,0.0,0.0,0.0,222,34.58617389522569,12.89396498302323,222,32,963.0,793.0,1133.0,985.0,942.8571428571429,1128.5714285714287
2020-08-10,2020,8,33,946.0,1103.0,2.95,6.26,este,4.769643276756012,0.2509350089910378,3.97554723836259,78.69828489436549,18.93590085194183,6.066139871860588,22.85,24.02,27.56,33.03,37.44,56.4,0.0,0.0,0.0,223,34.66413530221696,14.293692197369172,223,33,913.0,911.0,1131.0,1190.0,947.5714285714286,1124.5714285714287
2020-08-11,2020,8,33,939.0,1120.0,3.07,6.31,este,4.769643276756012,0.2509350089910378,3.97554723836259,78.69828489436549,18.93590085194183,6.542961064706645,25.04,24.05,27.91,32.44,39.58,51.61,0.0,0.0,0.0,224,34.74232782165292,11.182874813079108,224,33,885.0,998.0,1156.0,1162.0,955.2857142857143,1119.4285714285713
2020-08-12,2020,8,33,887.0,1127.0,2.88,6.29,este,4.769643276756012,0.2509350089910378,3.97554723836259,78.69828489436549,18.93590085194183,6.010784380922568,24.39,23.93,27.35,30.56,38.25,53.15,0.0,0.0,0.0,225,34.82068429847086,11.382476389545111,225,33,966.0,995.0,1165.0,1119.0,944.0,1114.0
2020-08-13,2020,8,33,967.0,1097.0,2.93,6.59,este,4.769643276756012,0.2509350089910378,3.97554723836259,78.69828489436549,18.93590085194183,6.251072588485422,25.08,24.19,26.15,30.77,38.97,52.9,0.0,0.0,0.0,226,34.89913761019836,6.858990243022143,226,33,947.0,969.0,1118.0,1109.0,946.8571428571429,1111.0
2020-08-14,2020,8,33,962.0,1176.0,2.88,6.19,este,4.769643276756012,0.2509350089910378,3.97554723836259,78.69828489436549,18.93590085194183,6.24970481131223,23.87,24.64,25.72,32.11,38.48,55.91,0.0,0.0,0.0,227,34.977620737878034,9.03919446170764,227,33,966.0,938.0,1078.0,1133.0,946.2857142857143,1125.0
2020-08-15,2020,8,33,910.0,1102.0,2.92,6.29,este,4.769643276756012,0.2509350089910378,3.97554723836259,78.69828489436549,18.93590085194183,6.275201257483439,23.58,23.61,26.3,31.84,40.05,54.43,0.0,0.0,0.0,228,35.056066837411365,10.985029845591328,228,33,960.0,926.0,1096.0,1154.0,939.1428571428571,1125.857142857143
2020-08-16,2020,8,33,889.0,1075.0,2.99,6.39,este,4.769643276756012,0.2509350089910378,3.97554723836259,78.69828489436549,18.93590085194183,6.348284418298831,23.28,24.68,25.89,30.64,38.14,53.42,0.0,0.0,0.0,229,35.13440931123666,10.78466131891284,229,33,963.0,963.0,1156.0,1133.0,928.5714285714286,1114.2857142857142
2020-08-17,2020,8,34,877.0,1148.0,3.05,6.72,este,4.769643276756012,0.2509350089910378,3.97554723836259,78.69828489436549,18.93590085194183,6.007888009304129,23.48,25.02,26.63,31.17,38.84,56.45,0.0,0.0,0.0,230,35.212581880252884,11.87426529503272,230,34,946.0,913.0,1103.0,1131.0,918.7142857142857,1120.7142857142858
2020-08-18,2020,8,34,945.0,1081.0,2.99,6.27,este,4.769643276756012,0.2509350089910378,3.97554723836259,78.69828489436549,18.93590085194183,6.279985149680508,23.46,26.07,25.87,30.96,40.29,52.09,0.0,0.0,0.0,231,35.29051865589894,10.409267357980177,231,34,939.0,885.0,1120.0,1156.0,919.5714285714286,1115.142857142857
2020-08-19,2020,8,34,883.0,1095.0,3.0,6.12,este,4.769643276756012,0.2509350089910378,3.97554723836259,78.69828489436549,18.93590085194183,6.354140585948625,24.93,25.4,26.04,33.15,40.24,54.27,0.0,0.0,0.0,232,35.36815421229483,7.0799059065065295,232,34,887.0,966.0,1127.0,1165.0,919.0,1110.5714285714287
2020-08-20,2020,8,34,951.0,1103.0,3.02,6.15,este,4.769643276756012,0.2509350089910378,3.97554723836259,78.69828489436549,18.93590085194183,6.194808716213442,23.19,23.75,26.99,30.65,40.39,53.75,0.0,0.0,0.0,233,35.44542365834922,13.128211684777126,233,34,967.0,947.0,1097.0,1118.0,916.7142857142857,1111.4285714285713
2020-08-21,2020,8,34,878.0,1074.0,3.07,6.34,este,4.769643276756012,0.2509350089910378,3.97554723836259,78.69828489436549,18.93590085194183,6.393335733941481,23.77,24.76,25.67,30.48,40.14,56.57,0.0,0.0,0.0,234,35.522262709735344,9.303171418535428,234,34,962.0,966.0,1176.0,1078.0,904.7142857142857,1096.857142857143
2020-08-22,2020,8,34,947.0,1137.0,2.86,6.39,este,4.769643276756012,0.2509350089910378,3.97554723836259,78.69828489436549,18.93590085194183,6.153520522782462,25.13,25.21,25.69,33.06,38.19,54.7,0.0,0.0,0.0,235,35.59860776063529,5.06151616008508,235,34,910.0,960.0,1102.0,1096.0,910.0,1101.857142857143
2020-08-23,2020,8,34,919.0,1062.0,3.05,6.22,este,4.769643276756012,0.2509350089910378,3.97554723836259,78.69828489436549,18.93590085194183,6.1609653507377455,24.04,24.06,27.31,30.88,38.4,55.71,0.0,0.0,0.0,236,35.674395955150665,12.25699772770692,236,34,889.0,963.0,1075.0,1156.0,914.2857142857143,1100.0
2020-08-24,2020,8,35,905.0,1126.0,3.06,6.36,este,4.769643276756012,0.2509350089910378,3.97554723836259,78.69828489436549,18.93590085194183,6.32192820301078,25.13,23.89,26.41,32.04,36.2,51.67,0.0,0.0,0.0,237,35.74956525827639,7.684743045653869,237,35,877.0,946.0,1148.0,1103.0,918.2857142857143,1096.857142857143
2020-08-25,2020,8,35,920.0,1063.0,2.86,6.8,este,4.769643276756012,0.2509350089910378,3.97554723836259,78.69828489436549,18.93590085194183,6.390387286168958,24.64,23.6,27.49,31.25,36.86,53.91,0.0,0.0,0.0,238,35.82405452633241,11.490813295288088,238,35,945.0,939.0,1081.0,1120.0,914.7142857142857,1094.2857142857142
2020-08-26,2020,8,35,908.0,1078.0,3.03,6.32,este,4.769643276756012,0.2509350089910378,3.97554723836259,78.69828489436549,18.93590085194183,6.1588346349741645,23.88,23.65,26.3,30.94,38.19,52.45,0.0,0.0,0.0,239,35.89780357674738,10.610336581627086,239,35,883.0,887.0,1095.0,1127.0,918.2857142857143,1091.857142857143
2020-08-27,2020,8,35,904.0,1091.0,3.06,6.45,este,4.769643276756012,0.2509350089910378,3.97554723836259,78.69828489436549,18.93590085194183,6.488788619453128,23.12,24.34,27.41,32.56,36.84,55.92,0.0,0.0,0.0,240,35.97075325708702,14.155713993824968,240,35,951.0,967.0,1103.0,1097.0,911.5714285714286,1090.142857142857
2020-08-28,2020,8,35,889.0,1101.0,2.96,6.62,este,4.769643276756012,0.2509350089910378,3.97554723836259,78.69828489436549,18.93590085194183,6.533851427370911,24.0,25.36,27.26,33.31,37.34,56.51,0.0,0.0,0.0,241,36.042845513219575,12.364639860085424,241,35,878.0,962.0,1074.0,1176.0,913.1428571428571,1094.0
2020-08-29,2020,8,35,867.0,1092.0,2.87,6.8,este,4.769643276756012,0.2509350089910378,3.97554723836259,78.69828489436549,18.93590085194183,6.419668476027074,24.72,24.66,26.22,32.67,36.25,51.79,0.0,0.0,0.0,242,36.11402345650973,8.40378835259841,242,35,947.0,910.0,1137.0,1102.0,901.7142857142857,1087.5714285714287
2020-08-30,2020,8,35,907.0,1049.0,2.97,6.62,este,4.769643276756012,0.2509350089910378,3.97554723836259,78.69828489436549,18.93590085194183,6.309334739278111,24.58,25.47,27.33,31.16,37.76,52.9,0.0,0.0,0.0,243,36.18423142993297,11.400904303144909,243,35,919.0,889.0,1062.0,1075.0,900.0,1085.7142857142858
2020-08-31,2020,8,36,901.0,1054.0,2.1,6.9,este,4.769643276756012,0.2509350089910378,3.97554723836259,78.69828489436549,18.93590085194183,6.34382714417328,24.38,26.29,26.58,24.8,30.43,42.04,0.0,0.0,0.0,244,36.25341507300143,10.216775836624882,244,36,905.0,877.0,1126.0,1148.0,899.4285714285714,1075.4285714285713
2020-09-01,2020,9,36,883.0,1025.0,2.03,6.91,este,4.769643276756012,0.2509350089910378,3.97554723836259,78.69828489436549,18.93590085194183,6.523734338946167,23.71,24.43,26.27,25.96,30.64,41.12,0.0,0.0,0.0,245,36.32152138539364,11.041742501159664,245,36,920.0,945.0,1063.0,1081.0,894.1428571428571,1070.0
2020-09-02,2020,9,36,862.0,1096.0,2.04,6.85,este,4.769643276756012,0.2509350089910378,3.97554723836259,78.69828489436549,18.93590085194183,6.458599741193203,24.33,24.63,26.83,25.83,30.53,42.98,0.0,0.0,0.0,246,36.388498789180304,10.931700996768456,246,36,908.0,883.0,1078.0,1095.0,887.5714285714286,1072.5714285714287
2020-09-03,2020,9,36,906.0,1091.0,2.0,7.37,este,4.769643276756012,0.2509350089910378,3.97554723836259,78.69828489436549,18.93590085194183,6.402443367805405,23.32,25.52,27.82,24.48,32.01,40.92,0.0,0.0,0.0,247,36.45429718953992,14.692936025284626,247,36,904.0,951.0,1091.0,1103.0,887.8571428571429,1072.5714285714287
2020-09-04,2020,9,36,905.0,1019.0,2.04,6.81,este,4.769643276756012,0.2509350089910378,3.97554723836259,78.69828489436549,18.93590085194183,6.101131513184616,24.84,26.71,27.36,24.0,30.49,40.57,0.0,0.0,0.0,248,36.51886803385843,11.014662099626031,248,36,889.0,878.0,1101.0,1074.0,890.1428571428571,1060.857142857143
2020-09-05,2020,9,36,912.0,1079.0,1.91,7.37,este,4.769643276756012,0.2509350089910378,3.97554723836259,78.69828489436549,18.93590085194183,6.538527945645954,23.05,26.42,26.13,26.1,31.76,43.03,0.0,0.0,0.0,249,36.58216436910934,12.198273203001058,249,36,867.0,947.0,1092.0,1137.0,896.5714285714286,1059.0
2020-09-06,2020,9,36,831.0,1036.0,1.93,7.13,este,4.769643276756012,0.2509350089910378,3.97554723836259,78.69828489436549,18.93590085194183,6.129455455532102,24.27,24.53,25.7,25.74,30.13,42.6,0.0,0.0,0.0,250,36.64414089741174,8.325803639605708,250,36,907.0,919.0,1049.0,1062.0,885.7142857142857,1057.142857142857
2020-09-07,2020,9,37,866.0,1053.0,1.96,7.13,este,4.769643276756012,0.2509350089910378,3.97554723836259,78.69828489436549,18.93590085194183,6.5125949391153855,23.26,26.02,27.63,24.13,30.49,39.3,0.0,0.0,0.0,251,36.7047540296665,14.578627436575037,251,37,901.0,905.0,1054.0,1126.0,880.7142857142857,1057.0
2020-09-08,2020,9,37,882.0,1057.0,1.98,7.0,este,4.769643276756012,0.2509350089910378,3.97554723836259,78.69828489436549,18.93590085194183,6.109257814125847,23.06,26.45,26.81,24.8,29.63,42.68,0.0,0.0,0.0,252,36.76396193717215,13.526690170710754,252,37,883.0,920.0,1025.0,1063.0,880.5714285714286,1061.5714285714287
2020-09-09,2020,9,37,836.0,1059.0,1.92,6.65,este,4.769643276756012,0.2509350089910378,3.97554723836259,78.69828489436549,18.93590085194183,6.373452449737776,22.93,24.92,27.11,25.43,30.05,39.86,0.0,0.0,0.0,253,36.82172460112562,14.303616821409427,253,37,862.0,908.0,1096.0,1078.0,876.8571428571429,1056.2857142857142
2020-09-10,2020,9,37,847.0,1036.0,2.09,7.03,este,4.769643276756012,0.2509350089910378,3.97554723836259,78.69828489436549,18.93590085194183,6.526675768887066,24.5,26.35,26.93,25.83,30.53,40.53,0.0,0.0,0.0,254,36.87800385991513,10.922552558773104,254,37,906.0,904.0,1091.0,1091.0,868.4285714285714,1048.4285714285713
2020-09-11,2020,9,37,918.0,1070.0,1.95,6.82,este,4.769643276756012,0.2509350089910378,3.97554723836259,78.69828489436549,18.93590085194183,6.552974087789048,25.03,24.77,26.85,25.73,31.21,40.7,0.0,0.0,0.0,255,36.93276345411582,9.466754165643676,255,37,905.0,889.0,1019.0,1101.0,870.2857142857143,1055.7142857142858
2020-09-12,2020,9,37,849.0,1027.0,1.99,6.68,este,4.769643276756012,0.2509350089910378,3.97554723836259,78.69828489436549,18.93590085194183,6.464387469061573,24.18,25.72,25.71,25.0,29.84,39.17,0.0,0.0,0.0,256,36.98596906910211,8.69233225685094,256,37,912.0,867.0,1079.0,1092.0,861.2857142857143,1048.2857142857142
2020-09-13,2020,9,37,902.0,998.0,2.02,7.1,este,4.769643276756012,0.2509350089910378,3.97554723836259,78.69828489436549,18.93590085194183,6.458465964253721,24.36,25.53,26.73,25.71,32.09,40.6,0.0,0.0,0.0,257,37.03758837519439,10.83354208372796,257,37,831.0,907.0,1036.0,1049.0,871.4285714285714,1042.857142857143
2020-09-14,2020,9,38,832.0,995.0,2.02,7.33,este,4.769643276756012,0.2509350089910378,3.97554723836259,78.69828489436549,18.93590085194183,6.482226725091171,24.06,25.33,27.62,25.12,31.94,39.68,0.0,0.0,0.0,258,37.087591065261456,13.295578105038096,258,38,866.0,901.0,1053.0,1054.0,866.5714285714286,1034.5714285714287
2020-09-15,2020,9,38,856.0,1060.0,2.07,7.03,este,4.769643276756012,0.2509350089910378,3.97554723836259,78.69828489436549,18.93590085194183,6.250638715289159,24.59,24.73,26.69,25.64,29.98,40.19,0.0,0.0,0.0,259,37.1359488897041,10.224869497570817,259,38,882.0,883.0,1057.0,1025.0,862.8571428571429,1035.0
2020-09-16,2020,9,38,911.0,1032.0,1.96,7.27,este,4.769643276756012,0.2509350089910378,3.97554723836259,78.69828489436549,18.93590085194183,6.096111594896304,22.81,26.35,26.88,25.36,32.11,41.64,0.0,0.0,0.0,260,37.18263568874978,14.252497615895006,260,38,836.0,862.0,1059.0,1096.0,873.5714285714286,1031.142857142857
2020-09-17,2020,9,38,833.0,1058.0,1.92,7.39,este,4.769643276756012,0.2509350089910378,3.97554723836259,78.69828489436549,18.93590085194183,6.348791324540538,24.94,25.66,28.53,25.45,31.88,42.34,0.0,0.0,0.0,261,37.22762742199263,13.40189416677952,261,38,847.0,906.0,1036.0,1091.0,871.5714285714286,1034.2857142857142
2020-09-18,2020,9,38,898.0,981.0,1.99,7.19,este,4.769643276756012,0.2509350089910378,3.97554723836259,78.69828489436549,18.93590085194183,6.153280312326925,24.32,25.7,28.0,25.69,30.29,41.38,0.0,0.0,0.0,262,37.27090219511763,13.584617541373426,262,38,918.0,905.0,1070.0,1019.0,868.7142857142857,1021.5714285714286
2020-09-19,2020,9,38,836.0,1078.0,2.04,6.76,este,4.769643276756012,0.2509350089910378,3.97554723836259,78.69828489436549,18.93590085194183,6.47685137969943,23.23,26.67,27.56,24.6,30.09,39.6,0.0,0.0,0.0,263,37.31244028375322,14.752010150669197,263,38,849.0,912.0,1027.0,1079.0,866.8571428571429,1028.857142857143
2020-09-20,2020,9,38,834.0,996.0,1.99,7.0,este,4.769643276756012,0.2509350089910378,3.97554723836259,78.69828489436549,18.93590085194183,6.505135937921327,24.46,25.33,28.76,25.65,30.68,41.59,0.0,0.0,0.0,264,37.3522241544009,14.716491906287624,264,38,902.0,831.0,998.0,1036.0,857.1428571428571,1028.5714285714287
2020-09-21,2020,9,39,810.0,987.0,2.02,6.75,este,4.769643276756012,0.2509350089910378,3.97554723836259,78.69828489436549,18.93590085194183,6.052077046383313,22.88,26.64,27.55,24.77,29.64,40.16,0.0,0.0,0.0,265,37.390238482396256,15.352187871588908,265,39,832.0,866.0,995.0,1053.0,854.0,1027.4285714285713
2020-09-22,2020,9,39,878.0,1030.0,1.98,7.15,este,4.769643276756012,0.2509350089910378,3.97554723836259,78.69828489436549,18.93590085194183,6.483751571602139,24.97,25.13,27.61,26.22,29.99,41.63,0.0,0.0,0.0,266,37.4264701668608,11.554055077450492,266,39,856.0,882.0,1060.0,1057.0,857.1428571428571,1023.1428571428571
2020-09-23,2020,9,39,869.0,1023.0,2.07,6.69,este,4.769643276756012,0.2509350089910378,3.97554723836259,78.69828489436549,18.93590085194183,6.5185771368069325,24.23,25.02,28.25,25.93,30.49,39.79,0.0,0.0,0.0,267,37.46090834260974,14.270688659154269,267,39,911.0,836.0,1032.0,1059.0,851.1428571428571,1021.8571428571429
2020-09-24,2020,9,39,876.0,1033.0,2.07,7.14,este,4.769643276756012,0.2509350089910378,3.97554723836259,78.69828489436549,18.93590085194183,6.213529323913261,24.74,24.43,29.12,25.06,30.39,40.32,0.0,0.0,0.0,268,37.49354438898603,14.90895328206783,268,39,833.0,847.0,1058.0,1036.0,857.2857142857143,1018.2857142857143
2020-09-25,2020,9,39,805.0,978.0,1.91,6.94,este,4.769643276756012,0.2509350089910378,3.97554723836259,78.69828489436549,18.93590085194183,6.549180342310196,24.95,26.84,27.64,25.42,32.5,42.29,0.0,0.0,0.0,269,37.52437193559734,11.693463729962136,269,39,898.0,918.0,981.0,1070.0,844.0,1017.8571428571429
2020-09-26,2020,9,39,819.0,1027.0,2.0,6.71,este,4.769643276756012,0.2509350089910378,3.97554723836259,78.69828489436549,18.93590085194183,6.0916177418415245,24.3,25.89,27.77,26.1,31.83,40.0,0.0,0.0,0.0,270,37.553386864937465,13.291299662238435,270,39,836.0,849.0,1078.0,1027.0,841.5714285714286,1010.5714285714286
2020-09-27,2020,9,39,843.0,1022.0,1.98,6.74,este,4.769643276756012,0.2509350089910378,3.97554723836259,78.69828489436549,18.93590085194183,6.574746436227181,24.63,25.32,26.73,24.22,31.18,43.02,0.0,0.0,0.0,271,37.58058731188056,10.34729453251103,271,39,834.0,902.0,996.0,998.0,842.8571428571429,1014.2857142857143
2020-09-28,2020,9,40,846.0,1031.0,5.07,8.62,este,4.769643276756012,0.2509350089910378,3.97554723836259,78.69828489436549,18.93590085194183,6.389028344128585,24.91,27.22,27.18,28.1,36.36,38.13,0.0,0.0,0.0,272,37.60597366004136,10.765231340426764,272,40,810.0,832.0,987.0,995.0,848.0,1020.5714285714286
2020-09-29,2020,9,40,801.0,949.0,5.21,8.23,este,4.769643276756012,0.2509350089910378,3.97554723836259,78.69828489436549,18.93590085194183,6.300502696833917,24.83,25.22,26.73,29.15,36.74,40.44,0.0,0.0,0.0,273,37.62954853500125,9.855063098986452,273,40,878.0,856.0,1030.0,1060.0,837.0,1009.0
2020-09-30,2020,9,40,848.0,1006.0,4.89,8.66,este,4.769643276756012,0.2509350089910378,3.97554723836259,78.69828489436549,18.93590085194183,6.307930479739302,23.95,25.07,27.71,28.77,35.72,39.14,0.0,0.0,0.0,274,37.6513167944056,13.871636282237532,274,40,869.0,911.0,1023.0,1032.0,834.0,1006.5714285714286
2020-10-01,2020,10,40,845.0,1026.0,5.17,8.39,este,4.769643276756012,0.2509350089910378,3.97554723836259,78.69828489436549,18.93590085194183,6.245240582707283,25.64,27.35,28.0,29.83,35.2,37.9,0.0,0.0,0.0,275,37.67128551494343,10.995628112894376,275,40,876.0,833.0,1033.0,1058.0,829.5714285714286,1005.5714285714286
2020-10-02,2020,10,40,796.0,961.0,5.14,8.91,este,4.769643276756012,0.2509350089910378,3.97554723836259,78.69828489436549,18.93590085194183,6.304982313785535,23.82,27.67,27.86,28.84,38.26,39.45,0.0,0.0,0.0,276,37.689463976226754,14.39342815713622,276,40,805.0,898.0,978.0,981.0,828.2857142857143,1003.1428571428571
2020-10-03,2020,10,40,845.0,1025.0,4.9,8.28,este,4.769643276756012,0.2509350089910378,3.97554723836259,78.69828489436549,18.93590085194183,6.591567272780025,25.59,25.47,26.74,30.05,37.67,39.25,0.0,0.0,0.0,277,37.705863641592536,7.682656463103544,277,40,819.0,836.0,1027.0,1078.0,832.0,1002.8571428571429
2020-10-04,2020,10,40,819.0,1002.0,5.09,8.67,este,4.769643276756012,0.2509350089910378,3.97554723836259,78.69828489436549,18.93590085194183,6.451240496401279,25.86,25.3,28.94,30.23,36.13,37.31,0.0,0.0,0.0,278,37.720498135855664,12.57784905703933,278,40,843.0,834.0,1022.0,996.0,828.5714285714286,1000.0
2020-10-05,2020,10,41,833.0,1023.0,4.78,8.09,este,4.769643276756012,0.2509350089910378,3.97554723836259,78.69828489436549,18.93590085194183,6.21220727507742,26.18,25.33,29.15,28.27,37.04,39.91,0.0,0.0,0.0,279,37.73338322004756,12.35542167508323,279,41,846.0,810.0,1031.0,987.0,826.7142857142857,998.8571428571429
2020-10-06,2020,10,41,782.0,967.0,5.08,8.62,este,4.769643276756012,0.2509350089910378,3.97554723836259,78.69828489436549,18.93590085194183,6.30659834175819,24.59,27.04,28.18,28.83,34.81,38.76,0.0,0.0,0.0,280,37.74453676317992,13.587980811675918,280,41,801.0,878.0,949.0,1030.0,824.0,1001.4285714285714
2020-10-07,2020,10,41,797.0,1018.0,5.11,8.23,este,4.769643276756012,0.2509350089910378,3.97554723836259,78.69828489436549,18.93590085194183,6.159375481870781,24.85,26.92,28.7,29.88,37.53,38.7,0.0,0.0,0.0,281,37.75397871107917,14.07494454128265,281,41,848.0,869.0,1006.0,1023.0,816.7142857142857,1003.1428571428571
2020-10-08,2020,10,41,825.0,971.0,4.95,8.49,este,4.769643276756012,0.2509350089910378,3.97554723836259,78.69828489436549,18.93590085194183,6.343701271652789,25.98,26.62,27.31,28.38,37.46,37.59,0.0,0.0,0.0,282,37.76173105234202,8.274301013840901,282,41,845.0,876.0,1026.0,1033.0,813.8571428571429,995.2857142857143
2020-10-09,2020,10,41,798.0,960.0,4.86,8.72,este,4.769643276756012,0.2509350089910378,3.97554723836259,78.69828489436549,18.93590085194183,6.3405539561681685,25.81,27.11,28.59,29.55,37.88,38.84,0.0,0.0,0.0,283,37.7678177814679,11.964591931314962,283,41,796.0,805.0,961.0,978.0,814.1428571428571,995.1428571428571
2020-10-10,2020,10,41,821.0,981.0,5.13,8.56,este,4.769643276756012,0.2509350089910378,3.97554723836259,78.69828489436549,18.93590085194183,6.271291054371889,24.33,26.24,28.14,28.17,35.96,40.35,0.0,0.0,0.0,284,37.77226485922906,14.008418736089103,284,41,845.0,819.0,1025.0,1027.0,810.7142857142857,988.8571428571429
2020-10-11,2020,10,41,844.0,980.0,5.21,8.26,este,4.769643276756012,0.2509350089910378,3.97554723836259,78.69828489436549,18.93590085194183,6.427131317362257,25.37,25.96,28.83,29.6,35.71,39.33,0.0,0.0,0.0,285,37.77510017034398,13.350492127251693,285,41,819.0,843.0,1002.0,1022.0,814.2857142857143,985.7142857142857
2020-10-12,2020,10,42,778.0,994.0,4.81,8.75,este,4.769643276756012,0.2509350089910378,3.97554723836259,78.69828489436549,18.93590085194183,6.234749962082696,24.79,26.59,27.04,27.86,37.15,38.49,0.0,0.0,0.0,286,37.776353478524165,10.766260741379387,286,42,833.0,846.0,1023.0,1031.0,806.4285714285714,981.5714285714286
2020-10-13,2020,10,42,797.0,979.0,4.82,8.31,este,4.769643276756012,0.2509350089910378,3.97554723836259,78.69828489436549,18.93590085194183,6.589468324660622,24.21,26.19,27.03,27.61,37.85,39.24,0.0,0.0,0.0,287,37.77605637896929,12.052989355324366,287,42,782.0,801.0,967.0,949.0,808.5714285714286,983.2857142857143
2020-10-14,2020,10,42,780.0,1001.0,5.02,8.93,este,4.769643276756012,0.2509350089910378,3.97554723836259,78.69828489436549,18.93590085194183,6.056088273074008,25.48,26.05,26.8,28.42,35.96,37.54,0.0,0.0,0.0,288,37.77424224838939,8.245867038812303,288,42,797.0,848.0,1018.0,1006.0,806.1428571428571,980.8571428571429
2020-10-15,2020,10,42,790.0,957.0,5.13,8.31,este,4.769643276756012,0.2509350089910378,3.97554723836259,78.69828489436549,18.93590085194183,6.013594836782684,24.83,27.21,26.97,28.63,37.15,38.95,0.0,0.0,0.0,289,37.77094619263745,10.498284843043873,289,42,825.0,845.0,971.0,1026.0,801.1428571428571,978.8571428571429
2020-10-16,2020,10,42,818.0,943.0,5.22,8.61,este,4.769643276756012,0.2509350089910378,3.97554723836259,78.69828489436549,18.93590085194183,6.366437733286047,25.76,26.55,27.53,29.96,35.13,40.62,0.0,0.0,0.0,290,37.76620499203883,9.546486884994716,290,42,798.0,796.0,960.0,961.0,804.0,976.4285714285714
2020-10-17,2020,10,42,820.0,979.0,4.88,8.74,este,4.769643276756012,0.2509350089910378,3.97554723836259,78.69828489436549,18.93590085194183,6.170251867216761,24.83,25.12,29.37,29.33,36.0,40.0,0.0,0.0,0.0,291,37.7600570445083,15.286715009788503,291,42,821.0,845.0,981.0,1025.0,803.8571428571429,976.1428571428571
2020-10-18,2020,10,42,817.0,947.0,5.25,8.73,este,4.769643276756012,0.2509350089910378,3.97554723836259,78.69828489436549,18.93590085194183,6.351380661962545,25.73,27.09,27.51,28.76,36.03,38.09,0.0,0.0,0.0,292,37.75254230654842,9.56995300339304,292,42,844.0,819.0,980.0,1002.0,800.0,971.4285714285714
2020-10-19,2020,10,43,773.0,946.0,5.19,8.08,este,4.769643276756012,0.2509350089910378,3.97554723836259,78.69828489436549,18.93590085194183,6.588730158698292,25.09,25.85,28.46,28.96,37.14,39.75,0.0,0.55,4.17,293,37.74370223222586,13.16476310986342,293,43,778.0,833.0,994.0,1023.0,799.2857142857143,964.5714285714286
2020-10-20,2020,10,43,775.0,967.0,4.91,8.43,este,4.769643276756012,0.2509350089910378,3.97554723836259,78.69828489436549,18.93590085194183,6.132573563027474,25.1,25.37,29.32,28.09,35.31,39.78,0.0,0.57,3.84,294,37.73357971022576,14.727798519011584,294,43,797.0,782.0,979.0,967.0,796.1428571428571,962.8571428571429
2020-10-21,2020,10,43,811.0,948.0,4.76,8.54,este,4.769643276756012,0.2509350089910378,3.97554723836259,78.69828489436549,18.93590085194183,6.282693944198607,25.68,26.54,28.53,30.41,37.05,39.57,0.0,0.54,3.89,295,37.722218999086536,12.099662680109516,295,43,780.0,797.0,1001.0,1018.0,800.5714285714286,955.2857142857143
2020-10-22,2020,10,43,818.0,989.0,4.96,8.56,este,4.769643276756012,0.2509350089910378,3.97554723836259,78.69828489436549,18.93590085194183,6.502443236258655,25.2,27.32,27.2,27.62,37.49,39.3,0.0,0.6,3.91,296,37.70966566071922,10.132608915889382,296,43,790.0,825.0,957.0,971.0,804.5714285714286,959.8571428571429
2020-10-23,2020,10,43,785.0,990.0,5.2,8.64,este,4.769643276756012,0.2509350089910378,3.97554723836259,78.69828489436549,18.93590085194183,6.593096537593407,25.26,25.69,27.53,29.89,35.4,39.09,0.0,0.57,4.11,297,37.69596649231899,10.790993036353235,297,43,818.0,798.0,943.0,960.0,799.8571428571429,966.5714285714286
2020-10-24,2020,10,43,767.0,932.0,4.85,8.49,este,4.769643276756012,0.2509350089910378,3.97554723836259,78.69828489436549,18.93590085194183,5.987985237375367,24.7,26.25,27.44,30.18,37.71,38.75,0.0,0.59,3.92,298,37.681169456776864,11.850952441288545,298,43,820.0,821.0,979.0,981.0,792.2857142857143,959.8571428571429
2020-10-25,2020,10,43,771.0,928.0,5.21,8.77,este,4.769643276756012,0.2509350089910378,3.97554723836259,78.69828489436549,18.93590085194183,6.297787681616939,24.19,26.19,29.23,30.22,37.78,40.63,0.0,0.57,4.12,299,37.665323611702064,16.06610394013298,299,43,817.0,844.0,947.0,980.0,785.7142857142857,957.1428571428571
2020-10-26,2020,10,44,885.0,1141.0,7.6,9.51,oeste,4.769643276756012,0.2509350089910378,3.97554723836259,78.69828489436549,18.93590085194183,6.204568066532071,23.53,26.36,27.16,41.25,52.47,50.48,0.0,0.0,0.0,300,37.648479037166446,13.628697410693391,300,44,773.0,778.0,946.0,994.0,801.7142857142857,985.0
2020-10-27,2020,10,44,939.0,1137.0,8.03,9.36,oeste,4.769643276756012,0.2509350089910378,3.97554723836259,78.69828489436549,18.93590085194183,6.011629628443508,23.83,27.28,28.51,41.43,51.71,53.25,0.0,0.0,0.0,301,37.63068676228361,15.467448254366484,301,44,775.0,797.0,967.0,979.0,825.1428571428571,1009.2857142857143
2020-10-28,2020,10,44,903.0,1097.0,8.39,8.77,oeste,4.769643276756012,0.2509350089910378,3.97554723836259,78.69828489436549,18.93590085194183,6.0033236001729,23.47,26.72,28.79,41.29,48.36,52.94,0.0,0.0,0.0,302,37.611998690736144,16.482983710040443,302,44,811.0,780.0,948.0,1001.0,838.2857142857143,1030.5714285714287
2020-10-29,2020,10,44,941.0,1116.0,7.7,9.3,oeste,4.769643276756012,0.2509350089910378,3.97554723836259,78.69828489436549,18.93590085194183,6.496217586485588,22.62,27.26,27.89,40.96,49.3,52.14,0.0,0.0,0.0,303,37.59246752536474,16.396824253662107,303,44,818.0,790.0,989.0,957.0,855.8571428571429,1048.7142857142858
2020-10-30,2020,10,44,891.0,1073.0,8.38,9.1,oeste,4.769643276756012,0.2509350089910378,3.97554723836259,78.69828489436549,18.93590085194183,6.568535332040783,22.45,27.46,26.91,41.16,48.51,51.44,0.0,0.0,0.0,304,37.57214669193354,15.076031617461872,304,44,785.0,818.0,990.0,943.0,871.0,1060.5714285714287
2020-10-31,2020,10,44,960.0,1138.0,8.03,9.5,oeste,4.769643276756012,0.2509350089910378,3.97554723836259,78.69828489436549,18.93590085194183,6.4113152155516575,21.92,25.47,28.66,42.17,50.4,53.78,0.0,0.0,0.0,305,37.55109026218615,18.52277708136236,305,44,767.0,820.0,932.0,979.0,898.5714285714286,1090.0
2020-11-01,2020,11,44,881.0,1098.0,8.19,8.75,oeste,4.769643276756012,0.2509350089910378,3.97554723836259,78.69828489436549,18.93590085194183,6.256576812482052,22.17,25.61,26.67,40.32,52.3,53.09,0.0,0.0,0.0,306,37.529352876306135,15.126238150055988,306,44,771.0,817.0,928.0,947.0,914.2857142857143,1114.2857142857142
2020-11-02,2020,11,45,933.0,1128.0,7.75,9.19,oeste,4.769643276756012,0.2509350089910378,3.97554723836259,78.69828489436549,18.93590085194183,6.305051613849401,22.83,28.15,26.96,43.92,48.37,50.95,0.0,0.0,0.0,307,37.506989664896246,14.482409909684533,307,45,885.0,773.0,1141.0,946.0,921.1428571428571,1112.4285714285713
2020-11-03,2020,11,45,860.0,1037.0,7.98,8.58,oeste,4.769643276756012,0.2509350089910378,3.97554723836259,78.69828489436549,18.93590085194183,6.403632032494242,22.22,26.33,27.04,43.46,51.66,54.94,0.0,0.0,0.0,308,37.48405617058897,15.635929373302734,308,45,939.0,775.0,1137.0,967.0,909.8571428571429,1098.142857142857
2020-11-04,2020,11,45,929.0,1111.0,7.8,8.97,oeste,4.769643276756012,0.2509350089910378,3.97554723836259,78.69828489436549,18.93590085194183,6.102055205897839,22.21,25.55,29.13,42.88,51.31,51.18,0.0,0.0,0.0,309,37.46060826940131,18.72326021584021,309,45,903.0,811.0,1097.0,948.0,913.5714285714286,1100.142857142857
2020-11-05,2020,11,45,884.0,1137.0,7.77,8.72,oeste,4.769643276756012,0.2509350089910378,3.97554723836259,78.69828489436549,18.93590085194183,6.188100596087414,22.0,26.36,28.72,41.71,51.15,52.56,0.0,0.0,0.0,310,37.43670209194459,18.43893447346913,310,45,941.0,818.0,1116.0,989.0,905.4285714285714,1103.142857142857
2020-11-06,2020,11,45,900.0,1099.0,8.03,8.74,oeste,4.769643276756012,0.2509350089910378,3.97554723836259,78.69828489436549,18.93590085194183,6.244519856024948,22.03,27.54,28.16,41.9,50.25,51.31,0.0,0.0,0.0,311,37.41239394460002,17.599459767925513,311,45,891.0,785.0,1073.0,990.0,906.7142857142857,1106.857142857143
2020-11-07,2020,11,45,920.0,1120.0,7.77,8.76,oeste,4.769643276756012,0.2509350089910378,3.97554723836259,78.69828489436549,18.93590085194183,6.0195657854631,23.54,27.23,27.37,40.85,52.21,52.69,0.0,0.0,0.0,312,37.38774023076799,13.90215750307098,312,45,960.0,767.0,1138.0,932.0,901.0,1104.2857142857142
2020-11-08,2020,11,45,874.0,1068.0,7.7,8.86,oeste,4.769643276756012,0.2509350089910378,3.97554723836259,78.69828489436549,18.93590085194183,6.061133184176588,23.22,25.58,28.62,42.21,49.52,54.49,0.0,0.0,0.0,313,37.36279737229912,16.49642608693259,313,45,881.0,771.0,1098.0,928.0,900.0,1100.0
2020-11-09,2020,11,46,870.0,1066.0,7.78,9.13,oeste,4.769643276756012,0.2509350089910378,3.97554723836259,78.69828489436549,18.93590085194183,6.154993980102778,22.24,26.24,26.92,40.5,48.63,52.29,0.0,0.0,0.0,314,37.337621731211776,15.34698890075694,314,46,933.0,885.0,1128.0,1141.0,891.0,1091.142857142857
2020-11-10,2020,11,46,889.0,1075.0,8.29,8.76,oeste,4.769643276756012,0.2509350089910378,3.97554723836259,78.69828489436549,18.93590085194183,6.360793529343959,22.75,28.11,28.63,41.73,50.6,52.71,0.0,0.0,0.0,315,37.31226953180009,17.190714588892,315,46,860.0,939.0,1037.0,1137.0,895.1428571428571,1096.5714285714287
2020-11-11,2020,11,46,924.0,1075.0,7.62,9.39,oeste,4.769643276756012,0.2509350089910378,3.97554723836259,78.69828489436549,18.93590085194183,6.174279383781152,24.15,26.31,28.99,40.7,50.91,53.26,0.0,0.0,0.0,316,37.28679678323379,15.585881055391726,316,46,929.0,903.0,1111.0,1097.0,894.4285714285714,1091.4285714285713
2020-11-12,2020,11,46,884.0,1110.0,7.66,9.54,oeste,4.769643276756012,0.2509350089910378,3.97554723836259,78.69828489436549,18.93590085194183,6.600811350392557,23.02,27.51,26.66,41.78,48.91,50.53,0.0,0.0,0.0,317,37.26125920274963,13.507090822111106,317,46,884.0,941.0,1137.0,1116.0,894.4285714285714,1087.5714285714287
2020-11-13,2020,11,46,888.0,1062.0,8.03,8.92,oeste,4.769643276756012,0.2509350089910378,3.97554723836259,78.69828489436549,18.93590085194183,6.067927487044796,23.82,26.76,26.78,43.84,48.8,50.52,0.0,0.0,0.0,318,37.23571213953113,12.171920880220153,318,46,900.0,891.0,1099.0,1073.0,892.7142857142857,1082.2857142857142
2020-11-14,2020,11,46,842.0,1135.0,7.92,8.95,oeste,4.769643276756012,0.2509350089910378,3.97554723836259,78.69828489436549,18.93590085194183,6.597516231702508,23.09,26.5,28.52,43.01,50.24,55.16,0.0,0.0,0.0,319,37.21021049937182,16.47462897350002,319,46,920.0,960.0,1120.0,1138.0,881.5714285714286,1084.4285714285713
2020-11-15,2020,11,46,903.0,1077.0,8.18,8.75,oeste,4.769643276756012,0.2509350089910378,3.97554723836259,78.69828489436549,18.93590085194183,6.571647316579563,22.43,26.03,26.68,40.1,51.48,53.24,0.0,0.0,0.0,320,37.184808670214245,14.565104912489288,320,46,874.0,881.0,1068.0,1098.0,885.7142857142857,1085.7142857142858
2020-11-16,2020,11,47,823.0,1068.0,7.8,9.39,oeste,4.769643276756012,0.2509350089910378,3.97554723836259,78.69828489436549,18.93590085194183,6.402671729759265,23.86,27.73,29.35,40.98,50.45,54.42,0.0,0.28,1.91,321,37.15956044865456,16.54285036220347,321,47,870.0,933.0,1066.0,1128.0,879.0,1086.0
2020-11-17,2020,11,47,881.0,1128.0,7.72,9.26,oeste,4.769643276756012,0.2509350089910378,3.97554723836259,78.69828489436549,18.93590085194183,6.071805368095012,23.14,27.04,28.73,42.51,51.34,54.11,0.0,0.29,2.09,322,37.1345189675,16.681584796269515,322,47,889.0,860.0,1075.0,1037.0,877.8571428571429,1093.5714285714287
2020-11-18,2020,11,47,894.0,1061.0,7.79,8.59,oeste,4.769643276756012,0.2509350089910378,3.97554723836259,78.69828489436549,18.93590085194183,6.570261226147637,22.79,25.74,28.94,42.3,50.77,53.04,0.0,0.29,1.94,323,37.10973662446371,17.48553927126965,323,47,924.0,929.0,1075.0,1111.0,873.5714285714286,1091.5714285714287
2020-11-19,2020,11,47,844.0,1066.0,8.06,8.76,oeste,4.769643276756012,0.2509350089910378,3.97554723836259,78.69828489436549,18.93590085194183,6.346820755566648,24.03,26.6,26.9,40.68,49.8,52.82,0.0,0.29,2.02,324,37.08526501207903,11.93702040257276,324,47,884.0,884.0,1110.0,1137.0,867.8571428571429,1085.2857142857142
2020-11-20,2020,11,47,893.0,1062.0,8.38,9.09,oeste,4.769643276756012,0.2509350089910378,3.97554723836259,78.69828489436549,18.93590085194183,6.048112580837259,23.0,27.62,28.5,42.66,49.94,54.71,0.0,0.29,1.94,325,37.06115484891205,16.51406135415639,325,47,888.0,900.0,1062.0,1099.0,868.5714285714286,1085.2857142857142
2020-11-21,2020,11,47,895.0,1079.0,8.0,8.66,oeste,4.769643276756012,0.2509350089910378,3.97554723836259,78.69828489436549,18.93590085194183,6.080918693383823,22.2,28.15,28.46,40.85,47.52,53.43,0.0,0.27,2.07,326,37.037455912149134,17.60686016632342,326,47,842.0,920.0,1135.0,1120.0,876.1428571428571,1077.2857142857142
2020-11-22,2020,11,47,870.0,1036.0,8.28,8.61,oeste,4.769643276756012,0.2509350089910378,3.97554723836259,78.69828489436549,18.93590085194183,6.4357515179683285,24.09,26.49,26.8,43.28,50.72,53.77,0.0,0.29,2.08,327,37.0142169716326,11.577287353031256,327,47,903.0,874.0,1077.0,1068.0,871.4285714285714,1071.4285714285713
2020-11-23,2020,11,48,889.0,1046.0,7.91,9.05,oeste,4.769643276756012,0.2509350089910378,3.97554723836259,78.69828489436549,18.93590085194183,6.201832558801184,23.4,26.45,29.17,41.47,51.93,59.61,0.0,0.0,0.0,328,36.99148572541555,16.88275360416414,328,48,823.0,870.0,1068.0,1066.0,880.8571428571429,1068.2857142857142
2020-11-24,2020,11,48,855.0,1030.0,7.61,9.53,oeste,4.769643276756012,0.2509350089910378,3.97554723836259,78.69828489436549,18.93590085194183,6.045144545529696,23.19,26.23,28.47,40.04,50.33,60.1,0.0,0.0,0.0,329,36.96930873690382,16.140310762914574,329,48,881.0,889.0,1128.0,1075.0,877.1428571428571,1054.2857142857142
2020-11-25,2020,11,48,821.0,1093.0,8.36,9.38,oeste,4.769643276756012,0.2509350089910378,3.97554723836259,78.69828489436549,18.93590085194183,6.45975791747272,22.78,26.87,27.52,40.94,50.04,55.61,0.0,0.0,0.0,330,36.94773137364985,15.28377196077829,330,48,894.0,924.0,1061.0,1075.0,866.7142857142857,1058.857142857143
2020-11-26,2020,11,48,832.0,1073.0,7.97,8.84,oeste,4.769643276756012,0.2509350089910378,3.97554723836259,78.69828489436549,18.93590085194183,6.482312533702517,23.5,25.82,28.59,39.99,51.12,60.63,0.0,0.0,0.0,331,36.926797747861336,15.829024083162496,331,48,844.0,884.0,1066.0,1110.0,865.0,1059.857142857143
2020-11-27,2020,11,48,830.0,1047.0,7.84,9.47,oeste,4.769643276756012,0.2509350089910378,3.97554723836259,78.69828489436549,18.93590085194183,6.524476236310948,23.27,27.84,28.61,40.25,49.17,58.3,0.0,0.0,0.0,332,36.90655065868384,16.204203430188148,332,48,893.0,888.0,1062.0,1062.0,856.0,1057.7142857142858
2020-11-28,2020,11,48,878.0,1032.0,7.87,8.91,oeste,4.769643276756012,0.2509350089910378,3.97554723836259,78.69828489436549,18.93590085194183,6.121226296490772,21.99,27.74,27.43,41.4,48.52,59.09,0.0,0.0,0.0,333,36.88703153631436,16.346574488823684,333,48,895.0,842.0,1079.0,1135.0,853.5714285714286,1051.0
2020-11-29,2020,11,48,895.0,1079.0,7.91,8.79,oeste,4.769643276756012,0.2509350089910378,3.97554723836259,78.69828489436549,18.93590085194183,6.56910678653797,22.92,25.56,29.35,41.45,49.29,58.34,0.0,0.0,0.0,334,36.86828038800015,17.762822217664908,334,48,870.0,903.0,1036.0,1077.0,857.1428571428571,1057.142857142857
2020-11-30,2020,11,49,1144.0,1400.0,9.67,9.66,oeste,4.769643276756012,0.2509350089910378,3.97554723836259,78.69828489436549,18.93590085194183,6.2187575484301485,28.12,29.48,29.12,44.05,56.43,62.19,0.0,5.01,33.57,335,36.85033574597404,7.001563791735067,335,49,889.0,823.0,1046.0,1068.0,893.5714285714286,1107.7142857142858
2020-12-01,2020,12,49,1114.0,1366.0,9.94,9.09,oeste,4.769643276756012,0.2509350089910378,3.97554723836259,78.69828489436549,18.93590085194183,6.169577733935011,27.77,26.94,30.03,47.11,60.7,63.45,0.0,4.82,33.28,336,36.833234617375474,10.52077371896586,336,49,855.0,881.0,1030.0,1128.0,930.5714285714286,1155.7142857142858
2020-12-02,2020,12,49,1060.0,1365.0,10.09,9.32,oeste,4.769643276756012,0.2509350089910378,3.97554723836259,78.69828489436549,18.93590085194183,6.144771253315286,27.13,29.41,30.1,45.93,57.83,60.17,0.0,4.8,34.05,337,36.817012436203264,12.055365160693947,337,49,821.0,894.0,1093.0,1061.0,964.7142857142857,1194.5714285714287
2020-12-03,2020,12,49,1101.0,1391.0,9.62,9.53,oeste,4.769643276756012,0.2509350089910378,3.97554723836259,78.69828489436549,18.93590085194183,6.107183195002016,25.68,27.63,28.79,45.32,55.89,63.71,0.0,4.74,33.88,338,36.8017030173441,12.331096936034914,338,49,832.0,844.0,1073.0,1066.0,1003.1428571428571,1240.0
2020-12-04,2020,12,49,1077.0,1400.0,10.47,9.23,oeste,4.769643276756012,0.2509350089910378,3.97554723836259,78.69828489436549,18.93590085194183,6.324235382515673,27.03,28.88,28.09,46.07,56.16,62.18,0.0,4.94,34.34,339,36.78733851271808,7.196227792766407,339,49,830.0,893.0,1047.0,1062.0,1038.4285714285713,1290.4285714285713
2020-12-05,2020,12,49,1055.0,1410.0,9.91,9.07,oeste,4.769643276756012,0.2509350089910378,3.97554723836259,78.69828489436549,18.93590085194183,6.34582568556438,28.07,27.95,29.45,48.26,56.28,62.31,0.0,5.06,33.93,340,36.77394936958032,8.207925728325993,340,49,878.0,895.0,1032.0,1079.0,1063.7142857142858,1344.4285714285713
2020-12-06,2020,12,49,1149.0,1468.0,10.45,9.76,oeste,4.769643276756012,0.2509350089910378,3.97554723836259,78.69828489436549,18.93590085194183,6.14877653199028,26.21,29.23,28.75,47.81,60.71,62.4,0.0,5.08,32.94,341,36.761564291015,11.131775589764285,341,49,895.0,870.0,1079.0,1036.0,1100.0,1400.0
2020-12-07,2020,12,50,1127.0,1328.0,9.76,9.64,oeste,4.769643276756012,0.2509350089910378,3.97554723836259,78.69828489436549,18.93590085194183,6.070087264104232,27.72,28.62,27.72,48.25,59.07,61.08,0.0,2.37,15.36,342,36.7502101986565,0.0,342,50,1144.0,889.0,1400.0,1046.0,1097.5714285714287,1389.7142857142858
2020-12-08,2020,12,50,1064.0,1398.0,10.2,9.31,oeste,4.769643276756012,0.2509350089910378,3.97554723836259,78.69828489436549,18.93590085194183,6.202468851037887,25.91,28.95,30.09,45.0,58.72,63.58,0.0,2.25,16.1,343,36.73991219766951,14.271836309145238,343,50,1114.0,855.0,1366.0,1030.0,1090.4285714285713,1394.2857142857142
2020-12-09,2020,12,50,1096.0,1436.0,10.05,9.17,oeste,4.769643276756012,0.2509350089910378,3.97554723836259,78.69828489436549,18.93590085194183,6.293431840213265,27.62,27.46,27.85,46.71,56.93,59.48,0.0,2.38,15.31,344,36.730693544018,3.3469301414592727,344,50,1060.0,821.0,1365.0,1093.0,1095.5714285714287,1404.4285714285713
2020-12-10,2020,12,50,1072.0,1413.0,10.29,9.09,oeste,4.769643276756012,0.2509350089910378,3.97554723836259,78.69828489436549,18.93590085194183,6.065547760148226,28.01,29.04,30.27,44.99,57.7,64.07,0.0,2.21,16.62,345,36.722575614051024,10.489165896681529,345,50,1101.0,832.0,1391.0,1073.0,1091.4285714285713,1407.5714285714287
2020-12-11,2020,12,50,1069.0,1323.0,9.89,9.66,oeste,4.769643276756012,0.2509350089910378,3.97554723836259,78.69828489436549,18.93590085194183,6.549388199807831,27.64,29.64,28.21,43.72,60.4,64.87,0.0,2.35,15.51,346,36.71557787643095,5.266734149084524,346,50,1077.0,830.0,1400.0,1047.0,1090.2857142857142,1396.5714285714287
2020-12-12,2020,12,50,1077.0,1385.0,10.35,9.47,oeste,4.769643276756012,0.2509350089910378,3.97554723836259,78.69828489436549,18.93590085194183,6.306949550118405,26.61,29.0,27.92,46.23,58.27,59.72,0.0,2.32,16.61,347,36.70971786642788,7.983076582334403,347,50,1055.0,878.0,1410.0,1032.0,1093.4285714285713,1393.0
2020-12-13,2020,12,50,1095.0,1417.0,10.38,9.43,oeste,4.769643276756012,0.2509350089910378,3.97554723836259,78.69828489436549,18.93590085194183,6.423988874840101,27.98,29.19,29.65,48.01,58.04,60.48,0.0,2.36,15.7,348,36.70501116260207,9.01233231012709,348,50,1149.0,895.0,1468.0,1079.0,1085.7142857142858,1385.7142857142858
2020-12-14,2020,12,51,1076.0,1409.0,10.46,9.09,oeste,4.769643276756012,0.2509350089910378,3.97554723836259,78.69828489436549,18.93590085194183,6.531729894241632,26.32,27.71,28.5,47.59,59.58,59.67,0.0,0.0,0.0,349,36.70147136589411,10.295923884585331,349,51,1127.0,1144.0,1328.0,1400.0,1078.4285714285713,1397.2857142857142
2020-12-15,2020,12,51,1052.0,1347.0,10.07,9.3,oeste,4.769643276756012,0.2509350089910378,3.97554723836259,78.69828489436549,18.93590085194183,6.108901951587196,27.27,28.46,29.24,45.87,59.97,60.39,0.0,0.0,0.0,350,36.699110081140894,9.786834565922424,350,51,1064.0,1114.0,1398.0,1366.0,1076.7142857142858,1390.0
2020-12-16,2020,12,51,1075.0,1343.0,9.62,9.23,oeste,4.769643276756012,0.2509350089910378,3.97554723836259,78.69828489436549,18.93590085194183,6.132095153990044,26.51,27.01,27.57,47.15,58.89,61.41,0.0,0.0,0.0,351,36.697936901033465,7.178739320136061,351,51,1096.0,1060.0,1436.0,1365.0,1073.7142857142858,1376.7142857142858
2020-12-17,2020,12,51,1070.0,1327.0,10.34,9.2,oeste,4.769643276756012,0.2509350089910378,3.97554723836259,78.69828489436549,18.93590085194183,6.443514235203391,25.95,28.68,28.09,45.94,58.8,59.6,0.0,0.0,0.0,352,36.69795939253109,10.20005241320502,352,51,1072.0,1101.0,1413.0,1391.0,1073.4285714285713,1364.4285714285713
2020-12-18,2020,12,51,1059.0,1371.0,10.21,9.51,oeste,4.769643276756012,0.2509350089910378,3.97554723836259,78.69828489436549,18.93590085194183,6.438002683704605,26.13,27.75,30.33,45.17,55.53,63.78,0.0,0.0,0.0,353,36.699183085744046,14.290079444761146,353,51,1069.0,1077.0,1323.0,1400.0,1072.0,1371.2857142857142
2020-12-19,2020,12,51,1081.0,1444.0,10.47,9.48,oeste,4.769643276756012,0.2509350089910378,3.97554723836259,78.69828489436549,18.93590085194183,6.1929669918721055,28.12,27.0,30.38,46.49,58.1,62.46,0.0,0.0,0.0,354,36.70161146529589,10.48317785171196,354,51,1077.0,1055.0,1385.0,1410.0,1072.5714285714287,1379.7142857142858
2020-12-20,2020,12,51,1087.0,1359.0,9.65,9.91,oeste,4.769643276756012,0.2509350089910378,3.97554723836259,78.69828489436549,18.93590085194183,6.3610581402058495,26.01,29.17,28.39,45.09,57.24,60.66,0.0,0.0,0.0,355,36.70524596417429,10.758958148181447,355,51,1095.0,1149.0,1417.0,1468.0,1071.4285714285713,1371.4285714285713
2020-12-21,2020,12,52,1040.0,1379.0,10.18,9.08,oeste,4.769643276756012,0.2509350089910378,3.97554723836259,78.69828489436549,18.93590085194183,6.3197585000885415,26.74,27.03,28.28,46.37,56.49,60.72,0.0,11.86,89.4,356,36.71008596007762,8.655643539335859,356,52,1076.0,1127.0,1409.0,1328.0,1066.2857142857142,1367.142857142857
2020-12-22,2020,12,52,1073.0,1372.0,9.85,9.31,oeste,4.769643276756012,0.2509350089910378,3.97554723836259,78.69828489436549,18.93590085194183,6.332975172045548,27.96,28.85,27.88,45.53,60.12,63.41,0.0,12.61,86.24,357,36.71612877426296,0.0,357,52,1052.0,1064.0,1347.0,1398.0,1069.2857142857142,1370.7142857142858
2020-12-23,2020,12,52,1043.0,1296.0,10.41,9.26,oeste,4.769643276756012,0.2509350089910378,3.97554723836259,78.69828489436549,18.93590085194183,6.0157494960234965,27.94,27.78,28.1,47.89,60.62,61.12,0.0,12.72,84.62,358,36.72336967289923,2.790976095140343,358,52,1075.0,1096.0,1343.0,1436.0,1064.7142857142858,1364.0
2020-12-24,2020,12,52,1048.0,1383.0,10.07,9.19,oeste,4.769643276756012,0.2509350089910378,3.97554723836259,78.69828489436549,18.93590085194183,6.021185101151968,27.18,26.91,30.45,47.57,57.08,61.03,0.0,12.49,89.21,359,36.73180187092755,12.620300919251774,359,52,1070.0,1072.0,1327.0,1413.0,1061.5714285714287,1372.0
2020-12-25,2020,12,52,1124.0,1382.0,9.6,8.98,oeste,4.769643276756012,0.2509350089910378,3.97554723836259,78.69828489436549,18.93590085194183,6.443801408229917,27.13,28.02,29.13,46.11,55.78,61.72,0.0,12.43,90.65,360,36.74141653842925,9.8724398181947,360,52,1059.0,1069.0,1371.0,1323.0,1070.857142857143,1373.5714285714287
2020-12-26,2020,12,52,1030.0,1306.0,10.08,9.41,oeste,4.769643276756012,0.2509350089910378,3.97554723836259,78.69828489436549,18.93590085194183,6.144478607806616,28.32,29.41,28.42,45.25,56.5,60.76,0.0,12.65,87.35,361,36.75220280949984,2.208192728222734,361,52,1081.0,1077.0,1444.0,1385.0,1063.5714285714287,1353.857142857143
2020-12-27,2020,12,52,1042.0,1382.0,9.94,9.42,oeste,4.769643276756012,0.2509350089910378,3.97554723836259,78.69828489436549,18.93590085194183,6.3209847756509125,26.34,27.89,28.05,44.21,55.27,62.77,0.0,12.9,82.72,362,36.76414779362595,9.134318683735136,362,52,1087.0,1095.0,1359.0,1417.0,1057.142857142857,1357.142857142857
2020-12-28,2020,12,1,1070.0,1375.0,28.13,9.91,oeste,3.8114551627843327,0.1810253849791156,3.579404064615913,81.89444698863122,12.61804491650088,6.780544001582961,25.88,27.52,29.42,69.79,80.87,78.93,0.0,25.28,68.5,363,36.77723658955991,13.147231966160469,363,53,1040.0,1076.0,1379.0,1409.0,1061.4285714285713,1356.5714285714287
2020-12-29,2020,12,1,1071.0,1302.0,27.05,9.28,oeste,3.8114551627843327,0.1810253849791156,3.579404064615913,81.89444698863122,12.61804491650088,6.312104880127452,27.87,27.95,27.82,69.19,80.96,84.03,0.0,25.68,71.29,364,36.79145230168498,0.0,364,53,1073.0,1052.0,1372.0,1347.0,1061.142857142857,1346.5714285714287
2020-12-30,2020,12,1,1046.0,1308.0,28.32,9.86,oeste,3.8114551627843327,0.1810253849791156,3.579404064615913,81.89444698863122,12.61804491650088,6.327920672687906,28.18,27.13,29.11,68.91,75.87,81.19,0.0,25.29,68.68,365,36.80677605886264,6.74408218504521,365,53,1043.0,1075.0,1296.0,1343.0,1061.5714285714287,1348.2857142857142
2020-12-31,2020,12,1,1105.0,1393.0,27.74,10.07,oeste,3.8114551627843327,0.1810253849791156,3.579404064615913,81.89444698863122,12.61804491650088,6.869045249355893,27.03,29.22,28.59,67.09,78.74,77.77,0.0,25.84,66.62,366,36.82318703575061,8.73850771465067,366,53,1048.0,1070.0,1383.0,1327.0,1069.7142857142858,1349.7142857142858
2021-01-01,2021,1,1,1080.0,1398.0,27.48,10.05,oeste,3.8114551627843327,0.1810253849791156,3.579404064615913,81.89444698863122,12.61804491650088,6.344587937160688,28.1,28.55,29.88,70.96,78.95,81.47,0.0,26.27,67.67,1,36.82318703575061,9.334369232828047,1,53,1124.0,1059.0,1382.0,1371.0,1063.4285714285713,1352.0
2021-01-02,2021,1,1,1123.0,1305.0,27.92,9.5,oeste,3.8114551627843327,0.1810253849791156,3.579404064615913,81.89444698863122,12.61804491650088,6.872619472267931,27.43,27.96,29.44,67.35,74.35,82.11,0.0,26.64,69.35,2,36.8406624765791,9.923824169558996,2,53,1030.0,1081.0,1306.0,1444.0,1076.7142857142858,1351.857142857143
2021-01-03,2021,1,1,1132.0,1359.0,26.08,10.11,oeste,3.8114551627843327,0.1810253849791156,3.579404064615913,81.89444698863122,12.61804491650088,6.312527890804789,26.23,29.53,29.37,69.05,81.05,81.26,0.0,25.37,72.57,3,36.85917772137,12.409779572543924,3,53,1042.0,1087.0,1382.0,1359.0,1089.5714285714287,1348.5714285714287
2021-01-04,2021,1,2,1114.0,1333.0,26.6,9.92,oeste,3.8114551627843327,0.1810253849791156,3.579404064615913,81.89444698863122,12.61804491650088,6.512165294543112,26.47,28.85,29.09,67.32,79.67,78.56,0.0,39.59,77.9,4,36.87870623458231,11.341746170455442,4,1,1070.0,1040.0,1375.0,1379.0,1095.857142857143,1342.5714285714287
2021-01-05,2021,1,2,1128.0,1366.0,26.23,9.8,oeste,3.8114551627843327,0.1810253849791156,3.579404064615913,81.89444698863122,12.61804491650088,6.575401339119753,25.81,29.87,30.33,71.17,79.07,83.27,0.0,35.96,78.74,5,36.899219636164034,14.90527523412472,5,1,1071.0,1073.0,1302.0,1372.0,1104.0,1351.7142857142858
2021-01-06,2021,1,2,1077.0,1348.0,26.75,9.71,oeste,3.8114551627843327,0.1810253849791156,3.579404064615913,81.89444698863122,12.61804491650088,6.472311679310456,28.02,28.31,27.97,67.11,73.7,77.82,0.0,35.89,77.35,6,36.9206877349893,0.0,6,1,1046.0,1043.0,1308.0,1296.0,1108.4285714285713,1357.4285714285713
2021-01-07,2021,1,2,1079.0,1324.0,27.64,9.87,oeste,3.8114551627843327,0.1810253849791156,3.579404064615913,81.89444698863122,12.61804491650088,6.823826032040369,26.12,27.57,27.91,68.58,74.97,81.48,0.0,38.27,78.55,7,36.94307856465669,9.391029395530866,7,1,1105.0,1048.0,1393.0,1383.0,1104.7142857142858,1347.5714285714287
2021-01-08,2021,1,2,1058.0,1382.0,25.7,9.53,oeste,3.8114551627843327,0.1810253849791156,3.579404064615913,81.89444698863122,12.61804491650088,6.723980491575185,27.21,27.56,28.54,69.78,80.25,80.08,0.0,38.45,77.61,8,36.96635842162235,8.100020005493514,8,1,1080.0,1124.0,1398.0,1382.0,1101.5714285714287,1345.2857142857142
2021-01-09,2021,1,2,1048.0,1324.0,25.78,9.84,oeste,3.8114551627843327,0.1810253849791156,3.579404064615913,81.89444698863122,12.61804491650088,6.301346524548086,25.82,27.19,28.03,67.92,78.38,83.65,0.0,38.3,78.49,9,36.99049190563928,10.448160717660883,9,1,1123.0,1030.0,1305.0,1306.0,1090.857142857143,1348.0
2021-01-10,2021,1,2,1123.0,1363.0,25.8,9.42,oeste,3.8114551627843327,0.1810253849791156,3.579404064615913,81.89444698863122,12.61804491650088,6.59771884556549,28.2,28.73,29.05,70.88,77.41,79.12,0.0,39.49,83.38,10,37.015441962471165,6.48404474280761,10,1,1132.0,1042.0,1359.0,1382.0,1089.5714285714287,1348.5714285714287
2021-01-11,2021,1,3,1128.0,1305.0,25.66,9.86,oeste,3.8114551627843327,0.1810253849791156,3.579404064615913,81.89444698863122,12.61804491650088,6.799250298266639,27.17,28.6,30.4,71.16,77.83,81.59,0.0,59.91,121.03,11,37.041169928847104,12.648515501495185,11,2,1114.0,1070.0,1333.0,1375.0,1091.5714285714287,1344.5714285714287
2021-01-12,2021,1,3,1056.0,1367.0,26.82,9.58,oeste,3.8114551627843327,0.1810253849791156,3.579404064615913,81.89444698863122,12.61804491650088,6.698501749828671,25.9,28.57,29.62,70.22,76.52,84.9,0.0,62.96,123.62,12,37.06763557962014,13.58375861849331,12,2,1128.0,1071.0,1366.0,1302.0,1081.2857142857142,1344.7142857142858
2021-01-13,2021,1,3,1117.0,1322.0,27.89,9.33,oeste,3.8114551627843327,0.1810253849791156,3.579404064615913,81.89444698863122,12.61804491650088,6.464622295492254,27.88,29.74,27.78,67.24,76.29,81.49,0.0,61.34,119.25,13,37.094797177090456,0.0,13,2,1077.0,1046.0,1348.0,1308.0,1087.0,1341.0
2021-01-14,2021,1,3,1100.0,1382.0,27.0,9.36,oeste,3.8114551627843327,0.1810253849791156,3.579404064615913,81.89444698863122,12.61804491650088,6.662116812787677,28.21,27.85,28.39,71.71,77.99,80.2,0.0,60.19,117.57,14,37.12261152245078,2.992460139088182,14,2,1079.0,1105.0,1324.0,1393.0,1090.0,1349.2857142857142
2021-01-15,2021,1,3,1080.0,1340.0,28.28,9.76,oeste,3.8114551627843327,0.1810253849791156,3.579404064615913,81.89444698863122,12.61804491650088,6.480453390166907,28.07,29.66,29.95,69.43,79.73,77.36,0.0,64.92,113.7,15,37.15103400930886,9.678396974191806,15,2,1058.0,1080.0,1382.0,1398.0,1093.142857142857,1343.2857142857142
2021-01-16,2021,1,3,1040.0,1365.0,28.23,9.98,oeste,3.8114551627843327,0.1810253849791156,3.579404064615913,81.89444698863122,12.61804491650088,6.558876649153535,26.87,29.47,29.21,68.78,76.83,79.75,0.0,65.96,121.72,16,37.18001867923871,10.806153523387398,16,2,1048.0,1123.0,1324.0,1305.0,1092.0,1349.142857142857
2021-01-17,2021,1,3,1106.0,1359.0,26.06,9.38,oeste,3.8114551627843327,0.1810253849791156,3.579404064615913,81.89444698863122,12.61804491650088,6.543849447134727,27.65,29.62,30.17,72.0,73.78,82.24,0.0,63.04,121.25,17,37.20951827930973,11.22297302195848,17,2,1123.0,1132.0,1363.0,1359.0,1089.5714285714287,1348.5714285714287
2021-01-18,2021,1,4,1047.0,1406.0,28.05,9.41,oeste,3.8114551627843327,0.1810253849791156,3.579404064615913,81.89444698863122,12.61804491650088,6.47317425028172,27.78,27.34,28.16,70.44,79.19,82.43,0.0,66.47,375.07,18,37.23948432153915,4.361632373685747,18,3,1128.0,1114.0,1305.0,1333.0,1078.0,1363.0
2021-01-19,2021,1,4,1085.0,1391.0,28.13,9.58,oeste,3.8114551627843327,0.1810253849791156,3.579404064615913,81.89444698863122,12.61804491650088,6.648441189715105,26.75,28.9,29.43,67.17,80.17,77.26,0.0,66.89,375.02,19,37.26986714421054,11.592546392774905,19,3,1056.0,1128.0,1367.0,1366.0,1082.142857142857,1366.4285714285713
2021-01-20,2021,1,4,1079.0,1326.0,27.61,9.61,oeste,3.8114551627843327,0.1810253849791156,3.579404064615913,81.89444698863122,12.61804491650088,6.689463825542534,25.68,27.62,28.77,69.53,79.23,83.14,0.0,63.8,410.49,20,37.30061597499794,12.458014854799092,20,3,1117.0,1077.0,1322.0,1348.0,1076.7142857142858,1367.0
2021-01-21,2021,1,4,1095.0,1277.0,27.67,9.88,oeste,3.8114551627843327,0.1810253849791156,3.579404064615913,81.89444698863122,12.61804491650088,6.74261081819032,27.68,29.53,29.65,67.38,79.59,77.87,0.0,67.82,375.1,21,37.33167899583191,9.955526594310529,21,3,1100.0,1079.0,1382.0,1324.0,1076.0,1352.0
2021-01-22,2021,1,4,1131.0,1304.0,26.3,9.93,oeste,3.8114551627843327,0.1810253849791156,3.579404064615913,81.89444698863122,12.61804491650088,6.480983134946255,26.89,27.4,27.87,68.51,77.03,83.11,0.0,66.12,408.37,22,37.36300340944033,7.027622398298822,22,3,1080.0,1058.0,1340.0,1382.0,1083.2857142857142,1346.857142857143
2021-01-23,2021,1,4,1120.0,1376.0,26.72,9.98,oeste,3.8114551627843327,0.1810253849791156,3.579404064615913,81.89444698863122,12.61804491650088,6.420018841547284,25.98,29.77,27.77,69.16,77.33,79.85,0.0,62.89,382.9,23,37.39453550749423,9.505790958067776,23,3,1040.0,1048.0,1365.0,1324.0,1094.7142857142858,1348.4285714285713
2021-01-24,2021,1,4,1070.0,1360.0,26.48,9.5,oeste,3.8114551627843327,0.1810253849791156,3.579404064615913,81.89444698863122,12.61804491650088,6.370975559095696,26.91,27.68,29.06,73.15,75.74,83.95,0.0,65.51,372.73,24,37.4262207402849,10.426746277946188,24,3,1106.0,1123.0,1359.0,1363.0,1089.5714285714287,1348.5714285714287
2021-01-25,2021,1,5,987.0,1228.0,58.47,9.12,oeste,3.8114551627843327,0.1810253849791156,3.579404064615913,81.89444698863122,12.61804491650088,6.586916835930817,26.65,29.14,29.82,67.3,89.31,89.35,0.0,63.5,212.62,25,37.45800378785598,12.671495138332087,25,4,1047.0,1128.0,1406.0,1305.0,1081.0,1323.142857142857
2021-01-26,2021,1,5,975.0,1246.0,58.08,8.66,oeste,3.8114551627843327,0.1810253849791156,3.579404064615913,81.89444698863122,12.61804491650088,6.538310839015376,27.15,29.0,27.82,71.97,84.0,87.82,0.0,62.41,207.36,26,37.48982863251055,5.830481981568732,26,4,1085.0,1056.0,1391.0,1367.0,1065.2857142857142,1302.4285714285713
2021-01-27,2021,1,5,990.0,1269.0,58.35,9.2,oeste,3.8114551627843327,0.1810253849791156,3.579404064615913,81.89444698863122,12.61804491650088,6.357603093428794,27.3,28.88,28.84,69.62,87.8,96.04,0.0,64.13,215.17,27,37.52163863261035,8.84699451177644,27,4,1079.0,1117.0,1326.0,1322.0,1052.5714285714287,1294.2857142857142
2021-01-28,2021,1,5,950.0,1241.0,55.76,8.67,oeste,3.8114551627843327,0.1810253849791156,3.579404064615913,81.89444698863122,12.61804491650088,6.565942233122023,27.8,26.7,29.47,71.59,89.15,88.35,0.0,62.13,211.12,28,37.55337659758075,9.22063496358721,28,4,1095.0,1100.0,1277.0,1382.0,1031.857142857143,1289.142857142857
2021-01-29,2021,1,5,1010.0,1270.0,60.19,8.84,oeste,3.8114551627843327,0.1810253849791156,3.579404064615913,81.89444698863122,12.61804491650088,6.519927296011592,26.52,28.54,29.69,69.78,89.44,89.63,0.0,62.72,210.79,29,37.58498486403285,12.714450980254371,29,4,1131.0,1080.0,1304.0,1340.0,1014.5714285714286,1284.2857142857142
2021-01-30,2021,1,5,958.0,1261.0,59.65,8.73,oeste,3.8114551627843327,0.1810253849791156,3.579404064615913,81.89444698863122,12.61804491650088,6.724300836510368,26.74,28.12,30.23,67.83,81.56,89.34,0.0,63.64,207.87,30,37.61640537290953,13.351916460459012,30,4,1120.0,1040.0,1376.0,1365.0,991.4285714285714,1267.857142857143
2021-01-31,2021,1,5,974.0,1197.0,55.61,8.81,oeste,3.8114551627843327,0.1810253849791156,3.579404064615913,81.89444698863122,12.61804491650088,6.889952441412933,26.2,28.24,27.69,72.03,83.82,93.51,0.0,59.83,217.3,31,37.64757974756102,8.7313982437411,31,4,1070.0,1106.0,1360.0,1359.0,977.7142857142857,1244.5714285714287
2021-02-01,2021,2,6,976.0,1232.0,59.54,9.47,oeste,3.8114551627843327,0.1810253849791156,3.579404064615913,81.89444698863122,12.61804491650088,6.864224950428714,25.73,28.59,29.77,71.77,84.75,89.43,0.0,28.02,52.09,32,37.67844937265135,14.389221732090164,32,5,987.0,1047.0,1228.0,1406.0,976.1428571428571,1245.142857142857
2021-02-02,2021,2,6,932.0,1235.0,59.31,9.34,oeste,3.8114551627843327,0.1810253849791156,3.579404064615913,81.89444698863122,12.61804491650088,6.536688645032159,28.17,29.0,28.49,71.07,83.53,89.8,0.0,26.74,51.29,33,37.70895547379505,4.052967235301253,33,5,975.0,1085.0,1246.0,1391.0,970.0,1243.5714285714287
2021-02-03,2021,2,6,971.0,1263.0,60.06,9.31,oeste,3.8114551627843327,0.1810253849791156,3.579404064615913,81.89444698863122,12.61804491650088,6.556690077997099,25.84,29.14,29.83,68.24,85.29,91.9,0.0,26.3,52.45,34,37.73903919782025,14.322897633748823,34,5,990.0,1079.0,1269.0,1326.0,967.2857142857143,1242.7142857142858
2021-02-04,2021,2,6,984.0,1225.0,60.22,9.14,oeste,3.8114551627843327,0.1810253849791156,3.579404064615913,81.89444698863122,12.61804491650088,6.889611049843987,26.27,28.18,28.94,70.84,85.19,88.5,0.0,27.21,47.67,35,37.76864169355223,11.725749117237672,35,5,950.0,1095.0,1241.0,1277.0,972.1428571428571,1240.4285714285713
2021-02-05,2021,2,6,1007.0,1217.0,58.56,9.38,oeste,3.8114551627843327,0.1810253849791156,3.579404064615913,81.89444698863122,12.61804491650088,6.411639636674137,27.1,27.54,30.3,70.35,89.62,88.06,0.0,27.57,50.08,36,37.79770419300876,12.846771867287456,36,5,1010.0,1131.0,1270.0,1304.0,971.7142857142857,1232.857142857143
2021-02-06,2021,2,6,999.0,1251.0,56.89,8.82,oeste,3.8114551627843327,0.1810253849791156,3.579404064615913,81.89444698863122,12.61804491650088,6.928470292582418,28.11,27.03,29.1,68.14,87.54,89.97,0.0,28.27,49.8,37,37.8261680928962,7.150946788799856,37,5,958.0,1120.0,1261.0,1376.0,977.5714285714286,1231.4285714285713
2021-02-07,2021,2,6,975.0,1289.0,58.18,9.42,oeste,3.8114551627843327,0.1810253849791156,3.579404064615913,81.89444698863122,12.61804491650088,6.812588086125044,26.72,26.87,29.68,71.34,85.69,89.23,0.0,28.18,50.15,38,37.85397503629379,12.374023824683016,38,5,974.0,1070.0,1197.0,1360.0,977.7142857142857,1244.5714285714287
2021-02-08,2021,2,7,997.0,1241.0,58.48,9.44,oeste,3.8114551627843327,0.1810253849791156,3.579404064615913,81.89444698863122,12.61804491650088,6.297490125601419,25.65,28.89,28.61,68.21,85.7,94.3,0.0,40.8,87.5,39,37.881066994410766,12.382879870445064,39,6,976.0,987.0,1232.0,1228.0,980.7142857142857,1245.857142857143
2021-02-09,2021,2,7,972.0,1196.0,60.33,9.49,oeste,3.8114551627843327,0.1810253849791156,3.579404064615913,81.89444698863122,12.61804491650088,6.684749364608904,27.23,27.77,30.04,69.09,87.15,91.66,0.0,39.99,85.8,40,37.907386348299966,12.073428165153464,40,6,932.0,975.0,1235.0,1246.0,986.4285714285714,1240.2857142857142
2021-02-10,2021,2,7,945.0,1279.0,59.75,9.0,oeste,3.8114551627843327,0.1810253849791156,3.579404064615913,81.89444698863122,12.61804491650088,6.374271556429341,26.68,28.51,27.62,70.01,86.4,93.24,0.0,40.05,93.55,41,37.93287597040934,6.987684673473764,41,6,971.0,990.0,1263.0,1269.0,982.7142857142857,1242.5714285714287
2021-02-11,2021,2,7,999.0,1284.0,55.15,8.68,oeste,3.8114551627843327,0.1810253849791156,3.579404064615913,81.89444698863122,12.61804491650088,6.597106201112044,25.76,26.78,30.17,71.31,85.63,95.02,0.0,39.78,93.42,42,37.957479305852246,15.145034243035049,42,6,984.0,950.0,1225.0,1241.0,984.8571428571429,1251.0
2021-02-12,2021,2,7,983.0,1196.0,58.45,9.37,oeste,3.8114551627843327,0.1810253849791156,3.579404064615913,81.89444698863122,12.61804491650088,6.543257739048626,25.89,26.98,27.92,72.35,81.69,93.45,0.0,41.8,92.17,43,37.981140453275295,10.281811108414765,43,6,1007.0,1010.0,1217.0,1270.0,981.4285714285714,1248.0
2021-02-13,2021,2,7,981.0,1283.0,59.91,8.87,oeste,3.8114551627843327,0.1810253849791156,3.579404064615913,81.89444698863122,12.61804491650088,6.45569978266506,26.39,27.81,27.59,70.22,81.94,93.49,0.0,40.49,86.12,44,38.00380424520246,7.90990552532103,44,6,999.0,958.0,1251.0,1261.0,978.8571428571429,1252.5714285714287
2021-02-14,2021,2,7,967.0,1233.0,59.64,9.55,oeste,3.8114551627843327,0.1810253849791156,3.579404064615913,81.89444698863122,12.61804491650088,6.807431077454896,27.18,26.95,27.74,68.54,81.05,91.1,0.0,41.78,94.14,45,38.02541632773303,5.40656703573703,45,6,975.0,974.0,1289.0,1197.0,977.7142857142857,1244.5714285714287
2021-02-15,2021,2,8,1004.0,1247.0,56.52,8.68,oeste,3.8114551627843327,0.1810253849791156,3.579404064615913,81.89444698863122,12.61804491650088,6.38768527307746,28.29,28.59,28.79,69.2,84.45,90.12,0.0,105.31,450.73,46,38.045923239470525,5.11148076063517,46,7,997.0,976.0,1241.0,1232.0,978.7142857142857,1245.4285714285713
2021-02-16,2021,2,8,948.0,1255.0,58.02,9.45,oeste,3.8114551627843327,0.1810253849791156,3.579404064615913,81.89444698863122,12.61804491650088,6.6266736042981496,26.51,27.2,28.85,73.09,83.04,93.91,0.0,103.48,433.74,47,38.065272489559945,11.063447331226088,47,7,972.0,932.0,1196.0,1235.0,975.2857142857143,1253.857142857143
2021-02-17,2021,2,8,1008.0,1236.0,58.32,9.35,oeste,3.8114551627843327,0.1810253849791156,3.579404064615913,81.89444698863122,12.61804491650088,6.284015470953476,26.6,28.38,29.29,69.65,87.14,91.46,0.0,101.42,453.12,48,38.08341263471033,11.867673764706216,48,7,945.0,971.0,1279.0,1263.0,984.2857142857143,1247.7142857142858
2021-02-18,2021,2,8,957.0,1205.0,57.7,9.4,oeste,3.8114551627843327,0.1810253849791156,3.579404064615913,81.89444698863122,12.61804491650088,6.730464903500369,27.68,27.13,29.32,68.46,83.4,87.7,0.0,99.36,430.03,49,38.10029335508021,9.2705146497382,49,7,999.0,984.0,1284.0,1225.0,978.2857142857143,1236.4285714285713
2021-02-19,2021,2,8,1002.0,1246.0,57.77,9.1,oeste,3.8114551627843327,0.1810253849791156,3.579404064615913,81.89444698863122,12.61804491650088,6.348281752401929,26.24,29.32,28.9,67.94,81.52,96.01,0.0,104.11,462.82,50,38.11586552890423,11.811368124862224,50,7,983.0,1007.0,1196.0,1217.0,981.0,1243.5714285714287
2021-02-20,2021,2,8,964.0,1241.0,56.92,9.29,oeste,3.8114551627843327,0.1810253849791156,3.579404064615913,81.89444698863122,12.61804491650088,6.590910830570157,26.09,29.01,29.7,72.24,82.7,91.89,0.0,107.54,460.87,51,38.13008130573993,13.764959351372111,51,7,981.0,999.0,1283.0,1251.0,978.5714285714286,1237.5714285714287
2021-02-21,2021,2,8,961.0,1282.0,57.38,8.96,oeste,3.8114551627843327,0.1810253849791156,3.579404064615913,81.89444698863122,12.61804491650088,6.628534911366344,27.76,28.67,29.45,67.84,86.58,93.9,0.0,103.0,456.58,52,38.14289417821506,9.421294862019112,52,7,967.0,975.0,1233.0,1289.0,977.7142857142857,1244.5714285714287
2021-02-22,2021,2,9,975.0,1195.0,44.2,8.56,oeste,3.8114551627843327,0.1810253849791156,3.579404064615913,81.89444698863122,12.61804491650088,6.511275490413686,23.4,27.2,26.77,88.26,93.49,97.63,0.0,78.31,124.56,53,38.15425905215714,13.307962715569282,53,8,1004.0,997.0,1247.0,1241.0,973.5714285714286,1237.142857142857
2021-02-23,2021,2,9,950.0,1259.0,42.74,9.28,oeste,3.8114551627843327,0.1810253849791156,3.579404064615913,81.89444698863122,12.61804491650088,6.547107303248256,22.6,26.16,28.03,85.41,92.71,95.58,0.0,81.59,122.81,54,38.1641323149889,16.89697294229547,54,8,948.0,972.0,1255.0,1196.0,973.8571428571429,1237.7142857142858
2021-02-24,2021,2,9,932.0,1272.0,41.1,8.96,oeste,3.8114551627843327,0.1810253849791156,3.579404064615913,81.89444698863122,12.61804491650088,6.657430546147809,23.7,25.42,29.09,88.91,90.2,94.71,0.0,81.55,124.96,55,38.17247190227519,16.838300960490702,55,8,1008.0,945.0,1236.0,1279.0,963.0,1242.857142857143
2021-02-25,2021,2,9,961.0,1263.0,42.53,8.66,oeste,3.8114551627843327,0.1810253849791156,3.579404064615913,81.89444698863122,12.61804491650088,6.748310060978324,22.83,26.66,28.3,87.75,92.53,99.64,0.0,78.02,117.49,56,38.17923736230927,16.96580664489985,56,8,957.0,999.0,1205.0,1284.0,963.5714285714286,1251.142857142857
2021-02-26,2021,2,9,944.0,1231.0,42.98,8.47,oeste,3.8114551627843327,0.1810253849791156,3.579404064615913,81.89444698863122,12.61804491650088,6.7426311063648,22.47,25.8,26.85,86.18,87.47,99.51,0.0,76.78,122.1,57,38.18438991862909,15.183661472355634,57,8,1002.0,983.0,1246.0,1196.0,955.2857142857143,1249.0
2021-02-27,2021,2,9,938.0,1197.0,43.8,9.13,oeste,3.8114551627843327,0.1810253849791156,3.579404064615913,81.89444698863122,12.61804491650088,6.710702361350411,23.82,27.01,28.99,92.53,94.43,93.18,0.0,81.27,118.0,58,38.1878925303572,16.497744149454356,58,8,964.0,981.0,1241.0,1283.0,951.5714285714286,1242.7142857142858
2021-02-28,2021,2,9,962.0,1213.0,41.06,9.04,oeste,3.8114551627843327,0.1810253849791156,3.579404064615913,81.89444698863122,12.61804491650088,6.601109579468564,23.11,26.26,28.75,88.67,88.43,92.63,0.0,77.68,123.56,59,38.18970995026074,17.23215184585777,59,8,961.0,967.0,1282.0,1233.0,951.7142857142857,1232.857142857143
2021-03-01,2021,3,10,954.0,1217.0,44.6,9.02,oeste,3.8114551627843327,0.1810253849791156,3.579404064615913,81.89444698863122,12.61804491650088,6.294716087902491,22.4,25.42,28.8,86.01,88.39,92.82,0.0,99.57,250.81,60,38.18980878043198,18.35655043117427,60,9,975.0,1004.0,1195.0,1247.0,948.7142857142857,1236.0
2021-03-02,2021,3,10,940.0,1178.0,43.69,8.68,oeste,3.8114551627843327,0.1810253849791156,3.579404064615913,81.89444698863122,12.61804491650088,6.651956799971433,23.63,25.08,27.9,86.47,93.67,94.84,0.0,98.88,252.04,61,38.188157525493125,14.9932659243976,61,9,950.0,948.0,1259.0,1255.0,947.2857142857143,1224.4285714285713
2021-03-03,2021,3,10,983.0,1288.0,43.44,8.87,oeste,3.8114551627843327,0.1810253849791156,3.579404064615913,81.89444698863122,12.61804491650088,6.505968585091425,21.9,25.75,28.41,91.94,93.54,92.22,0.0,96.93,238.47,62,38.18472664323334,18.511166245787265,62,9,932.0,1008.0,1272.0,1236.0,954.5714285714286,1226.7142857142858
2021-03-04,2021,3,10,957.0,1207.0,44.11,9.27,oeste,3.8114551627843327,0.1810253849791156,3.579404064615913,81.89444698863122,12.61804491650088,6.87079534967695,22.5,27.59,27.82,93.09,90.36,98.02,0.0,99.19,255.9,63,38.1794885925903,16.73167899700956,63,9,961.0,957.0,1263.0,1205.0,954.0,1218.7142857142858
2021-03-05,2021,3,10,984.0,1277.0,43.78,9.04,oeste,3.8114551627843327,0.1810253849791156,3.579404064615913,81.89444698863122,12.61804491650088,6.735407513996946,22.58,26.51,27.02,89.04,90.16,94.25,0.0,91.54,249.58,64,38.17241787889271,15.282512351886323,64,9,944.0,1002.0,1231.0,1246.0,959.7142857142857,1225.2857142857142
2021-03-06,2021,3,10,941.0,1213.0,42.52,8.85,oeste,3.8114551627843327,0.1810253849791156,3.579404064615913,81.89444698863122,12.61804491650088,6.539027580409037,22.48,26.12,27.4,87.56,91.84,98.84,0.0,95.92,256.73,65,38.16349109628534,16.08363646618456,65,9,938.0,964.0,1197.0,1241.0,960.1428571428571,1227.5714285714287
2021-03-07,2021,3,10,903.0,1250.0,42.37,8.66,oeste,3.8114551627843327,0.1810253849791156,3.579404064615913,81.89444698863122,12.61804491650088,6.7791803478717165,23.24,27.21,28.51,88.19,92.87,96.02,0.0,96.85,257.82,66,38.152686967262966,16.64117692154942,66,9,962.0,961.0,1213.0,1282.0,951.7142857142857,1232.857142857143
2021-03-08,2021,3,11,921.0,1246.0,44.9,8.71,oeste,3.8114551627843327,0.1810253849791156,3.579404064615913,81.89444698863122,12.61804491650088,6.743850330775914,22.2,25.72,27.98,89.08,89.26,96.64,0.0,109.04,258.03,67,38.13998637924461,17.42200178001967,67,10,954.0,975.0,1217.0,1195.0,947.0,1237.0
2021-03-09,2021,3,11,975.0,1199.0,42.5,8.58,oeste,3.8114551627843327,0.1810253849791156,3.579404064615913,81.89444698863122,12.61804491650088,6.367239589473634,24.05,27.22,29.28,87.78,90.55,92.4,0.0,104.28,247.35,68,38.125372418124975,16.56603368309925,68,10,940.0,950.0,1178.0,1259.0,952.0,1240.0
2021-03-10,2021,3,11,914.0,1260.0,43.67,9.15,oeste,3.8114551627843327,0.1810253849791156,3.579404064615913,81.89444698863122,12.61804491650088,6.784960558922013,22.07,25.62,28.74,86.55,94.71,96.77,0.0,108.09,250.81,69,38.10883039874548,18.70002288050913,69,10,983.0,932.0,1288.0,1272.0,942.1428571428571,1236.0
2021-03-11,2021,3,11,987.0,1230.0,42.56,8.85,oeste,3.8114551627843327,0.1810253849791156,3.579404064615913,81.89444698863122,12.61804491650088,6.716697664986508,22.18,25.52,29.12,85.78,89.27,94.08,0.0,101.95,241.54,70,38.09034789223307,19.06550334178457,70,10,957.0,961.0,1207.0,1263.0,946.4285714285714,1239.2857142857142
2021-03-12,2021,3,11,951.0,1232.0,41.05,8.53,oeste,3.8114551627843327,0.1810253849791156,3.579404064615913,81.89444698863122,12.61804491650088,6.733852009367425,23.59,27.32,27.36,90.4,88.96,94.75,0.0,107.66,247.9,71,38.06991475016074,14.04449669874909,71,10,984.0,944.0,1277.0,1231.0,941.7142857142857,1232.857142857143
2021-03-13,2021,3,11,967.0,1254.0,41.43,8.56,oeste,3.8114551627843327,0.1810253849791156,3.579404064615913,81.89444698863122,12.61804491650088,6.390550450062009,22.55,26.88,28.41,86.74,90.12,92.52,0.0,105.3,257.05,72,38.04752312548959,17.499627271044716,72,10,941.0,938.0,1213.0,1197.0,945.4285714285714,1238.7142857142858
2021-03-14,2021,3,11,947.0,1209.0,41.28,9.3,oeste,3.8114551627843327,0.1810253849791156,3.579404064615913,81.89444698863122,12.61804491650088,6.89968529213736,23.94,26.69,26.87,91.39,89.21,99.62,0.0,104.48,261.53,73,38.02316749025859,12.366183986493128,73,10,903.0,962.0,1250.0,1213.0,951.7142857142857,1232.857142857143
2021-03-15,2021,3,12,950.0,1226.0,43.27,9.1,oeste,3.8114551627843327,0.1810253849791156,3.579404064615913,81.89444698863122,12.61804491650088,6.361545177070765,22.43,25.34,27.63,88.03,93.01,91.04,0.0,53.68,88.76,74,37.99684464999441,16.462766030468647,74,11,921.0,954.0,1246.0,1217.0,955.8571428571429,1230.0
2021-03-16,2021,3,12,928.0,1234.0,44.42,8.53,oeste,3.8114551627843327,0.1810253849791156,3.579404064615913,81.89444698863122,12.61804491650088,6.761359209437586,22.92,27.07,28.58,93.08,96.05,90.27,0.0,55.96,93.48,75,37.96855375481967,17.1627102857811,75,11,975.0,940.0,1199.0,1178.0,949.1428571428571,1235.0
2021-03-17,2021,3,12,942.0,1205.0,41.36,8.75,oeste,3.8114551627843327,0.1810253849791156,3.579404064615913,81.89444698863122,12.61804491650088,6.592648695563915,22.13,26.21,27.02,86.16,88.59,97.74,0.0,57.18,88.69,76,37.938296307244514,15.939909622622336,76,11,914.0,983.0,1260.0,1288.0,953.1428571428571,1227.142857142857
2021-03-18,2021,3,12,920.0,1264.0,43.0,9.12,oeste,3.8114551627843327,0.1810253849791156,3.579404064615913,81.89444698863122,12.61804491650088,6.895628398218042,23.8,25.99,28.17,88.76,88.63,91.1,0.0,53.62,86.8,77,37.90607616663306,15.055776196432973,77,11,987.0,957.0,1230.0,1207.0,943.5714285714286,1232.0
2021-03-19,2021,3,12,935.0,1259.0,44.92,8.67,oeste,3.8114551627843327,0.1810253849791156,3.579404064615913,81.89444698863122,12.61804491650088,6.734433360918824,23.88,27.12,29.12,92.48,89.47,91.51,0.0,54.08,89.82,78,37.87189955034202,16.47162070430128,78,11,951.0,984.0,1232.0,1277.0,941.2857142857143,1235.857142857143
2021-03-20,2021,3,12,995.0,1162.0,43.47,8.57,oeste,3.8114551627843327,0.1810253849791156,3.579404064615913,81.89444698863122,12.61804491650088,6.357944336665956,23.74,25.51,26.9,92.41,93.97,97.45,0.0,56.0,88.25,79,37.83577503153597,12.779085527584051,79,11,967.0,941.0,1254.0,1213.0,945.2857142857143,1222.7142857142858
2021-03-21,2021,3,12,992.0,1280.0,43.28,9.2,oeste,3.8114551627843327,0.1810253849791156,3.579404064615913,81.89444698863122,12.61804491650088,6.836191655364245,22.72,25.29,27.84,88.56,87.65,90.28,0.0,54.3,93.31,80,37.79771353368969,16.250027888235262,80,11,947.0,903.0,1209.0,1250.0,951.7142857142857,1232.857142857143
2021-03-22,2021,3,13,986.0,1241.0,41.2,9.09,oeste,3.8114551627843327,0.1810253849791156,3.579404064615913,81.89444698863122,12.61804491650088,6.409154660598161,23.6,25.15,27.08,91.66,91.37,94.31,0.0,80.26,176.63,81,37.75772832179421,13.382864481155016,81,12,950.0,921.0,1226.0,1246.0,956.8571428571429,1235.0
2021-03-23,2021,3,13,921.0,1258.0,44.23,9.1,oeste,3.8114551627843327,0.1810253849791156,3.579404064615913,81.89444698863122,12.61804491650088,6.661310977175114,22.76,25.32,28.44,86.61,94.12,93.0,0.0,77.44,184.73,82,37.71583499029042,17.078569673426102,82,12,928.0,975.0,1234.0,1199.0,955.8571428571429,1238.4285714285713
2021-03-24,2021,3,13,970.0,1182.0,41.13,8.92,oeste,3.8114551627843327,0.1810253849791156,3.579404064615913,81.89444698863122,12.61804491650088,6.454524539519088,23.78,26.43,26.99,85.49,95.46,94.83,0.0,79.38,186.51,83,37.67205144775879,12.82405546467287,83,12,942.0,914.0,1205.0,1260.0,959.8571428571429,1235.142857142857
2021-03-25,2021,3,13,907.0,1261.0,43.84,8.72,oeste,3.8114551627843327,0.1810253849791156,3.579404064615913,81.89444698863122,12.61804491650088,6.6411656365723095,22.54,24.95,29.24,87.03,90.91,92.05,0.0,76.08,172.0,84,37.62639789840188,18.50476806650921,84,12,920.0,987.0,1264.0,1230.0,958.0,1234.7142857142858
2021-03-26,2021,3,13,932.0,1245.0,45.07,9.3,oeste,3.8114551627843327,0.1810253849791156,3.579404064615913,81.89444698863122,12.61804491650088,6.822698540877831,23.57,26.46,28.32,93.25,92.87,94.62,0.0,83.0,184.73,85,37.57889682036032,15.561248296720796,85,12,935.0,951.0,1259.0,1232.0,957.5714285714286,1232.7142857142858
2021-03-27,2021,3,13,987.0,1223.0,42.11,9.29,oeste,3.8114551627843327,0.1810253849791156,3.579404064615913,81.89444698863122,12.61804491650088,6.610355423366576,22.14,26.01,27.61,89.14,92.62,97.54,0.0,78.25,178.0,86,37.52957294091051,16.677113582413398,86,12,995.0,967.0,1162.0,1254.0,956.4285714285714,1241.4285714285713
2021-03-28,2021,3,13,959.0,1220.0,43.44,9.13,oeste,3.8114551627843327,0.1810253849791156,3.579404064615913,81.89444698863122,12.61804491650088,6.347137043072163,22.16,27.4,27.45,88.88,94.64,91.31,0.0,78.34,177.64,87,37.47845320859714,16.378084052156947,87,12,992.0,947.0,1280.0,1209.0,951.7142857142857,1232.857142857143
2021-03-29,2021,3,14,1225.0,1484.0,52.41,6.85,sur,3.8114551627843327,0.1810253849791156,3.579404064615913,81.89444698863122,12.61804491650088,6.783273720609528,23.12,25.46,27.5,85.89,97.08,96.13,0.0,53.7,120.23,88,37.42556676235942,14.881922621827028,88,13,986.0,950.0,1241.0,1226.0,985.8571428571429,1267.5714285714287
2021-03-30,2021,3,14,1133.0,1471.0,49.38,7.39,sur,3.8114551627843327,0.1810253849791156,3.579404064615913,81.89444698863122,12.61804491650088,6.831038988097319,23.12,24.75,26.76,79.2,95.54,96.19,0.0,53.6,124.35,89,37.37094489771561,13.546851546130936,89,13,921.0,928.0,1258.0,1234.0,1016.1428571428571,1298.0
2021-03-31,2021,3,14,1124.0,1437.0,51.69,7.19,sur,3.8114551627843327,0.1810253849791156,3.579404064615913,81.89444698863122,12.61804491650088,6.27218637810613,24.13,24.43,28.46,79.69,88.52,93.46,0.0,54.19,119.38,90,37.31462103007519,14.752872340106103,90,13,970.0,942.0,1182.0,1205.0,1038.142857142857,1334.4285714285713
2021-04-01,2021,4,14,1174.0,1452.0,50.61,7.05,sur,3.8114551627843327,0.1810253849791156,3.579404064615913,81.89444698863122,12.61804491650088,6.277572550018978,23.99,25.3,26.74,79.46,90.45,99.26,0.0,55.24,129.89,91,37.256630655253694,11.73879515945129,91,13,907.0,920.0,1261.0,1264.0,1076.2857142857142,1361.7142857142858
2021-04-02,2021,4,14,1129.0,1423.0,52.17,7.06,sur,3.8114551627843327,0.1810253849791156,3.579404064615913,81.89444698863122,12.61804491650088,6.492206191078399,23.71,25.71,28.25,86.93,95.85,94.6,0.0,55.28,126.81,92,37.19701130726928,15.058772564878948,92,13,932.0,935.0,1245.0,1259.0,1104.4285714285713,1387.142857142857
2021-04-03,2021,4,14,1137.0,1451.0,47.66,7.25,sur,3.8114551627843327,0.1810253849791156,3.579404064615913,81.89444698863122,12.61804491650088,6.9266140240960805,23.98,24.8,28.25,79.87,93.24,100.67,0.0,54.48,124.98,93,37.13580251350512,14.580094942501558,93,13,987.0,995.0,1223.0,1162.0,1125.857142857143,1419.7142857142858
2021-04-04,2021,4,14,1213.0,1438.0,48.54,7.45,sur,3.8114551627843327,0.1810253849791156,3.579404064615913,81.89444698863122,12.61804491650088,6.351289862496491,22.81,24.52,26.65,81.32,91.4,99.42,0.0,54.85,122.41,94,37.073045747326205,13.803126884354674,94,13,959.0,992.0,1220.0,1280.0,1162.142857142857,1450.857142857143
2021-04-05,2021,4,15,1122.0,1507.0,49.22,6.93,sur,3.8114551627843327,0.1810253849791156,3.579404064615913,81.89444698863122,12.61804491650088,6.620454917900553,22.39,26.91,29.17,84.25,89.02,97.93,0.0,28.29,85.58,95,37.00878437824253,18.30936438967001,95,14,1225.0,986.0,1484.0,1241.0,1147.4285714285713,1454.142857142857
2021-04-06,2021,4,15,1142.0,1398.0,49.45,7.16,sur,3.8114551627843327,0.1810253849791156,3.579404064615913,81.89444698863122,12.61804491650088,6.476777429360697,23.28,25.93,27.04,83.19,94.76,100.76,0.0,28.96,90.28,96,36.94306361971505,13.610699048921234,96,14,1133.0,921.0,1471.0,1258.0,1148.7142857142858,1443.7142857142858
2021-04-07,2021,4,15,1216.0,1420.0,52.1,7.28,sur,3.8114551627843327,0.1810253849791156,3.579404064615913,81.89444698863122,12.61804491650088,6.452215371763408,23.73,25.46,29.14,79.54,90.52,92.15,0.0,28.44,89.83,97,36.87593047470398,16.296533022146928,97,14,1124.0,970.0,1437.0,1182.0,1161.857142857143,1441.2857142857142
2021-04-08,2021,4,15,1193.0,1444.0,49.23,7.48,sur,3.8114551627843327,0.1810253849791156,3.579404064615913,81.89444698863122,12.61804491650088,6.827551454432739,24.08,26.87,29.12,83.45,95.79,100.71,0.0,26.81,89.01,98,36.80743367906239,15.700171896933956,98,14,1174.0,907.0,1452.0,1261.0,1164.5714285714287,1440.142857142857
2021-04-09,2021,4,15,1157.0,1465.0,48.65,7.54,sur,3.8114551627843327,0.1810253849791156,3.579404064615913,81.89444698863122,12.61804491650088,6.767406992714821,23.09,26.07,27.41,78.91,96.8,96.81,0.0,28.31,84.23,99,36.73762364288063,14.507966199329337,99,14,1129.0,932.0,1423.0,1245.0,1168.5714285714287,1446.142857142857
2021-04-10,2021,4,15,1174.0,1399.0,51.03,7.17,sur,3.8114551627843327,0.1810253849791156,3.579404064615913,81.89444698863122,12.61804491650088,6.4701103080772,22.5,26.55,27.14,84.38,88.54,99.66,0.0,28.2,85.13,100,36.666552389890384,15.006612492203336,100,14,1137.0,987.0,1451.0,1223.0,1173.857142857143,1438.7142857142858
2021-04-11,2021,4,15,1131.0,1523.0,52.12,7.24,sur,3.8114551627843327,0.1810253849791156,3.579404064615913,81.89444698863122,12.61804491650088,6.415795284400479,22.66,25.02,28.16,79.24,93.36,92.87,0.0,28.55,85.84,101,36.59427349503859,16.306023926439693,101,14,1213.0,959.0,1438.0,1220.0,1162.142857142857,1450.857142857143
2021-04-12,2021,4,16,1186.0,1412.0,47.98,7.29,sur,3.8114551627843327,0.1810253849791156,3.579404064615913,81.89444698863122,12.61804491650088,6.8737014067797775,21.87,26.74,28.24,82.38,92.77,98.1,0.0,49.75,207.69,102,36.52084202034448,17.513143214153754,102,15,1122.0,1225.0,1507.0,1484.0,1171.2857142857142,1437.2857142857142
2021-04-13,2021,4,16,1121.0,1415.0,50.23,7.39,sur,3.8114551627843327,0.1810253849791156,3.579404064615913,81.89444698863122,12.61804491650088,6.628345880771096,23.89,26.37,29.15,80.55,89.59,97.04,0.0,48.83,192.32,103,36.44631444915352,15.881813465679535,103,15,1142.0,1133.0,1398.0,1471.0,1168.2857142857142,1439.7142857142858
2021-04-14,2021,4,16,1201.0,1517.0,49.62,6.98,sur,3.8114551627843327,0.1810253849791156,3.579404064615913,81.89444698863122,12.61804491650088,6.698148588768759,22.29,26.33,27.56,85.88,91.91,100.66,0.0,50.9,194.47,104,36.3707486189048,15.86394329331856,104,15,1216.0,1124.0,1420.0,1437.0,1166.142857142857,1453.5714285714287
2021-04-15,2021,4,16,1124.0,1508.0,52.33,6.96,sur,3.8114551627843327,0.1810253849791156,3.579404064615913,81.89444698863122,12.61804491650088,6.68874777902173,22.89,25.55,28.16,83.67,92.2,96.39,0.0,52.14,199.77,105,36.29420365252813,15.830556435689866,105,15,1193.0,1174.0,1444.0,1452.0,1156.2857142857142,1462.7142857142858
2021-04-16,2021,4,16,1207.0,1468.0,49.15,7.5,sur,3.8114551627843327,0.1810253849791156,3.579404064615913,81.89444698863122,12.61804491650088,6.627786053871158,23.27,25.49,28.56,85.56,87.72,95.24,0.0,52.2,203.43,106,36.21673988858884,15.826715331313322,106,15,1157.0,1129.0,1465.0,1423.0,1163.4285714285713,1463.142857142857
2021-04-17,2021,4,16,1163.0,1429.0,50.89,7.2,sur,3.8114551627843327,0.1810253849791156,3.579404064615913,81.89444698863122,12.61804491650088,6.60536612875249,23.64,24.98,29.33,81.21,90.63,96.3,0.0,47.83,199.41,107,36.1384188102982,16.37867935413951,107,15,1174.0,1137.0,1399.0,1451.0,1161.857142857143,1467.4285714285713
2021-04-18,2021,4,16,1133.0,1407.0,52.19,7.35,sur,3.8114551627843327,0.1810253849791156,3.579404064615913,81.89444698863122,12.61804491650088,6.327780688547631,22.8,26.61,29.3,86.86,87.67,93.14,0.0,47.93,210.87,108,36.05930297350803,17.46737350330482,108,15,1131.0,1213.0,1523.0,1438.0,1162.142857142857,1450.857142857143
2021-04-19,2021,4,17,1199.0,1418.0,48.87,7.29,sur,3.8114551627843327,0.1810253849791156,3.579404064615913,81.89444698863122,12.61804491650088,6.687529269877841,22.92,26.06,27.46,80.74,96.43,98.97,0.0,26.41,58.95,109,35.97945593380731,14.565859591235636,109,16,1186.0,1122.0,1412.0,1507.0,1164.0,1451.7142857142858
2021-04-20,2021,4,17,1170.0,1424.0,51.82,7.06,sur,3.8114551627843327,0.1810253849791156,3.579404064615913,81.89444698863122,12.61804491650088,6.657769595050218,23.86,25.44,28.39,82.8,90.41,95.64,0.0,28.0,59.32,110,35.89894217283866,14.517249920566304,110,16,1121.0,1142.0,1415.0,1398.0,1171.0,1453.0
2021-04-21,2021,4,17,1128.0,1486.0,47.77,7.48,sur,3.8114551627843327,0.1810253849791156,3.579404064615913,81.89444698863122,12.61804491650088,6.622507928434999,23.29,24.86,28.29,80.01,96.86,97.01,0.0,26.04,59.14,111,35.81782702395176,15.217308246058174,111,16,1201.0,1216.0,1517.0,1420.0,1160.5714285714287,1448.5714285714287
2021-04-22,2021,4,17,1171.0,1507.0,49.48,6.94,sur,3.8114551627843327,0.1810253849791156,3.579404064615913,81.89444698863122,12.61804491650088,6.913135158466646,23.98,24.65,29.28,79.6,92.56,92.54,0.0,28.05,60.79,112,35.73617659730955,15.631462798584918,112,16,1124.0,1193.0,1508.0,1444.0,1167.2857142857142,1448.4285714285713
2021-04-23,2021,4,17,1151.0,1445.0,47.91,7.11,sur,3.8114551627843327,0.1810253849791156,3.579404064615913,81.89444698863122,12.61804491650088,6.858629272130927,23.66,26.67,27.89,85.4,95.0,94.88,0.0,28.43,58.68,113,35.65405770456217,13.93261856933902,113,16,1207.0,1157.0,1468.0,1465.0,1159.2857142857142,1445.142857142857
2021-04-24,2021,4,17,1156.0,1391.0,49.67,6.86,sur,3.8114551627843327,0.1810253849791156,3.579404064615913,81.89444698863122,12.61804491650088,6.552803116466088,23.34,25.33,28.44,79.94,88.24,95.94,0.0,26.55,58.6,114,35.571537783201656,15.26305008906115,114,16,1163.0,1174.0,1429.0,1399.0,1158.2857142857142,1439.7142857142858
2021-04-25,2021,4,17,1160.0,1485.0,50.37,7.15,sur,3.8114551627843327,0.1810253849791156,3.579404064615913,81.89444698863122,12.61804491650088,6.432857841986978,23.75,26.4,27.78,81.24,91.89,92.5,0.0,26.26,57.91,115,35.488684820709075,13.536177140331112,115,16,1133.0,1131.0,1407.0,1523.0,1162.142857142857,1450.857142857143
2021-04-26,2021,4,18,966.0,1142.0,21.87,6.7,norte,3.8114551627843327,0.1810253849791156,3.579404064615913,81.89444698863122,12.61804491650088,6.718840592903665,23.4,27.6,29.35,79.3,89.82,92.19,0.0,4.59,31.06,116,35.40556727860358,16.409057656334358,116,17,1199.0,1186.0,1418.0,1412.0,1128.857142857143,1411.4285714285713
2021-04-27,2021,4,18,962.0,1163.0,21.75,6.5,norte,3.8114551627843327,0.1810253849791156,3.579404064615913,81.89444698863122,12.61804491650088,6.892835677651472,24.64,27.49,29.65,80.89,85.82,94.79,0.0,4.36,32.27,117,35.32225401650027,15.021761875609416,117,17,1170.0,1121.0,1424.0,1415.0,1099.142857142857,1374.142857142857
2021-04-28,2021,4,18,944.0,1173.0,22.34,6.46,norte,3.8114551627843327,0.1810253849791156,3.579404064615913,81.89444698863122,12.61804491650088,6.873049099830473,25.04,26.02,28.5,74.59,83.61,88.77,0.0,4.65,31.2,118,35.23881421628238,12.454116855989245,118,17,1128.0,1201.0,1486.0,1517.0,1072.857142857143,1329.4285714285713
2021-04-29,2021,4,18,944.0,1190.0,21.11,6.44,norte,3.8114551627843327,0.1810253849791156,3.579404064615913,81.89444698863122,12.61804491650088,6.710979667009743,24.96,26.96,29.44,79.84,87.1,93.51,0.0,4.45,30.99,119,35.15531730648941,14.13785848188948,119,17,1171.0,1124.0,1507.0,1508.0,1040.4285714285713,1284.142857142857
2021-04-30,2021,4,18,976.0,1150.0,21.61,6.22,norte,3.8114551627843327,0.1810253849791156,3.579404064615913,81.89444698863122,12.61804491650088,6.627850046996016,22.93,26.26,29.87,79.64,86.52,95.04,0.0,4.73,32.62,120,35.071832887020726,17.554634811995225,120,17,1151.0,1207.0,1445.0,1468.0,1015.4285714285714,1242.0
2021-05-01,2021,5,18,980.0,1119.0,22.46,6.52,norte,3.8114551627843327,0.1810253849791156,3.579404064615913,81.89444698863122,12.61804491650088,6.730945695879059,25.0,26.21,28.62,77.86,87.38,90.55,0.0,4.57,32.68,121,34.98843065425123,12.648305583155189,121,17,1156.0,1163.0,1391.0,1429.0,990.2857142857143,1203.142857142857
2021-05-02,2021,5,18,1003.0,1179.0,21.6,6.33,norte,3.8114551627843327,0.1810253849791156,3.579404064615913,81.89444698863122,12.61804491650088,6.50461057105278,24.22,27.88,28.44,78.1,89.88,93.45,0.0,4.75,31.75,122,34.90518032665224,13.62384557915101,122,17,1160.0,1133.0,1485.0,1407.0,967.8571428571429,1159.4285714285713
2021-05-03,2021,5,19,955.0,1146.0,22.01,6.79,norte,3.8114551627843327,0.1810253849791156,3.579404064615913,81.89444698863122,12.61804491650088,6.402880027633556,24.28,28.31,30.32,75.68,86.03,92.57,0.0,6.09,43.79,123,34.82215157100733,16.260266970318135,123,18,966.0,1199.0,1142.0,1418.0,966.2857142857143,1160.0
2021-05-04,2021,5,19,938.0,1212.0,21.31,6.36,norte,3.8114551627843327,0.1810253849791156,3.579404064615913,81.89444698863122,12.61804491650088,6.772448030156854,23.55,27.93,30.32,77.17,88.96,96.39,0.0,6.07,40.54,124,34.73941392931027,17.173959037697095,124,18,962.0,1170.0,1163.0,1424.0,962.8571428571429,1167.0
2021-05-05,2021,5,19,940.0,1153.0,21.23,6.61,norte,3.8114551627843327,0.1810253849791156,3.579404064615913,81.89444698863122,12.61804491650088,6.774152326695078,24.77,26.68,27.93,74.24,85.5,94.44,0.0,6.17,43.46,125,34.657036746427444,11.705462260151313,125,18,944.0,1128.0,1173.0,1486.0,962.2857142857143,1164.142857142857
2021-05-06,2021,5,19,996.0,1114.0,22.58,6.64,norte,3.8114551627843327,0.1810253849791156,3.579404064615913,81.89444698863122,12.61804491650088,6.393464756733231,23.08,27.98,28.75,81.51,83.83,96.56,0.0,5.95,40.0,126,34.57508909860481,15.642581930490294,126,18,944.0,1171.0,1190.0,1507.0,969.7142857142857,1153.2857142857142
2021-05-07,2021,5,19,997.0,1200.0,22.03,6.4,norte,3.8114551627843327,0.1810253849791156,3.579404064615913,81.89444698863122,12.61804491650088,6.763804156159239,25.07,27.1,28.98,80.76,85.1,92.47,0.0,6.28,40.27,127,34.49363972289474,12.95928385584307,127,18,976.0,1151.0,1150.0,1445.0,972.7142857142857,1160.4285714285713
2021-05-08,2021,5,19,942.0,1165.0,20.9,6.64,norte,3.8114551627843327,0.1810253849791156,3.579404064615913,81.89444698863122,12.61804491650088,6.895090326803339,24.54,26.32,29.37,77.76,87.04,89.92,0.0,5.93,41.38,128,34.41275694757495,14.369664666362436,128,18,980.0,1156.0,1119.0,1391.0,967.2857142857143,1167.0
2021-05-09,2021,5,19,1007.0,1126.0,21.75,6.66,norte,3.8114551627843327,0.1810253849791156,3.579404064615913,81.89444698863122,12.61804491650088,6.915899157551952,24.42,27.66,29.75,74.32,89.31,89.3,0.0,5.71,40.03,129,34.332508623627625,15.059922719770077,129,18,1003.0,1160.0,1179.0,1485.0,967.8571428571429,1159.4285714285713
2021-05-10,2021,5,20,976.0,1140.0,22.08,6.76,norte,3.8114551627843327,0.1810253849791156,3.579404064615913,81.89444698863122,12.61804491650088,6.547331088183364,24.26,27.62,27.79,80.67,83.85,93.83,0.0,16.05,117.73,130,34.252962057343225,12.22753985700021,130,19,955.0,966.0,1146.0,1142.0,970.8571428571429,1158.5714285714287
2021-05-11,2021,5,20,920.0,1204.0,20.93,6.33,norte,3.8114551627843327,0.1810253849791156,3.579404064615913,81.89444698863122,12.61804491650088,6.374263018162431,24.16,28.39,28.85,78.66,82.72,96.18,0.0,17.23,112.67,131,34.17418394410936,14.061711228781936,131,19,938.0,962.0,1212.0,1163.0,968.2857142857143,1157.4285714285713
2021-05-12,2021,5,20,993.0,1135.0,22.76,6.32,norte,3.8114551627843327,0.1810253849791156,3.579404064615913,81.89444698863122,12.61804491650088,6.435870482686676,24.45,26.36,29.2,81.39,87.18,93.41,0.0,16.46,120.69,132,34.09624030344148,14.119096254551105,132,19,940.0,944.0,1153.0,1173.0,975.8571428571429,1154.857142857143
2021-05-13,2021,5,20,988.0,1149.0,21.89,6.52,norte,3.8114551627843327,0.1810253849791156,3.579404064615913,81.89444698863122,12.61804491650088,6.787474570020677,23.65,26.61,29.88,74.88,90.43,88.42,0.0,16.62,116.78,133,34.01919641530805,16.13324299116406,133,19,996.0,944.0,1114.0,1190.0,974.7142857142857,1159.857142857143
2021-05-14,2021,5,20,971.0,1143.0,21.53,6.51,norte,3.8114551627843327,0.1810253849791156,3.579404064615913,81.89444698863122,12.61804491650088,6.473313323128068,24.39,28.0,28.44,77.63,84.0,92.96,0.0,17.03,112.43,134,33.943116757799416,12.978748911009454,134,19,997.0,976.0,1200.0,1150.0,971.0,1151.7142857142858
2021-05-15,2021,5,20,993.0,1174.0,22.86,6.71,norte,3.8114551627843327,0.1810253849791156,3.579404064615913,81.89444698863122,12.61804491650088,6.8243283195902364,24.51,27.79,30.14,80.55,84.49,89.7,0.0,16.59,120.91,135,33.86806494618528,15.268563594668596,135,19,942.0,980.0,1165.0,1119.0,978.2857142857143,1153.0
2021-05-16,2021,5,20,934.0,1171.0,22.75,6.47,norte,3.8114551627843327,0.1810253849791156,3.579404064615913,81.89444698863122,12.61804491650088,6.450943851259579,24.39,27.38,29.5,80.63,88.16,92.32,0.0,15.95,119.54,136,33.79410367340253,14.514597033607636,136,19,1007.0,1003.0,1126.0,1179.0,967.8571428571429,1159.4285714285713
2021-05-17,2021,5,21,952.0,1180.0,21.83,6.6,norte,3.8114551627843327,0.1810253849791156,3.579404064615913,81.89444698863122,12.61804491650088,6.604392181058489,23.29,28.1,28.94,80.37,89.19,93.74,0.0,23.85,162.7,137,33.72129465201088,15.229374447219536,137,20,976.0,955.0,1140.0,1146.0,964.4285714285714,1165.142857142857
2021-05-18,2021,5,21,953.0,1148.0,21.65,6.2,norte,3.8114551627843327,0.1810253849791156,3.579404064615913,81.89444698863122,12.61804491650088,6.786910965506027,24.01,27.78,28.03,74.14,84.52,92.39,0.0,23.79,172.48,138,33.64969855765084,12.8188128061065,138,20,920.0,938.0,1204.0,1212.0,969.1428571428571,1157.142857142857
2021-05-19,2021,5,21,955.0,1167.0,22.53,6.22,norte,3.8114551627843327,0.1810253849791156,3.579404064615913,81.89444698863122,12.61804491650088,6.383858286890787,22.97,26.1,30.0,79.84,85.95,95.92,0.0,24.81,169.07,139,33.57937497403438,16.916241306991264,139,20,993.0,940.0,1135.0,1153.0,963.7142857142857,1161.7142857142858
2021-05-20,2021,5,21,991.0,1193.0,21.85,6.78,norte,3.8114551627843327,0.1810253849791156,3.579404064615913,81.89444698863122,12.61804491650088,6.581676447789155,23.87,26.02,27.64,76.58,89.07,89.09,0.0,23.79,162.95,140,33.510382339495884,12.362424692292818,140,20,988.0,996.0,1149.0,1114.0,964.1428571428571,1168.0
2021-05-21,2021,5,21,1003.0,1118.0,21.42,6.22,norte,3.8114551627843327,0.1810253849791156,3.579404064615913,81.89444698863122,12.61804491650088,6.378764190500282,23.75,27.93,28.93,81.03,85.78,87.77,0.0,24.39,164.83,141,33.442777895126866,14.461749192829837,141,20,971.0,997.0,1143.0,1200.0,968.7142857142857,1164.4285714285713
2021-05-22,2021,5,21,970.0,1169.0,21.73,6.34,norte,3.8114551627843327,0.1810253849791156,3.579404064615913,81.89444698863122,12.61804491650088,6.270677559200414,24.09,28.01,28.87,79.72,89.32,92.01,0.0,24.48,172.63,142,33.37661763451573,13.86468071155585,142,20,993.0,942.0,1174.0,1165.0,965.4285714285714,1163.7142857142858
2021-05-23,2021,5,21,951.0,1141.0,23.1,6.78,norte,3.8114551627843327,0.1810253849791156,3.579404064615913,81.89444698863122,12.61804491650088,6.702901139944606,23.33,26.69,30.27,80.93,82.85,89.73,0.0,24.13,162.55,143,33.31195625510986,16.673757223222484,143,20,934.0,1007.0,1171.0,1126.0,967.8571428571429,1159.4285714285713
2021-05-24,2021,5,22,839.0,1012.0,15.46,5.81,este,3.8114551627843327,0.1810253849791156,3.579404064615913,81.89444698863122,12.61804491650088,6.68285167747788,26.86,26.66,28.45,70.79,88.8,94.24,0.0,11.76,81.49,144,33.24884711121499,7.965788184396938,144,21,952.0,976.0,1180.0,1140.0,951.7142857142857,1135.4285714285713
2021-05-25,2021,5,22,788.0,1032.0,16.6,5.8,este,3.8114551627843327,0.1810253849791156,3.579404064615913,81.89444698863122,12.61804491650088,6.600526955326924,26.46,27.37,28.26,77.49,82.17,95.25,0.0,11.86,84.04,145,33.18734216864364,8.459843451306103,145,21,953.0,920.0,1148.0,1204.0,928.1428571428571,1118.857142857143
2021-05-26,2021,5,22,840.0,1001.0,15.27,5.44,este,3.8114551627843327,0.1810253849791156,3.579404064615913,81.89444698863122,12.61804491650088,6.37252281979568,27.16,27.46,30.22,77.02,86.25,92.78,0.0,12.32,87.0,146,33.12749196102216,11.010394285230891,146,21,955.0,993.0,1167.0,1135.0,911.7142857142857,1095.142857142857
2021-05-27,2021,5,22,823.0,962.0,16.62,5.67,este,3.8114551627843327,0.1810253849791156,3.579404064615913,81.89444698863122,12.61804491650088,6.275360191752409,25.95,28.57,29.98,70.39,85.45,87.99,0.0,11.77,84.2,147,33.06934554776287,12.613387098192115,147,21,991.0,988.0,1193.0,1149.0,887.7142857142857,1062.142857142857
2021-05-28,2021,5,22,797.0,956.0,16.37,5.44,este,3.8114551627843327,0.1810253849791156,3.579404064615913,81.89444698863122,12.61804491650088,6.920212590366795,26.34,26.35,28.97,72.3,84.61,90.34,0.0,11.58,86.41,148,33.012950473706034,10.172221668534268,148,21,1003.0,971.0,1118.0,1143.0,858.2857142857143,1039.0
2021-05-29,2021,5,22,778.0,991.0,16.17,5.46,este,3.8114551627843327,0.1810253849791156,3.579404064615913,81.89444698863122,12.61804491650088,6.699434728360614,26.92,26.05,28.83,76.06,83.81,87.57,0.0,11.6,86.13,149,32.95835273043358,8.654376442981507,149,21,970.0,993.0,1169.0,1174.0,830.8571428571429,1013.5714285714286
2021-05-30,2021,5,22,813.0,1003.0,16.51,5.62,este,3.8114551627843327,0.1810253849791156,3.579404064615913,81.89444698863122,12.61804491650088,6.5575955677207896,25.06,27.57,30.44,71.43,84.51,92.17,0.0,12.25,81.24,150,32.90559671925526,14.501552847393937,150,21,951.0,934.0,1141.0,1171.0,811.1428571428571,993.8571428571429
2021-05-31,2021,5,23,829.0,1024.0,16.38,5.55,este,3.8114551627843327,0.1810253849791156,3.579404064615913,81.89444698863122,12.61804491650088,6.685936552108832,25.06,24.49,27.77,74.28,79.61,80.01,0.0,5.89,42.13,151,32.85472521586502,10.27628370527094,151,22,839.0,952.0,1012.0,1180.0,809.7142857142857,995.5714285714286
2021-06-01,2021,6,23,796.0,958.0,15.85,5.82,este,3.8114551627843327,0.1810253849791156,3.579404064615913,81.89444698863122,12.61804491650088,6.51091963985841,24.7,24.88,26.97,72.64,77.54,77.58,0.0,5.6,41.57,152,32.805779336664905,9.391109164059372,152,22,788.0,953.0,1032.0,1148.0,810.8571428571429,985.0
2021-06-02,2021,6,23,774.0,1029.0,15.92,5.41,este,3.8114551627843327,0.1810253849791156,3.579404064615913,81.89444698863122,12.61804491650088,6.795192281309473,24.08,26.01,27.79,71.29,77.82,82.81,0.0,5.82,39.17,153,32.75879850675103,11.988601389841085,153,22,840.0,955.0,1001.0,1167.0,801.4285714285714,989.0
2021-06-03,2021,6,23,823.0,1010.0,15.7,5.33,este,3.8114551627843327,0.1810253849791156,3.579404064615913,81.89444698863122,12.61804491650088,6.40144111298282,24.69,25.03,26.93,74.79,78.47,82.59,0.0,5.88,42.41,154,32.713820429555774,9.302696997348113,154,22,823.0,991.0,962.0,1193.0,801.4285714285714,995.8571428571429
2021-06-04,2021,6,23,813.0,996.0,16.23,5.72,este,3.8114551627843327,0.1810253849791156,3.579404064615913,81.89444698863122,12.61804491650088,6.893107074942555,23.8,26.51,27.97,74.42,77.09,76.02,0.0,5.98,42.47,155,32.67088105813863,12.676007135575892,155,22,797.0,1003.0,956.0,1118.0,803.7142857142857,1001.5714285714286
2021-06-05,2021,6,23,824.0,963.0,15.8,5.8,este,3.8114551627843327,0.1810253849791156,3.579404064615913,81.89444698863122,12.61804491650088,6.654099732437881,23.39,24.66,26.99,73.48,75.82,76.89,0.0,6.12,39.48,156,32.630014568117225,11.763108937648743,156,22,778.0,970.0,991.0,1169.0,810.2857142857143,997.5714285714286
2021-06-06,2021,6,23,819.0,977.0,15.68,5.82,este,3.8114551627843327,0.1810253849791156,3.579404064615913,81.89444698863122,12.61804491650088,6.372650604558976,22.99,25.38,28.11,70.62,76.48,76.26,0.0,5.77,42.52,157,32.59125333222912,14.011661713061432,157,22,813.0,951.0,1003.0,1141.0,811.1428571428571,993.8571428571429
2021-06-07,2021,6,24,835.0,994.0,15.45,5.43,este,3.8114551627843327,0.1810253849791156,3.579404064615913,81.89444698863122,12.61804491650088,6.558702281282088,23.92,26.69,28.11,74.37,71.7,78.05,0.0,0.29,1.98,158,32.55462789651448,12.66115565827645,158,23,829.0,839.0,1024.0,1012.0,812.0,989.5714285714286
2021-06-08,2021,6,24,827.0,984.0,16.36,5.49,este,3.8114551627843327,0.1810253849791156,3.579404064615913,81.89444698863122,12.61804491650088,6.601677285570853,23.59,25.04,26.85,74.76,77.71,82.94,0.0,0.28,2.09,159,32.52016695810872,11.156171131920877,159,23,796.0,788.0,958.0,1032.0,816.4285714285714,993.2857142857143
2021-06-09,2021,6,24,845.0,979.0,15.8,5.67,este,3.8114551627843327,0.1810253849791156,3.579404064615913,81.89444698863122,12.61804491650088,6.412068822940597,24.93,25.25,26.17,70.5,73.98,80.58,0.0,0.29,1.95,160,32.48789734463429,6.873628368231932,160,23,774.0,840.0,1029.0,1001.0,826.5714285714286,986.1428571428571
2021-06-10,2021,6,24,814.0,1023.0,16.11,5.49,este,3.8114551627843327,0.1810253849791156,3.579404064615913,81.89444698863122,12.61804491650088,6.84632369009419,25.14,25.36,26.76,70.69,73.32,79.35,0.0,0.29,2.0,161,32.45784399518007,7.849297264356919,161,23,823.0,823.0,1010.0,962.0,825.2857142857143,988.0
2021-06-11,2021,6,24,784.0,1006.0,16.6,5.81,este,3.8114551627843327,0.1810253849791156,3.579404064615913,81.89444698863122,12.61804491650088,6.891378573458716,23.48,26.48,28.23,70.06,74.65,77.63,0.0,0.29,2.09,162,32.43002994285702,13.429126209406627,162,23,813.0,797.0,996.0,956.0,821.1428571428571,989.4285714285714
2021-06-12,2021,6,24,782.0,980.0,15.39,5.37,este,3.8114551627843327,0.1810253849791156,3.579404064615913,81.89444698863122,12.61804491650088,6.5603881449187895,23.42,25.51,27.3,72.34,79.01,83.88,0.0,0.28,1.91,163,32.40447629891851,12.12758900996938,163,23,824.0,778.0,963.0,991.0,815.1428571428571,991.8571428571429
2021-06-13,2021,6,24,791.0,991.0,15.36,5.56,este,3.8114551627843327,0.1810253849791156,3.579404064615913,81.89444698863122,12.61804491650088,6.367459451457655,22.85,25.7,26.61,74.13,72.34,77.86,0.0,0.28,2.0,164,32.38120223843398,11.930001340613748,164,23,819.0,813.0,977.0,1003.0,811.1428571428571,993.8571428571429
2021-06-14,2021,6,25,768.0,982.0,16.72,5.47,este,3.8114551627843327,0.1810253849791156,3.579404064615913,81.89444698863122,12.61804491650088,6.674286288213247,23.03,25.79,25.68,71.47,73.45,81.51,0.0,0.44,2.99,165,32.36022498750479,10.008939643399252,165,24,835.0,829.0,994.0,1024.0,801.5714285714286,992.1428571428571
2021-06-15,2021,6,25,833.0,959.0,16.15,5.51,este,3.8114551627843327,0.1810253849791156,3.579404064615913,81.89444698863122,12.61804491650088,6.848318565378393,23.02,25.74,26.04,71.4,78.92,77.85,0.0,0.41,2.99,166,32.34155981201148,10.67869135287,166,24,827.0,796.0,984.0,958.0,802.4285714285714,988.5714285714286
2021-06-16,2021,6,25,809.0,993.0,15.89,5.8,este,3.8114551627843327,0.1810253849791156,3.579404064615913,81.89444698863122,12.61804491650088,6.284274713010955,24.25,26.22,26.42,73.08,71.97,81.3,0.0,0.43,2.86,167,32.32522000788189,9.047424284097966,167,24,845.0,774.0,979.0,1029.0,797.2857142857143,990.5714285714286
2021-06-17,2021,6,25,830.0,994.0,16.09,5.57,este,3.8114551627843327,0.1810253849791156,3.579404064615913,81.89444698863122,12.61804491650088,6.705683809553424,24.29,26.1,25.89,73.14,73.01,81.72,0.0,0.44,2.86,168,32.311216892870654,7.765454990841685,168,24,814.0,823.0,1023.0,1010.0,799.5714285714286,986.4285714285714
2021-06-18,2021,6,25,776.0,999.0,15.31,5.69,este,3.8114551627843327,0.1810253849791156,3.579404064615913,81.89444698863122,12.61804491650088,6.445439987797785,23.29,26.54,27.84,72.51,76.11,81.5,0.0,0.44,2.85,169,32.29955979984046,13.090489986010503,169,24,784.0,813.0,1006.0,996.0,798.4285714285714,985.4285714285714
2021-06-19,2021,6,25,835.0,1010.0,15.45,5.73,este,3.8114551627843327,0.1810253849791156,3.579404064615913,81.89444698863122,12.61804491650088,6.469952069453904,23.82,25.07,27.91,69.33,74.1,76.53,0.0,0.44,3.12,170,32.29025607153692,12.40757028659673,170,24,782.0,824.0,980.0,963.0,806.0,989.7142857142857
2021-06-20,2021,6,25,827.0,1020.0,15.72,5.83,este,3.8114551627843327,0.1810253849791156,3.579404064615913,81.89444698863122,12.61804491650088,6.288898830715653,23.73,25.43,27.64,72.84,75.31,81.81,0.0,0.43,3.01,171,32.2833110568489,12.128861875787928,171,24,791.0,819.0,991.0,977.0,811.1428571428571,993.8571428571429
2021-06-21,2021,6,26,784.0,1021.0,16.42,5.55,este,3.8114551627843327,0.1810253849791156,3.579404064615913,81.89444698863122,12.61804491650088,6.402721082447182,23.18,25.26,25.75,74.69,77.97,83.37,0.0,2.59,18.72,172,32.278728108547696,9.831880159975698,172,25,768.0,835.0,982.0,994.0,813.4285714285714,999.4285714285714
2021-06-22,2021,6,26,824.0,992.0,16.43,5.36,este,3.8114551627843327,0.1810253849791156,3.579404064615913,81.89444698863122,12.61804491650088,6.478452931090092,24.3,25.81,25.68,70.35,78.31,76.09,0.0,2.65,18.05,173,32.27650858249868,7.2040993626312,173,25,833.0,827.0,959.0,984.0,812.1428571428571,1004.1428571428571
2021-06-23,2021,6,26,782.0,986.0,16.22,5.4,este,3.8114551627843327,0.1810253849791156,3.579404064615913,81.89444698863122,12.61804491650088,6.865852590823834,23.54,24.54,26.43,73.99,76.91,80.82,0.0,2.46,18.06,174,32.27665183834032,10.425358543783926,174,25,809.0,845.0,993.0,979.0,808.2857142857143,1003.1428571428571
2021-06-24,2021,6,26,827.0,995.0,16.0,5.76,este,3.8114551627843327,0.1810253849791156,3.579404064615913,81.89444698863122,12.61804491650088,6.640572294759602,23.81,25.84,25.85,70.92,73.13,77.78,0.0,2.61,17.74,175,32.27915524162619,8.7597325218921,175,25,830.0,814.0,994.0,1023.0,807.8571428571429,1003.2857142857143
2021-06-25,2021,6,26,830.0,944.0,15.67,5.56,este,3.8114551627843327,0.1810253849791156,3.579404064615913,81.89444698863122,12.61804491650088,6.919183028999632,25.04,25.03,25.81,69.29,75.04,81.83,0.0,2.54,17.14,176,32.28401416742657,5.382530417423386,176,25,776.0,784.0,999.0,1006.0,815.5714285714286,995.4285714285714
2021-06-26,2021,6,26,814.0,998.0,15.23,5.83,este,3.8114551627843327,0.1810253849791156,3.579404064615913,81.89444698863122,12.61804491650088,6.395654678550972,23.67,24.51,28.09,73.51,76.7,82.08,0.0,2.54,18.09,177,32.29122200538712,12.898797242147976,177,25,835.0,782.0,1010.0,980.0,812.5714285714286,993.7142857142857
2021-06-27,2021,6,26,817.0,1021.0,16.17,5.76,este,3.8114551627843327,0.1810253849791156,3.579404064615913,81.89444698863122,12.61804491650088,6.897152383256636,25.18,26.29,27.09,68.83,71.85,83.19,0.0,2.65,17.11,178,32.3007701662432,8.48170497789371,178,25,827.0,791.0,1020.0,991.0,811.1428571428571,993.8571428571429
2021-06-28,2021,6,27,847.0,999.0,8.93,5.49,este,3.9416649375572335,0.2339400340521622,3.858370851803889,76.6034869327683,14.896821576412991,6.204045228335494,22.89,23.84,28.12,44.3,55.36,68.16,0.0,37.25,254.44,179,32.31264808978886,14.040319679371692,179,26,784.0,768.0,1021.0,982.0,820.1428571428571,990.7142857142857
2021-06-29,2021,6,27,839.0,1035.0,9.09,5.63,este,3.9416649375572335,0.2339400340521622,3.858370851803889,76.6034869327683,14.896821576412991,6.409253298403005,24.67,25.12,27.56,47.59,50.85,68.52,0.0,37.95,266.65,180,32.32684325430104,10.44157037113923,180,26,824.0,833.0,992.0,959.0,822.2857142857143,996.8571428571429
2021-06-30,2021,6,27,806.0,1057.0,9.28,5.69,este,3.9416649375572335,0.2339400340521622,3.858370851803889,76.6034869327683,14.896821576412991,6.414907395717632,23.98,24.37,27.67,46.73,52.31,64.82,0.0,37.06,257.25,181,32.34334118741973,11.804610616973465,181,26,782.0,809.0,986.0,993.0,825.7142857142857,1007.0
2021-07-01,2021,7,27,792.0,983.0,8.86,5.46,este,3.9416649375572335,0.2339400340521622,3.858370851803889,76.6034869327683,14.896821576412991,6.508242532169512,24.79,23.77,26.33,45.56,53.67,67.5,0.0,36.17,274.18,182,32.36212547848593,7.630464897893703,182,26,827.0,830.0,995.0,994.0,820.7142857142857,1005.2857142857143
2021-07-02,2021,7,27,844.0,1028.0,8.84,5.38,este,3.9416649375572335,0.2339400340521622,3.858370851803889,76.6034869327683,14.896821576412991,6.141624104362885,24.11,23.68,27.43,46.03,54.78,65.11,0.0,37.76,251.85,183,32.38317779234004,11.210942033631918,183,26,830.0,776.0,944.0,999.0,822.7142857142857,1017.2857142857143
2021-07-03,2021,7,27,795.0,1053.0,9.03,5.59,este,3.9416649375572335,0.2339400340521622,3.858370851803889,76.6034869327683,14.896821576412991,6.03100683455324,25.19,25.49,26.32,44.05,52.41,71.3,0.0,38.82,271.83,184,32.406477884583715,6.545226118615424,184,26,814.0,835.0,998.0,1010.0,820.0,1025.142857142857
2021-07-04,2021,7,27,795.0,1015.0,9.07,5.54,este,3.9416649375572335,0.2339400340521622,3.858370851803889,76.6034869327683,14.896821576412991,5.960442197584708,24.35,23.85,28.11,45.99,55.22,71.33,0.0,36.72,266.38,185,32.4320036183089,11.94871777138584,185,26,817.0,827.0,1021.0,1020.0,816.8571428571429,1024.2857142857142
2021-07-05,2021,7,28,809.0,1030.0,9.22,5.44,este,3.9416649375572335,0.2339400340521622,3.858370851803889,76.6034869327683,14.896821576412991,6.345695850723312,25.05,25.8,27.53,47.59,53.28,69.44,0.0,1.55,10.99,186,32.4597309822984,9.712350739031066,186,27,847.0,784.0,999.0,1021.0,811.4285714285714,1028.7142857142858
2021-07-06,2021,7,28,828.0,999.0,9.36,5.68,este,3.9416649375572335,0.2339400340521622,3.858370851803889,76.6034869327683,14.896821576412991,6.064823893303429,24.02,24.89,25.7,45.51,52.35,66.89,0.0,1.54,11.37,187,32.48963411070249,8.001161974189175,187,27,839.0,824.0,1035.0,992.0,809.8571428571429,1023.5714285714286
2021-07-07,2021,7,28,801.0,1049.0,9.04,5.51,este,3.9416649375572335,0.2339400340521622,3.858370851803889,76.6034869327683,14.896821576412991,6.301158407077626,24.46,24.95,26.38,46.03,51.55,70.07,0.0,1.57,11.26,188,32.521685304196446,8.562040116784416,188,27,806.0,782.0,1057.0,986.0,809.1428571428571,1022.4285714285714
2021-07-08,2021,7,28,828.0,1033.0,9.1,5.78,este,3.9416649375572335,0.2339400340521622,3.858370851803889,76.6034869327683,14.896821576412991,5.948414294580788,24.88,24.2,26.75,47.08,51.19,69.75,0.0,1.62,10.51,189,32.55585505262423,8.458697820284888,189,27,792.0,827.0,983.0,995.0,814.2857142857143,1029.5714285714287
2021-07-09,2021,7,28,837.0,1024.0,9.07,5.41,este,3.9416649375572335,0.2339400340521622,3.858370851803889,76.6034869327683,14.896821576412991,6.022485271220635,24.02,24.15,26.63,46.44,52.04,66.09,0.0,1.52,11.1,190,32.59211205913328,10.004292006508631,190,27,844.0,830.0,1028.0,944.0,813.2857142857143,1029.0
2021-07-10,2021,7,28,797.0,1007.0,8.95,5.5,este,3.9416649375572335,0.2339400340521622,3.858370851803889,76.6034869327683,14.896821576412991,5.92680187509964,25.18,25.68,26.41,44.95,51.98,66.51,0.0,1.6,10.93,191,32.630423265805646,6.875889108531167,191,27,795.0,814.0,1053.0,998.0,813.5714285714286,1022.4285714285714
2021-07-11,2021,7,28,818.0,1028.0,8.58,5.57,este,3.9416649375572335,0.2339400340521622,3.858370851803889,76.6034869327683,14.896821576412991,6.382970431082288,23.13,24.61,28.04,45.43,54.72,69.22,0.0,1.51,11.05,192,32.670753880790414,13.754775392044,192,27,795.0,817.0,1015.0,1021.0,816.8571428571429,1024.2857142857142
2021-07-12,2021,7,29,829.0,1025.0,9.34,5.62,este,3.9416649375572335,0.2339400340521622,3.858370851803889,76.6034869327683,14.896821576412991,6.135605820817159,23.52,24.17,27.45,47.22,52.72,66.36,0.0,2.99,22.8,193,32.713067406941754,12.321714582611609,193,28,809.0,847.0,1030.0,999.0,819.7142857142857,1023.5714285714286
2021-07-13,2021,7,29,832.0,987.0,8.74,5.34,este,3.9416649375572335,0.2339400340521622,3.858370851803889,76.6034869327683,14.896821576412991,6.49939672294926,24.57,23.92,27.51,45.72,50.65,67.31,0.0,3.08,22.67,194,32.75732567196704,10.671751520187351,194,28,828.0,839.0,999.0,1035.0,820.2857142857143,1021.8571428571429
2021-07-14,2021,7,29,823.0,1054.0,8.88,5.79,este,3.9416649375572335,0.2339400340521622,3.858370851803889,76.6034869327683,14.896821576412991,5.929121684145598,24.51,23.72,26.83,46.84,51.13,69.74,0.0,3.05,21.85,195,32.80348886008833,9.49330927308834,195,28,801.0,806.0,1049.0,1057.0,823.4285714285714,1022.5714285714286
2021-07-15,2021,7,29,838.0,1061.0,9.35,5.84,este,3.9416649375572335,0.2339400340521622,3.858370851803889,76.6034869327683,14.896821576412991,6.4948048622104295,24.03,24.62,28.28,46.17,52.53,68.23,0.0,3.27,22.46,196,32.85151554522007,12.867775512683474,196,28,828.0,792.0,1033.0,983.0,824.8571428571429,1026.5714285714287
2021-07-16,2021,7,29,804.0,990.0,9.29,5.81,este,3.9416649375572335,0.2339400340521622,3.858370851803889,76.6034869327683,14.896821576412991,5.958878630796033,22.92,25.58,25.86,44.88,50.62,65.0,0.0,3.22,21.17,197,32.90136272566487,10.718676219173943,197,28,837.0,844.0,1024.0,1028.0,820.1428571428571,1021.7142857142857
2021-07-17,2021,7,29,803.0,1027.0,9.25,5.35,este,3.9416649375572335,0.2339400340521622,3.858370851803889,76.6034869327683,14.896821576412991,6.269052510454491,23.6,25.31,26.93,44.22,51.49,70.45,0.0,3.17,22.38,198,32.952985860328155,11.425375696201112,198,28,797.0,795.0,1007.0,1053.0,821.0,1024.5714285714287
2021-07-18,2021,7,29,789.0,1026.0,9.21,5.73,este,3.9416649375572335,0.2339400340521622,3.858370851803889,76.6034869327683,14.896821576412991,6.28948932162056,22.84,23.63,26.97,44.79,53.52,68.14,0.0,3.04,22.16,199,33.006338906451326,12.744593312658726,199,28,818.0,795.0,1028.0,1015.0,816.8571428571429,1024.2857142857142
2021-07-19,2021,7,30,816.0,961.0,9.25,5.71,este,3.9416649375572335,0.2339400340521622,3.858370851803889,76.6034869327683,14.896821576412991,6.325773432748189,23.23,24.45,26.36,47.2,54.26,67.75,0.0,0.0,0.0,200,33.06137435886172,11.113393011894107,200,29,829.0,809.0,1025.0,1030.0,815.0,1015.1428571428571
2021-07-20,2021,7,30,789.0,1046.0,9.41,5.41,este,3.9416649375572335,0.2339400340521622,3.858370851803889,76.6034869327683,14.896821576412991,6.086625328344247,22.99,24.05,27.16,44.44,50.41,68.56,0.0,0.0,0.0,201,33.11804329073593,12.849502048096827,201,29,832.0,828.0,987.0,999.0,808.8571428571429,1023.5714285714286
2021-07-21,2021,7,30,855.0,1000.0,9.27,5.67,este,3.9416649375572335,0.2339400340521622,3.858370851803889,76.6034869327683,14.896821576412991,6.50785542045112,24.42,25.32,25.67,46.34,51.86,64.83,0.0,0.0,0.0,202,33.17629539587189,7.047522915944371,202,29,823.0,801.0,1054.0,1049.0,813.4285714285714,1015.8571428571429
2021-07-22,2021,7,30,796.0,1048.0,8.71,5.38,este,3.9416649375572335,0.2339400340521622,3.858370851803889,76.6034869327683,14.896821576412991,6.116829527377317,24.89,24.29,26.85,45.07,52.04,65.07,0.0,0.0,0.0,203,33.23607903246254,8.840797022635039,203,29,838.0,828.0,1061.0,1033.0,807.4285714285714,1014.0
2021-07-23,2021,7,30,825.0,1044.0,8.62,5.8,este,3.9416649375572335,0.2339400340521622,3.858370851803889,76.6034869327683,14.896821576412991,6.478898168213804,24.99,24.52,27.5,45.47,54.43,68.03,0.0,0.0,0.0,204,33.29734126836285,10.023052818496964,204,29,804.0,837.0,990.0,1024.0,810.4285714285714,1021.7142857142857
2021-07-24,2021,7,30,823.0,1032.0,9.2,5.6,este,3.9416649375572335,0.2339400340521622,3.858370851803889,76.6034869327683,14.896821576412991,6.439302981006325,23.81,24.65,26.15,47.98,55.32,70.14,0.0,0.0,0.0,205,33.360027927839006,9.69589570254893,205,29,803.0,797.0,1027.0,1007.0,813.2857142857143,1022.4285714285714
2021-07-25,2021,7,30,814.0,1039.0,9.18,5.68,este,3.9416649375572335,0.2339400340521622,3.858370851803889,76.6034869327683,14.896821576412991,6.506110955686102,23.99,24.3,25.72,47.57,50.69,71.02,0.0,0.0,0.0,206,33.42408363978677,8.35287845519195,206,29,789.0,818.0,1026.0,1028.0,816.8571428571429,1024.2857142857142
2021-07-26,2021,7,31,1041.0,1244.0,4.95,7.08,oeste,3.9416649375572335,0.2339400340521622,3.858370851803889,76.6034869327683,14.896821576412991,5.998751621414209,24.09,24.71,27.7,33.12,40.51,55.5,0.0,0.0,0.0,207,33.489451887403895,12.089692131352804,207,30,816.0,829.0,961.0,1025.0,849.0,1064.7142857142858
2021-07-27,2021,7,31,1086.0,1271.0,5.2,7.27,oeste,3.9416649375572335,0.2339400340521622,3.858370851803889,76.6034869327683,14.896821576412991,6.251884630871104,24.73,23.99,26.35,30.8,40.42,51.91,0.0,0.0,0.0,208,33.556075059297875,8.114883052756536,208,30,789.0,832.0,1046.0,987.0,891.4285714285714,1096.857142857143
2021-07-28,2021,7,31,1013.0,1248.0,5.23,7.27,oeste,3.9416649375572335,0.2339400340521622,3.858370851803889,76.6034869327683,14.896821576412991,5.96754289287323,23.95,24.95,26.26,31.26,37.4,53.31,0.0,0.0,0.0,209,33.62389450200935,9.709740098431409,209,30,855.0,823.0,1000.0,1054.0,914.0,1132.2857142857142
2021-07-29,2021,7,31,1017.0,1324.0,5.23,7.01,oeste,3.9416649375572335,0.2339400340521622,3.858370851803889,76.6034869327683,14.896821576412991,6.453573728570876,24.03,24.31,26.49,31.79,37.54,51.73,0.0,0.0,0.0,210,33.69285057392693,10.040582533650598,210,30,796.0,838.0,1048.0,1061.0,945.5714285714286,1171.7142857142858
2021-07-30,2021,7,31,1053.0,1303.0,4.88,7.1,oeste,3.9416649375572335,0.2339400340521622,3.858370851803889,76.6034869327683,14.896821576412991,6.434078925579459,24.37,24.29,26.7,31.69,38.19,51.39,0.0,0.0,0.0,211,33.762882700567644,9.791992708189934,211,30,825.0,804.0,1044.0,990.0,978.1428571428571,1208.7142857142858
2021-07-31,2021,7,31,1058.0,1217.0,5.06,6.89,oeste,3.9416649375572335,0.2339400340521622,3.858370851803889,76.6034869327683,14.896821576412991,6.104654804179197,24.58,24.31,26.41,31.2,39.07,53.45,0.0,0.0,0.0,212,33.833929431193624,8.696241361704319,212,30,823.0,803.0,1032.0,1027.0,1011.7142857142857,1235.142857142857
2021-08-01,2021,8,31,1004.0,1208.0,4.84,6.94,oeste,3.9416649375572335,0.2339400340521622,3.858370851803889,76.6034869327683,14.896821576412991,5.930092396760307,24.94,25.64,26.91,32.74,37.31,52.04,0.0,0.0,0.0,213,33.90592849673267,9.041955302672054,213,30,814.0,789.0,1039.0,1026.0,1038.857142857143,1259.2857142857142
2021-08-02,2021,8,32,1055.0,1236.0,5.04,7.05,oeste,3.9416649375572335,0.2339400340521622,3.858370851803889,76.6034869327683,14.896821576412991,6.083195206527176,24.16,25.07,26.64,32.66,36.8,56.11,0.0,0.0,0.0,214,33.978816868967336,10.166879919882458,214,31,1041.0,816.0,1244.0,961.0,1040.857142857143,1258.142857142857
2021-08-03,2021,8,32,996.0,1282.0,4.8,7.28,oeste,3.9416649375572335,0.2339400340521622,3.858370851803889,76.6034869327683,14.896821576412991,5.919896551254133,24.66,25.19,26.29,33.37,36.62,55.0,0.0,0.0,0.0,215,34.0525308209535,8.260318590170918,215,31,1086.0,789.0,1271.0,1046.0,1028.0,1259.7142857142858
2021-08-04,2021,8,32,1034.0,1245.0,4.93,7.45,oeste,3.9416649375572335,0.2339400340521622,3.858370851803889,76.6034869327683,14.896821576412991,6.029884052773537,24.11,23.91,27.23,32.08,39.16,56.07,0.0,0.0,0.0,216,34.12700598862685,11.453259127061049,216,31,1013.0,855.0,1248.0,1000.0,1031.0,1259.2857142857142
2021-08-05,2021,8,32,1068.0,1220.0,5.03,6.84,oeste,3.9416649375572335,0.2339400340521622,3.858370851803889,76.6034869327683,14.896821576412991,5.98145938356338,24.94,23.99,27.84,33.22,37.36,53.71,0.0,0.0,0.0,217,34.20217743355145,11.066399787366414,217,31,1017.0,796.0,1324.0,1048.0,1038.2857142857142,1244.4285714285713
2021-08-06,2021,8,32,1031.0,1243.0,4.8,7.0,oeste,3.9416649375572335,0.2339400340521622,3.858370851803889,76.6034869327683,14.896821576412991,5.976708375972685,24.39,25.04,26.23,32.01,38.53,52.13,0.0,0.0,0.0,218,34.277979706762,8.834413641992992,218,31,1053.0,825.0,1303.0,1044.0,1035.142857142857,1235.857142857143
2021-08-07,2021,8,32,1038.0,1278.0,4.95,7.12,oeste,3.9416649375572335,0.2339400340521622,3.858370851803889,76.6034869327683,14.896821576412991,6.053227599495426,25.15,23.67,27.91,32.51,39.79,53.5,0.0,0.0,0.0,219,34.35434691364722,10.844008238978985,219,31,1058.0,823.0,1217.0,1032.0,1032.2857142857142,1244.5714285714287
2021-08-08,2021,8,32,1050.0,1311.0,4.77,7.53,oeste,3.9416649375572335,0.2339400340521622,3.858370851803889,76.6034869327683,14.896821576412991,6.142997232457819,23.43,25.41,27.46,32.86,37.32,52.09,0.0,0.0,0.0,220,34.4312127798191,13.132833682021795,220,31,1004.0,814.0,1208.0,1039.0,1038.857142857143,1259.2857142857142
2021-08-09,2021,8,33,1026.0,1340.0,5.23,7.29,oeste,3.9416649375572335,0.2339400340521622,3.858370851803889,76.6034869327683,14.896821576412991,6.090255600182263,24.91,24.07,27.63,32.93,39.98,56.26,0.0,0.0,0.0,221,34.50851071790864,10.813449835124928,221,32,1055.0,1041.0,1236.0,1244.0,1034.7142857142858,1274.142857142857
2021-08-10,2021,8,33,1020.0,1292.0,5.06,7.42,oeste,3.9416649375572335,0.2339400340521622,3.858370851803889,76.6034869327683,14.896821576412991,5.900553938252089,24.68,24.89,28.0,32.56,37.54,51.59,0.0,0.0,0.0,222,34.58617389522569,11.973611521109149,222,32,996.0,1086.0,1282.0,1271.0,1038.142857142857,1275.5714285714287
2021-08-11,2021,8,33,1042.0,1218.0,5.05,6.95,oeste,3.9416649375572335,0.2339400340521622,3.858370851803889,76.6034869327683,14.896821576412991,6.252775114373487,23.86,23.97,25.88,33.13,39.77,55.85,0.0,0.0,0.0,223,34.66413530221696,9.360728667616211,223,32,1034.0,1013.0,1245.0,1248.0,1039.2857142857142,1271.7142857142858
2021-08-12,2021,8,33,1021.0,1266.0,4.8,6.92,oeste,3.9416649375572335,0.2339400340521622,3.858370851803889,76.6034869327683,14.896821576412991,5.960933384463096,23.18,23.89,27.68,31.52,40.1,54.03,0.0,0.0,0.0,224,34.74232782165292,14.002925290231197,224,32,1068.0,1017.0,1220.0,1324.0,1032.5714285714287,1278.2857142857142
2021-08-13,2021,8,33,1029.0,1228.0,5.2,7.5,oeste,3.9416649375572335,0.2339400340521622,3.858370851803889,76.6034869327683,14.896821576412991,5.946956301329509,24.69,23.9,26.48,32.01,39.33,52.96,0.0,0.0,0.0,225,34.82068429847086,8.8515110955664,225,32,1031.0,1053.0,1243.0,1303.0,1032.2857142857142,1276.142857142857
2021-08-14,2021,8,33,1064.0,1217.0,5.23,7.51,oeste,3.9416649375572335,0.2339400340521622,3.858370851803889,76.6034869327683,14.896821576412991,6.19607290856906,23.18,25.36,26.49,33.4,38.82,55.07,0.0,0.0,0.0,226,34.89913761019836,12.063749013513425,226,32,1038.0,1058.0,1278.0,1217.0,1036.0,1267.4285714285713
2021-08-15,2021,8,33,1070.0,1254.0,5.07,7.09,oeste,3.9416649375572335,0.2339400340521622,3.858370851803889,76.6034869327683,14.896821576412991,5.968479510240412,25.05,23.67,26.17,31.2,36.74,54.1,0.0,0.0,0.0,227,34.977620737878034,7.033198530312227,227,32,1050.0,1004.0,1311.0,1208.0,1038.857142857143,1259.2857142857142
2021-08-16,2021,8,34,1042.0,1269.0,5.17,7.05,oeste,3.9416649375572335,0.2339400340521622,3.858370851803889,76.6034869327683,14.896821576412991,6.424730192003682,23.13,24.86,28.02,33.01,40.03,55.87,0.0,0.0,0.0,228,35.056066837411365,14.728930698088336,228,33,1026.0,1055.0,1340.0,1236.0,1041.142857142857,1249.142857142857
2021-08-17,2021,8,34,1029.0,1191.0,5.0,7.42,oeste,3.9416649375572335,0.2339400340521622,3.858370851803889,76.6034869327683,14.896821576412991,6.223029464969511,23.57,25.1,27.02,32.17,39.53,54.59,0.0,0.0,0.0,229,35.13440931123666,12.399261088857616,229,33,1020.0,996.0,1292.0,1282.0,1042.4285714285713,1234.7142857142858
2021-08-18,2021,8,34,1028.0,1241.0,4.9,7.17,oeste,3.9416649375572335,0.2339400340521622,3.858370851803889,76.6034869327683,14.896821576412991,6.240265060256643,24.33,25.06,26.2,31.11,40.35,51.81,0.0,0.0,0.0,230,35.212581880252884,9.148971486561804,230,33,1042.0,1034.0,1218.0,1245.0,1040.4285714285713,1238.0
2021-08-19,2021,8,34,1033.0,1283.0,5.11,7.41,oeste,3.9416649375572335,0.2339400340521622,3.858370851803889,76.6034869327683,14.896821576412991,6.444967608298733,24.67,25.89,26.38,32.37,40.02,52.17,0.0,0.0,0.0,231,35.29051865589894,8.768184855713411,231,33,1021.0,1068.0,1266.0,1220.0,1042.142857142857,1240.4285714285713
2021-08-20,2021,8,34,1045.0,1300.0,5.1,7.06,oeste,3.9416649375572335,0.2339400340521622,3.858370851803889,76.6034869327683,14.896821576412991,5.893991700463451,23.53,24.27,28.1,31.71,39.87,51.97,0.0,0.0,0.0,232,35.36815421229483,14.365610811859884,232,33,1029.0,1031.0,1228.0,1243.0,1044.4285714285713,1250.7142857142858
2021-08-21,2021,8,34,1050.0,1289.0,4.78,6.86,oeste,3.9416649375572335,0.2339400340521622,3.858370851803889,76.6034869327683,14.896821576412991,6.4293196809253725,24.4,24.28,25.78,31.0,38.82,53.3,0.0,0.0,0.0,233,35.44542365834922,7.911399503841215,233,33,1064.0,1038.0,1217.0,1278.0,1042.4285714285713,1261.0
2021-08-22,2021,8,34,1045.0,1242.0,4.8,7.1,oeste,3.9416649375572335,0.2339400340521622,3.858370851803889,76.6034869327683,14.896821576412991,6.409675913067318,23.56,25.26,25.66,32.16,40.42,52.14,0.0,0.0,0.0,234,35.522262709735344,9.780563344273933,234,33,1070.0,1050.0,1254.0,1311.0,1038.857142857143,1259.2857142857142
2021-08-23,2021,8,35,816.0,955.0,2.08,7.69,oeste,3.9416649375572335,0.2339400340521622,3.858370851803889,76.6034869327683,14.896821576412991,5.970888053028821,22.97,25.99,27.91,31.84,36.7,56.22,0.0,0.0,0.0,235,35.59860776063529,15.033153388171485,235,34,1042.0,1026.0,1269.0,1340.0,1006.5714285714286,1214.4285714285713
2021-08-24,2021,8,35,878.0,996.0,1.9,7.75,oeste,3.9416649375572335,0.2339400340521622,3.858370851803889,76.6034869327683,14.896821576412991,6.31372536376765,24.2,25.39,26.16,31.53,36.63,51.8,0.0,0.0,0.0,236,35.674395955150665,9.48938932407008,236,34,1029.0,1020.0,1191.0,1292.0,985.0,1186.5714285714287
2021-08-25,2021,8,35,821.0,973.0,1.92,7.82,oeste,3.9416649375572335,0.2339400340521622,3.858370851803889,76.6034869327683,14.896821576412991,6.030349977257533,22.82,25.8,28.03,33.34,36.02,54.86,0.0,0.0,0.0,237,35.74956525827639,15.503980997859614,237,34,1028.0,1042.0,1241.0,1218.0,955.4285714285714,1148.2857142857142
2021-08-26,2021,8,35,881.0,1010.0,2.0,7.51,oeste,3.9416649375572335,0.2339400340521622,3.858370851803889,76.6034869327683,14.896821576412991,6.2243349094609615,23.61,24.42,27.58,31.98,38.01,53.05,0.0,0.0,0.0,238,35.82405452633241,13.561995364278951,238,34,1033.0,1021.0,1283.0,1266.0,933.7142857142857,1109.2857142857142
2021-08-27,2021,8,35,875.0,1009.0,2.02,7.81,oeste,3.9416649375572335,0.2339400340521622,3.858370851803889,76.6034869327683,14.896821576412991,6.3037366267825385,24.59,25.86,25.91,31.24,37.46,52.93,0.0,0.0,0.0,239,35.89780357674738,7.836252897750207,239,34,1045.0,1029.0,1300.0,1228.0,909.4285714285714,1067.7142857142858
2021-08-28,2021,8,35,819.0,1011.0,2.0,7.79,oeste,3.9416649375572335,0.2339400340521622,3.858370851803889,76.6034869327683,14.896821576412991,6.251240069036785,24.0,25.19,26.45,33.49,37.25,54.26,0.0,0.0,0.0,240,35.97075325708702,10.697595581467564,240,34,1050.0,1064.0,1289.0,1217.0,876.4285714285714,1028.0
2021-08-29,2021,8,35,833.0,936.0,2.05,7.89,oeste,3.9416649375572335,0.2339400340521622,3.858370851803889,76.6034869327683,14.896821576412991,6.137097826590564,24.39,24.65,26.53,30.6,36.31,52.54,0.0,0.0,0.0,241,36.042845513219575,10.017966106058594,241,34,1045.0,1070.0,1242.0,1254.0,846.1428571428571,984.2857142857143
2021-08-30,2021,8,36,826.0,1038.0,2.03,7.91,oeste,3.9416649375572335,0.2339400340521622,3.858370851803889,76.6034869327683,14.896821576412991,6.491837619737648,24.57,26.75,26.18,25.45,30.26,43.02,0.0,0.0,0.0,242,36.11402345650973,8.706476151585193,242,35,816.0,1042.0,955.0,1269.0,847.5714285714286,996.1428571428571
2021-08-31,2021,8,36,862.0,952.0,1.98,7.36,oeste,3.9416649375572335,0.2339400340521622,3.858370851803889,76.6034869327683,14.896821576412991,6.448166637023383,22.88,24.79,27.89,26.1,32.47,39.4,0.0,0.0,0.0,243,36.18423142993297,15.38834152368882,243,35,878.0,1029.0,996.0,1191.0,845.2857142857143,989.8571428571429
2021-09-01,2021,9,36,843.0,975.0,1.96,7.82,oeste,3.9416649375572335,0.2339400340521622,3.858370851803889,76.6034869327683,14.896821576412991,5.893222717952383,23.01,24.78,28.06,25.1,32.8,42.16,0.0,0.0,0.0,244,36.25341507300143,15.479189371305216,244,35,821.0,1028.0,973.0,1241.0,848.4285714285714,990.1428571428571
2021-09-02,2021,9,36,874.0,999.0,1.99,7.95,oeste,3.9416649375572335,0.2339400340521622,3.858370851803889,76.6034869327683,14.896821576412991,6.482504813638674,24.04,24.3,27.73,23.84,32.36,41.71,0.0,0.0,0.0,245,36.32152138539364,13.256559193625227,245,35,881.0,1033.0,1010.0,1283.0,847.4285714285714,988.5714285714286
2021-09-03,2021,9,36,814.0,971.0,2.07,7.97,oeste,3.9416649375572335,0.2339400340521622,3.858370851803889,76.6034869327683,14.896821576412991,6.204007221874177,24.32,26.09,27.62,24.21,32.86,41.7,0.0,0.0,0.0,246,36.388498789180304,12.55956824183172,246,35,875.0,1045.0,1009.0,1300.0,838.7142857142857,983.1428571428571
2021-09-04,2021,9,36,832.0,950.0,2.05,7.94,oeste,3.9416649375572335,0.2339400340521622,3.858370851803889,76.6034869327683,14.896821576412991,6.22817004749653,24.39,26.6,28.08,25.34,31.82,39.01,0.0,0.0,0.0,247,36.45429718953992,13.30501945189662,247,35,819.0,1050.0,1011.0,1289.0,840.5714285714286,974.4285714285714
2021-09-05,2021,9,36,872.0,1005.0,2.07,7.82,oeste,3.9416649375572335,0.2339400340521622,3.858370851803889,76.6034869327683,14.896821576412991,6.343977229771794,23.76,26.42,26.72,24.78,31.09,39.17,0.0,0.0,0.0,248,36.51886803385843,11.937592886035311,248,35,833.0,1045.0,936.0,1242.0,846.1428571428571,984.2857142857143
2021-09-06,2021,9,37,814.0,965.0,2.06,7.66,oeste,3.9416649375572335,0.2339400340521622,3.858370851803889,76.6034869327683,14.896821576412991,6.245853533420136,23.82,24.65,26.03,24.4,30.18,42.08,0.0,0.0,0.0,249,36.58216436910934,10.332826438300817,249,36,826.0,816.0,1038.0,955.0,844.4285714285714,973.8571428571429
2021-09-07,2021,9,37,852.0,993.0,2.08,7.37,oeste,3.9416649375572335,0.2339400340521622,3.858370851803889,76.6034869327683,14.896821576412991,5.931263022848977,24.46,25.2,27.97,24.01,30.18,39.05,0.0,0.0,0.0,250,36.64414089741174,13.044027433769813,250,36,862.0,878.0,952.0,996.0,843.0,979.7142857142857
2021-09-08,2021,9,37,819.0,1007.0,2.09,7.7,oeste,3.9416649375572335,0.2339400340521622,3.858370851803889,76.6034869327683,14.896821576412991,6.446510425655825,24.3,26.11,26.8,25.73,30.07,40.75,0.0,0.0,0.0,251,36.7047540296665,11.02670925054902,251,36,843.0,821.0,975.0,973.0,839.5714285714286,984.2857142857143
2021-09-09,2021,9,37,858.0,970.0,1.97,7.55,oeste,3.9416649375572335,0.2339400340521622,3.858370851803889,76.6034869327683,14.896821576412991,6.491325667014911,22.84,26.37,26.46,25.33,30.59,41.69,0.0,0.0,0.0,252,36.76396193717215,13.290159527984994,252,36,874.0,881.0,999.0,1010.0,837.2857142857143,980.1428571428571
2021-09-10,2021,9,37,881.0,974.0,2.1,7.34,oeste,3.9416649375572335,0.2339400340521622,3.858370851803889,76.6034869327683,14.896821576412991,6.497894723632224,22.9,26.28,27.22,24.65,29.69,43.02,0.0,0.0,0.0,253,36.82172460112562,14.541178305572522,253,36,814.0,875.0,971.0,1009.0,846.8571428571429,980.5714285714286
2021-09-11,2021,9,37,886.0,958.0,1.95,7.88,oeste,3.9416649375572335,0.2339400340521622,3.858370851803889,76.6034869327683,14.896821576412991,6.3403157794988845,23.46,25.3,27.57,25.33,29.63,39.31,0.0,0.0,0.0,254,36.87800385991513,14.20502221772244,254,36,832.0,819.0,950.0,1011.0,854.5714285714286,981.7142857142857
2021-09-12,2021,9,37,813.0,1023.0,2.06,7.33,oeste,3.9416649375572335,0.2339400340521622,3.858370851803889,76.6034869327683,14.896821576412991,6.1602272209271565,24.17,25.4,26.44,24.36,29.68,42.67,0.0,0.0,0.0,255,36.93276345411582,10.572515585396989,255,36,872.0,833.0,1005.0,936.0,846.1428571428571,984.2857142857143
2021-09-13,2021,9,38,855.0,995.0,2.06,7.9,oeste,3.9416649375572335,0.2339400340521622,3.858370851803889,76.6034869327683,14.896821576412991,6.227392619741167,23.87,25.82,29.12,25.94,30.21,41.67,0.0,0.0,0.0,256,36.98596906910211,16.1016452764933,256,37,814.0,826.0,965.0,1038.0,852.0,988.5714285714286
2021-09-14,2021,9,38,842.0,1010.0,2.08,7.26,oeste,3.9416649375572335,0.2339400340521622,3.858370851803889,76.6034869327683,14.896821576412991,6.223844732630219,25.09,26.07,27.14,24.61,30.78,40.25,0.0,0.0,0.0,257,37.03758837519439,10.075653696455037,257,37,852.0,862.0,993.0,952.0,850.5714285714286,991.0
2021-09-15,2021,9,38,855.0,1007.0,1.99,7.92,oeste,3.9416649375572335,0.2339400340521622,3.858370851803889,76.6034869327683,14.896821576412991,6.284312919150852,24.19,26.33,27.37,24.55,31.15,40.27,0.0,0.0,0.0,258,37.087591065261456,12.56596329004427,258,37,819.0,843.0,1007.0,975.0,855.7142857142857,991.0
2021-09-16,2021,9,38,829.0,960.0,1.9,7.96,oeste,3.9416649375572335,0.2339400340521622,3.858370851803889,76.6034869327683,14.896821576412991,6.327890825324735,23.02,26.49,27.88,25.52,30.24,39.7,0.0,0.0,0.0,259,37.1359488897041,15.554865527848444,259,37,858.0,874.0,970.0,999.0,851.5714285714286,989.5714285714286
2021-09-17,2021,9,38,832.0,970.0,2.01,7.53,oeste,3.9416649375572335,0.2339400340521622,3.858370851803889,76.6034869327683,14.896821576412991,6.120630469893231,23.71,26.22,27.37,23.84,29.91,42.74,0.0,0.0,0.0,260,37.18263568874978,13.515568410933158,260,37,881.0,814.0,974.0,971.0,844.5714285714286,989.0
2021-09-18,2021,9,38,865.0,987.0,2.05,7.9,oeste,3.9416649375572335,0.2339400340521622,3.858370851803889,76.6034869327683,14.896821576412991,6.301639154423461,24.89,25.45,27.2,24.25,31.6,39.68,0.0,0.0,0.0,261,37.22762742199263,10.750408068499766,261,37,886.0,832.0,958.0,950.0,841.5714285714286,993.1428571428571
2021-09-19,2021,9,38,845.0,961.0,1.95,7.88,oeste,3.9416649375572335,0.2339400340521622,3.858370851803889,76.6034869327683,14.896821576412991,6.454609977022774,25.08,25.14,28.36,24.54,31.09,41.13,0.0,0.0,0.0,262,37.27090219511763,12.825090205260375,262,37,813.0,872.0,1023.0,1005.0,846.1428571428571,984.2857142857143
2021-09-20,2021,9,39,860.0,979.0,2.03,7.96,oeste,3.9416649375572335,0.2339400340521622,3.858370851803889,76.6034869327683,14.896821576412991,6.048240883445076,24.22,25.18,27.91,26.18,31.47,41.22,0.0,0.0,0.0,263,37.31244028375322,13.618222872103969,263,38,855.0,814.0,995.0,965.0,846.8571428571429,982.0
2021-09-21,2021,9,39,808.0,990.0,1.95,7.56,oeste,3.9416649375572335,0.2339400340521622,3.858370851803889,76.6034869327683,14.896821576412991,6.066205710057287,24.77,24.59,27.44,26.07,30.52,39.46,0.0,0.0,0.0,264,37.3522241544009,11.596467062782969,264,38,842.0,852.0,1010.0,993.0,842.0,979.1428571428571
2021-09-22,2021,9,39,877.0,949.0,2.06,7.51,oeste,3.9416649375572335,0.2339400340521622,3.858370851803889,76.6034869327683,14.896821576412991,6.353356370587365,24.9,25.89,27.17,26.14,32.66,41.9,0.0,0.0,0.0,265,37.390238482396256,10.703474154810134,265,38,855.0,819.0,1007.0,1007.0,845.1428571428571,970.8571428571429
2021-09-23,2021,9,39,810.0,1015.0,2.05,7.43,oeste,3.9416649375572335,0.2339400340521622,3.858370851803889,76.6034869327683,14.896821576412991,6.068845135290727,23.1,24.63,27.48,26.13,31.13,40.02,0.0,0.0,0.0,266,37.4264701668608,14.88228185208187,266,38,829.0,858.0,960.0,970.0,842.4285714285714,978.7142857142857
2021-09-24,2021,9,39,862.0,1003.0,2.03,7.62,oeste,3.9416649375572335,0.2339400340521622,3.858370851803889,76.6034869327683,14.896821576412991,6.414392778751903,23.01,26.4,29.28,24.65,30.42,40.61,0.0,0.0,0.0,267,37.46090834260974,17.822379013216988,267,38,832.0,881.0,970.0,974.0,846.7142857142857,983.4285714285714
2021-09-25,2021,9,39,823.0,974.0,2.01,7.94,oeste,3.9416649375572335,0.2339400340521622,3.858370851803889,76.6034869327683,14.896821576412991,6.182291813095995,24.57,26.69,28.63,25.95,31.88,39.81,0.0,0.0,0.0,268,37.49354438898603,14.354005734527028,268,38,865.0,886.0,987.0,958.0,840.7142857142857,981.5714285714286
2021-09-26,2021,9,39,883.0,980.0,1.91,7.92,oeste,3.9416649375572335,0.2339400340521622,3.858370851803889,76.6034869327683,14.896821576412991,5.9420642370787,24.5,24.93,28.62,26.09,31.55,42.27,0.0,0.0,0.0,269,37.52437193559734,14.471569709257553,269,38,845.0,813.0,961.0,1023.0,846.1428571428571,984.2857142857143
2021-09-27,2021,9,40,692.0,871.0,8.87,7.8,oeste,3.9416649375572335,0.2339400340521622,3.858370851803889,76.6034869327683,14.896821576412991,5.905054856764906,24.16,26.56,28.5,30.12,38.7,37.21,0.0,0.0,0.0,270,37.553386864937465,14.864406616859728,270,39,860.0,855.0,979.0,995.0,822.1428571428571,968.8571428571429
2021-09-28,2021,9,40,658.0,852.0,9.43,8.43,oeste,3.9416649375572335,0.2339400340521622,3.858370851803889,76.6034869327683,14.896821576412991,5.9490081253302325,25.36,27.25,26.7,28.67,37.27,40.52,0.0,0.0,0.0,271,37.58058731188056,8.265508239234544,271,39,808.0,842.0,990.0,1010.0,800.7142857142857,949.1428571428571
2021-09-29,2021,9,40,644.0,861.0,9.1,7.74,oeste,3.9416649375572335,0.2339400340521622,3.858370851803889,76.6034869327683,14.896821576412991,6.017745658607641,25.47,25.79,28.97,27.64,35.17,39.66,0.0,0.0,0.0,272,37.60597366004136,13.367323567532402,272,39,877.0,855.0,949.0,1007.0,767.4285714285714,936.5714285714286
2021-09-30,2021,9,40,643.0,800.0,9.03,8.3,oeste,3.9416649375572335,0.2339400340521622,3.858370851803889,76.6034869327683,14.896821576412991,6.144269043941871,23.94,25.3,27.56,28.38,35.7,40.22,0.0,0.0,0.0,273,37.62954853500125,13.603068783796262,273,39,810.0,829.0,1015.0,960.0,743.5714285714286,905.8571428571429
2021-10-01,2021,10,40,668.0,863.0,9.42,7.96,oeste,3.9416649375572335,0.2339400340521622,3.858370851803889,76.6034869327683,14.896821576412991,6.375940417080655,25.0,25.8,28.64,30.35,36.52,40.44,0.0,0.0,0.0,274,37.6513167944056,13.648485488557654,274,39,862.0,832.0,1003.0,970.0,715.8571428571429,885.8571428571429
2021-10-02,2021,10,40,668.0,821.0,8.84,7.92,oeste,3.9416649375572335,0.2339400340521622,3.858370851803889,76.6034869327683,14.896821576412991,6.324019696562561,23.82,26.23,26.67,27.83,37.73,40.0,0.0,0.0,0.0,275,37.67128551494343,12.08332541274809,275,39,823.0,865.0,974.0,987.0,693.7142857142857,864.0
2021-10-03,2021,10,40,638.0,798.0,9.32,8.18,oeste,3.9416649375572335,0.2339400340521622,3.858370851803889,76.6034869327683,14.896821576412991,6.33946058845939,23.86,26.08,28.38,27.72,38.73,38.44,0.0,0.0,0.0,276,37.689463976226754,15.224490911501809,276,39,883.0,845.0,980.0,961.0,658.7142857142857,838.0
2021-10-04,2021,10,41,633.0,802.0,8.79,7.81,oeste,3.9416649375572335,0.2339400340521622,3.858370851803889,76.6034869327683,14.896821576412991,6.002324908794458,26.22,26.25,28.28,29.36,34.98,37.54,0.0,0.0,0.0,277,37.705863641592536,10.282438100319508,277,40,692.0,860.0,871.0,979.0,650.2857142857143,828.1428571428571
2021-10-05,2021,10,41,642.0,880.0,9.21,8.03,oeste,3.9416649375572335,0.2339400340521622,3.858370851803889,76.6034869327683,14.896821576412991,6.014964233867633,24.87,26.92,26.64,27.79,35.69,39.75,0.0,0.0,0.0,278,37.720498135855664,9.53493317174238,278,40,658.0,808.0,852.0,990.0,648.0,832.1428571428571
2021-10-06,2021,10,41,676.0,870.0,9.05,8.24,oeste,3.9416649375572335,0.2339400340521622,3.858370851803889,76.6034869327683,14.896821576412991,6.3309741390974095,25.59,26.19,28.04,30.0,36.17,39.28,0.0,0.0,0.0,279,37.73338322004756,11.221796516843138,279,40,644.0,877.0,861.0,949.0,652.5714285714286,833.4285714285714
2021-10-07,2021,10,41,667.0,872.0,8.86,8.08,oeste,3.9416649375572335,0.2339400340521622,3.858370851803889,76.6034869327683,14.896821576412991,6.437722592468497,24.71,25.95,28.56,29.57,37.55,37.99,0.0,0.0,0.0,280,37.74453676317992,14.07142451776246,280,40,643.0,810.0,800.0,1015.0,656.0,843.7142857142857
2021-10-08,2021,10,41,684.0,806.0,8.95,8.25,oeste,3.9416649375572335,0.2339400340521622,3.858370851803889,76.6034869327683,14.896821576412991,5.981546786765793,24.16,26.79,27.32,28.95,35.16,39.71,0.0,0.0,0.0,281,37.75397871107917,12.751458706828087,281,40,668.0,862.0,863.0,1003.0,658.2857142857143,835.5714285714286
2021-10-09,2021,10,41,634.0,801.0,8.56,8.36,oeste,3.9416649375572335,0.2339400340521622,3.858370851803889,76.6034869327683,14.896821576412991,6.436386296586766,23.9,25.88,28.13,28.99,36.64,38.89,0.0,0.0,0.0,282,37.76173105234202,14.756238956861448,282,40,668.0,823.0,821.0,974.0,653.4285714285714,832.7142857142857
2021-10-10,2021,10,41,675.0,835.0,9.11,8.38,oeste,3.9416649375572335,0.2339400340521622,3.858370851803889,76.6034869327683,14.896821576412991,5.979448921827497,25.48,26.7,27.22,30.03,35.25,38.26,0.0,0.0,0.0,283,37.7678177814679,9.46564291948608,283,40,638.0,883.0,798.0,980.0,658.7142857142857,838.0
2021-10-11,2021,10,42,652.0,846.0,9.16,8.47,oeste,3.9416649375572335,0.2339400340521622,3.858370851803889,76.6034869327683,14.896821576412991,6.457820407882905,24.71,27.0,27.83,29.63,34.94,38.21,0.0,0.0,0.0,284,37.77226485922906,12.676633203419769,284,41,633.0,692.0,802.0,871.0,661.4285714285714,844.2857142857143
2021-10-12,2021,10,42,652.0,860.0,9.45,8.17,oeste,3.9416649375572335,0.2339400340521622,3.858370851803889,76.6034869327683,14.896821576412991,6.4832731119197335,25.29,26.65,27.97,29.14,36.75,40.61,0.0,0.0,0.0,285,37.77510017034398,11.749695793709211,285,41,642.0,658.0,880.0,852.0,662.8571428571429,841.4285714285714
2021-10-13,2021,10,42,666.0,865.0,9.4,7.82,oeste,3.9416649375572335,0.2339400340521622,3.858370851803889,76.6034869327683,14.896821576412991,5.915714568668518,25.97,27.34,28.08,28.44,37.74,38.35,0.0,0.0,0.0,286,37.776353478524165,10.425931377342732,286,41,676.0,644.0,870.0,861.0,661.4285714285714,840.7142857142857
2021-10-14,2021,10,42,642.0,818.0,8.98,8.5,oeste,3.9416649375572335,0.2339400340521622,3.858370851803889,76.6034869327683,14.896821576412991,6.457357925143256,25.6,26.55,26.69,28.99,35.03,38.33,0.0,0.0,0.0,287,37.77605637896929,7.493478538592173,287,41,667.0,643.0,872.0,800.0,657.8571428571429,833.0
2021-10-15,2021,10,42,662.0,806.0,8.67,8.14,oeste,3.9416649375572335,0.2339400340521622,3.858370851803889,76.6034869327683,14.896821576412991,6.264559762413885,24.08,25.41,28.49,27.77,38.06,39.83,0.0,0.0,0.0,288,37.77424224838939,15.071922657107368,288,41,684.0,668.0,806.0,863.0,654.7142857142857,833.0
2021-10-16,2021,10,42,647.0,852.0,8.86,8.15,oeste,3.9416649375572335,0.2339400340521622,3.858370851803889,76.6034869327683,14.896821576412991,6.253485436816632,25.07,25.46,28.5,28.86,38.09,37.16,0.0,0.0,0.0,289,37.77094619263745,13.291026544439648,289,41,634.0,668.0,801.0,821.0,656.5714285714286,840.2857142857143
2021-10-17,2021,10,42,690.0,819.0,8.83,8.02,oeste,3.9416649375572335,0.2339400340521622,3.858370851803889,76.6034869327683,14.896821576412991,6.120877401581764,24.25,27.21,28.73,30.36,36.73,38.4,0.0,0.0,0.0,290,37.76620499203883,15.187837928486369,290,41,675.0,638.0,835.0,798.0,658.7142857142857,838.0
2021-10-18,2021,10,43,644.0,833.0,9.23,8.1,oeste,3.9416649375572335,0.2339400340521622,3.858370851803889,76.6034869327683,14.896821576412991,6.459991657201312,23.84,27.27,28.25,29.81,38.46,38.46,0.0,0.57,4.2,291,37.7600570445083,15.066262760758812,291,42,652.0,633.0,846.0,802.0,657.5714285714286,836.1428571428571
2021-10-19,2021,10,43,652.0,839.0,9.4,8.42,oeste,3.9416649375572335,0.2339400340521622,3.858370851803889,76.6034869327683,14.896821576412991,6.017896105949013,23.89,25.14,27.99,27.86,36.47,38.2,0.0,0.6,3.99,292,37.75254230654842,14.524183668435542,292,42,652.0,642.0,860.0,880.0,657.5714285714286,833.1428571428571
2021-10-20,2021,10,43,661.0,863.0,9.28,8.2,oeste,3.9416649375572335,0.2339400340521622,3.858370851803889,76.6034869327683,14.896821576412991,6.467019140441933,25.52,27.05,27.22,29.57,35.07,39.01,0.0,0.59,4.19,293,37.74370223222586,9.350235706196017,293,42,666.0,676.0,865.0,870.0,656.8571428571429,832.8571428571429
2021-10-21,2021,10,43,665.0,832.0,8.85,7.79,oeste,3.9416649375572335,0.2339400340521622,3.858370851803889,76.6034869327683,14.896821576412991,6.463091880963147,26.12,26.33,28.75,29.9,35.65,40.34,0.0,0.59,4.06,294,37.73357971022576,11.626780752766631,294,42,642.0,667.0,818.0,872.0,660.1428571428571,834.8571428571429
2021-10-22,2021,10,43,650.0,830.0,8.76,7.97,oeste,3.9416649375572335,0.2339400340521622,3.858370851803889,76.6034869327683,14.896821576412991,6.315472257335019,24.59,26.61,27.08,29.2,34.92,38.33,0.0,0.58,4.14,295,37.722218999086536,11.309684936144956,295,42,662.0,684.0,806.0,806.0,658.4285714285714,838.2857142857143
2021-10-23,2021,10,43,670.0,804.0,9.14,8.31,oeste,3.9416649375572335,0.2339400340521622,3.858370851803889,76.6034869327683,14.896821576412991,5.964901529014428,25.06,25.33,29.1,28.66,36.92,38.38,0.0,0.58,4.13,296,37.70966566071922,14.40114308496271,296,42,647.0,634.0,852.0,801.0,661.7142857142857,831.4285714285714
2021-10-24,2021,10,43,669.0,865.0,8.67,8.24,oeste,3.9416649375572335,0.2339400340521622,3.858370851803889,76.6034869327683,14.896821576412991,5.98554695645028,24.06,26.72,27.1,28.57,35.81,40.01,0.0,0.57,4.17,297,37.69596649231899,12.48778104745266,297,42,690.0,675.0,819.0,835.0,658.7142857142857,838.0
2021-10-25,2021,10,44,821.0,1147.0,11.26,9.48,oeste,3.9416649375572335,0.2339400340521622,3.858370851803889,76.6034869327683,14.896821576412991,6.135245763716012,22.6,26.94,28.01,41.97,48.64,50.48,0.0,0.0,0.0,298,37.681169456776864,16.652391260654905,298,43,644.0,652.0,833.0,846.0,684.0,882.8571428571429
2021-10-26,2021,10,44,755.0,1063.0,10.94,8.97,oeste,3.9416649375572335,0.2339400340521622,3.858370851803889,76.6034869327683,14.896821576412991,5.946459222824208,22.53,26.36,28.39,42.96,47.67,53.06,0.0,0.0,0.0,299,37.665323611702064,17.323837929583604,299,43,652.0,652.0,839.0,860.0,698.7142857142857,914.8571428571429
2021-10-27,2021,10,44,825.0,1150.0,11.0,9.75,oeste,3.9416649375572335,0.2339400340521622,3.858370851803889,76.6034869327683,14.896821576412991,6.380686705292921,23.0,26.49,28.15,40.51,51.94,53.57,0.0,0.0,0.0,300,37.648479037166446,16.23321913396264,300,43,661.0,666.0,863.0,865.0,722.1428571428571,955.8571428571429
2021-10-28,2021,10,44,814.0,1087.0,10.54,9.84,oeste,3.9416649375572335,0.2339400340521622,3.858370851803889,76.6034869327683,14.896821576412991,5.975391622839205,24.12,26.24,27.54,44.0,48.62,52.81,0.0,0.0,0.0,301,37.63068676228361,13.22235454786934,301,43,665.0,642.0,832.0,818.0,743.4285714285714,992.2857142857143
2021-10-29,2021,10,44,790.0,1115.0,11.17,8.94,oeste,3.9416649375572335,0.2339400340521622,3.858370851803889,76.6034869327683,14.896821576412991,6.113481909067516,23.32,27.61,28.65,42.31,51.15,53.63,0.0,0.0,0.0,302,37.611998690736144,16.49846796306519,302,43,650.0,662.0,830.0,806.0,763.4285714285714,1033.0
2021-10-30,2021,10,44,793.0,1159.0,10.46,9.63,oeste,3.9416649375572335,0.2339400340521622,3.858370851803889,76.6034869327683,14.896821576412991,5.980255600818639,22.95,27.52,28.75,41.68,48.1,52.96,0.0,0.0,0.0,303,37.59246752536474,17.201583619960587,303,43,670.0,647.0,804.0,852.0,781.0,1083.7142857142858
2021-10-31,2021,10,44,774.0,1087.0,10.78,8.99,oeste,3.9416649375572335,0.2339400340521622,3.858370851803889,76.6034869327683,14.896821576412991,6.195474744983454,23.38,27.0,27.17,40.6,51.76,51.36,0.0,0.0,0.0,304,37.57214669193354,13.897581040635435,304,43,669.0,690.0,865.0,819.0,796.0,1115.4285714285713
2021-11-01,2021,11,45,766.0,1097.0,10.53,9.21,oeste,3.9416649375572335,0.2339400340521622,3.858370851803889,76.6034869327683,14.896821576412991,6.473170742418065,22.87,25.81,26.76,43.58,50.87,54.74,0.0,0.0,0.0,305,37.55109026218615,14.071842074938424,305,44,821.0,644.0,1147.0,833.0,788.1428571428571,1108.2857142857142
2021-11-02,2021,11,45,824.0,1154.0,10.85,9.71,oeste,3.9416649375572335,0.2339400340521622,3.858370851803889,76.6034869327683,14.896821576412991,6.45559407757027,23.34,26.8,29.13,43.16,50.32,53.78,0.0,0.0,0.0,306,37.529352876306135,17.15789313997815,306,44,755.0,652.0,1063.0,839.0,798.0,1121.2857142857142
2021-11-03,2021,11,45,803.0,1118.0,11.47,9.54,oeste,3.9416649375572335,0.2339400340521622,3.858370851803889,76.6034869327683,14.896821576412991,5.925069071369506,23.82,25.62,27.3,43.48,50.34,54.66,0.0,0.0,0.0,307,37.506989664896246,13.293992570301333,307,44,825.0,661.0,1150.0,863.0,794.8571428571429,1116.7142857142858
2021-11-04,2021,11,45,771.0,1092.0,11.12,9.3,oeste,3.9416649375572335,0.2339400340521622,3.858370851803889,76.6034869327683,14.896821576412991,6.105958634199196,23.83,27.23,28.56,40.23,49.28,53.02,0.0,0.0,0.0,308,37.48405617058897,15.489262907047213,308,44,814.0,665.0,1087.0,832.0,788.7142857142857,1117.4285714285713
2021-11-05,2021,11,45,811.0,1147.0,11.05,9.51,oeste,3.9416649375572335,0.2339400340521622,3.858370851803889,76.6034869327683,14.896821576412991,5.951557509607622,22.63,26.54,28.57,41.99,48.37,53.98,0.0,0.0,0.0,309,37.46060826940131,17.346890953773464,309,44,790.0,650.0,1115.0,830.0,791.7142857142857,1122.0
2021-11-06,2021,11,45,812.0,1123.0,10.56,9.47,oeste,3.9416649375572335,0.2339400340521622,3.858370851803889,76.6034869327683,14.896821576412991,6.3547901551407096,23.62,27.14,26.69,42.68,49.05,51.01,0.0,0.0,0.0,310,37.43670209194459,12.462936210943344,310,44,793.0,670.0,1159.0,804.0,794.4285714285714,1116.857142857143
2021-11-07,2021,11,45,785.0,1077.0,11.33,9.76,oeste,3.9416649375572335,0.2339400340521622,3.858370851803889,76.6034869327683,14.896821576412991,6.214145785443425,24.03,27.73,28.54,40.9,49.19,53.75,0.0,0.0,0.0,311,37.41239394460002,15.095843006730131,311,44,774.0,669.0,1087.0,865.0,796.0,1115.4285714285713
2021-11-08,2021,11,46,786.0,1101.0,11.07,9.81,oeste,3.9416649375572335,0.2339400340521622,3.858370851803889,76.6034869327683,14.896821576412991,6.019632401711073,22.5,25.83,28.07,41.06,47.13,55.32,0.0,0.0,0.0,312,37.38774023076799,16.765264714654737,312,45,766.0,821.0,1097.0,1147.0,798.8571428571429,1116.0
2021-11-09,2021,11,46,766.0,1155.0,11.52,9.54,oeste,3.9416649375572335,0.2339400340521622,3.858370851803889,76.6034869327683,14.896821576412991,6.308725283707158,21.91,28.12,29.07,43.89,50.87,50.41,0.0,0.0,0.0,313,37.36279737229912,18.995446078400487,313,45,824.0,755.0,1154.0,1063.0,790.5714285714286,1116.142857142857
2021-11-10,2021,11,46,803.0,1074.0,10.95,9.59,oeste,3.9416649375572335,0.2339400340521622,3.858370851803889,76.6034869327683,14.896821576412991,6.035239951498706,22.87,27.08,29.09,40.03,49.44,53.13,0.0,0.0,0.0,314,37.337621731211776,17.692754232729605,314,45,803.0,825.0,1118.0,1150.0,790.5714285714286,1109.857142857143
2021-11-11,2021,11,46,774.0,1161.0,10.99,9.51,oeste,3.9416649375572335,0.2339400340521622,3.858370851803889,76.6034869327683,14.896821576412991,6.389295560690679,23.71,26.01,29.25,40.74,48.46,52.96,0.0,0.0,0.0,315,37.31226953180009,16.68630391338938,315,45,771.0,814.0,1092.0,1087.0,791.0,1119.7142857142858
2021-11-12,2021,11,46,778.0,1116.0,11.05,9.74,oeste,3.9416649375572335,0.2339400340521622,3.858370851803889,76.6034869327683,14.896821576412991,6.081634394087526,22.9,27.14,28.02,43.8,51.01,54.57,0.0,0.0,0.0,316,37.28679678323379,16.030374087322812,316,45,811.0,790.0,1147.0,1115.0,786.2857142857143,1115.2857142857142
2021-11-13,2021,11,46,834.0,1085.0,10.57,9.69,oeste,3.9416649375572335,0.2339400340521622,3.858370851803889,76.6034869327683,14.896821576412991,6.3460060041317545,22.97,26.94,28.26,42.12,51.65,55.04,0.0,0.0,0.0,317,37.26125920274963,16.283170271601595,317,45,812.0,793.0,1123.0,1159.0,789.4285714285714,1109.857142857143
2021-11-14,2021,11,46,831.0,1116.0,10.68,9.23,oeste,3.9416649375572335,0.2339400340521622,3.858370851803889,76.6034869327683,14.896821576412991,6.1100487486365,23.54,26.1,27.33,40.7,49.38,55.14,0.0,0.0,0.0,318,37.23571213953113,13.773137087639626,318,45,785.0,774.0,1077.0,1087.0,796.0,1115.4285714285713
2021-11-15,2021,11,47,794.0,1112.0,10.54,9.44,oeste,3.9416649375572335,0.2339400340521622,3.858370851803889,76.6034869327683,14.896821576412991,6.318236514483201,23.82,25.73,27.69,42.58,51.01,52.48,0.0,0.3,1.97,319,37.21021049937182,13.908209066080152,319,46,786.0,766.0,1101.0,1097.0,797.1428571428571,1117.0
2021-11-16,2021,11,47,800.0,1129.0,10.95,9.33,oeste,3.9416649375572335,0.2339400340521622,3.858370851803889,76.6034869327683,14.896821576412991,6.437766143779524,23.62,26.18,29.22,43.06,49.36,53.46,0.0,0.29,1.94,320,37.184808670214245,16.719110405733414,320,46,766.0,824.0,1155.0,1154.0,802.0,1113.2857142857142
2021-11-17,2021,11,47,811.0,1145.0,11.35,9.21,oeste,3.9416649375572335,0.2339400340521622,3.858370851803889,76.6034869327683,14.896821576412991,6.1379660949847965,22.47,26.02,27.6,43.51,51.53,52.66,0.0,0.28,1.97,321,37.15956044865456,15.991266157262302,321,46,803.0,803.0,1074.0,1118.0,803.1428571428571,1123.4285714285713
2021-11-18,2021,11,47,816.0,1111.0,10.67,9.01,oeste,3.9416649375572335,0.2339400340521622,3.858370851803889,76.6034869327683,14.896821576412991,6.502226139185416,23.19,26.35,27.22,40.08,51.42,53.39,0.0,0.28,2.04,322,37.1345189675,14.163935048721315,322,46,774.0,771.0,1161.0,1092.0,809.1428571428571,1116.2857142857142
2021-11-19,2021,11,47,799.0,1079.0,11.06,9.4,oeste,3.9416649375572335,0.2339400340521622,3.858370851803889,76.6034869327683,14.896821576412991,6.013387663077676,22.1,26.13,26.73,40.0,51.44,54.11,0.0,0.28,2.09,323,37.10973662446371,15.17162042088035,323,46,778.0,811.0,1116.0,1147.0,812.1428571428571,1111.0
2021-11-20,2021,11,47,762.0,1096.0,10.83,9.82,oeste,3.9416649375572335,0.2339400340521622,3.858370851803889,76.6034869327683,14.896821576412991,6.032634128216243,22.11,27.76,28.74,40.62,47.36,54.48,0.0,0.28,1.99,324,37.08526501207903,18.14311076560589,324,46,834.0,812.0,1085.0,1123.0,801.8571428571429,1112.5714285714287
2021-11-21,2021,11,47,790.0,1136.0,10.6,9.18,oeste,3.9416649375572335,0.2339400340521622,3.858370851803889,76.6034869327683,14.896821576412991,6.027100483762071,23.56,28.12,28.74,44.01,47.67,53.31,0.0,0.29,1.94,325,37.06115484891205,16.026453541100555,325,46,831.0,785.0,1116.0,1077.0,796.0,1115.4285714285713
2021-11-22,2021,11,48,1087.0,1572.0,12.56,9.47,oeste,3.9416649375572335,0.2339400340521622,3.858370851803889,76.6034869327683,14.896821576412991,5.974443671123926,23.33,25.65,27.44,41.0,49.66,59.56,0.0,0.0,0.0,326,37.037455912149134,14.266441484156967,326,47,794.0,786.0,1112.0,1101.0,837.8571428571429,1181.142857142857
2021-11-23,2021,11,48,1164.0,1590.0,13.63,9.33,oeste,3.9416649375572335,0.2339400340521622,3.858370851803889,76.6034869327683,14.896821576412991,6.093926082291648,23.64,27.17,26.78,40.18,48.49,55.53,0.0,0.0,0.0,327,37.0142169716326,12.461978320312948,327,47,800.0,766.0,1129.0,1155.0,889.8571428571429,1247.0
2021-11-24,2021,11,48,1156.0,1594.0,13.16,9.38,oeste,3.9416649375572335,0.2339400340521622,3.858370851803889,76.6034869327683,14.896821576412991,6.428160617120947,23.79,27.05,27.59,40.58,52.6,57.77,0.0,0.0,0.0,328,36.99148572541555,13.70083934723335,328,47,811.0,803.0,1145.0,1074.0,939.1428571428571,1311.142857142857
2021-11-25,2021,11,48,1139.0,1590.0,12.93,9.53,oeste,3.9416649375572335,0.2339400340521622,3.858370851803889,76.6034869327683,14.896821576412991,6.3826289915903285,23.75,27.42,27.03,40.33,48.83,57.36,0.0,0.0,0.0,329,36.96930873690382,12.721310498328162,329,47,816.0,774.0,1111.0,1161.0,985.2857142857143,1379.5714285714287
2021-11-26,2021,11,48,1126.0,1502.0,13.08,9.44,oeste,3.9416649375572335,0.2339400340521622,3.858370851803889,76.6034869327683,14.896821576412991,6.152702968529035,22.13,26.41,26.7,40.84,52.96,56.0,0.0,0.0,0.0,330,36.94773137364985,15.00719336692125,330,47,799.0,778.0,1079.0,1116.0,1032.0,1440.0
2021-11-27,2021,11,48,1160.0,1579.0,12.88,9.19,oeste,3.9416649375572335,0.2339400340521622,3.858370851803889,76.6034869327683,14.896821576412991,5.988159249760989,22.66,26.65,27.97,41.91,50.79,60.52,0.0,0.0,0.0,331,36.926797747861336,16.16748658369318,331,47,762.0,834.0,1096.0,1085.0,1088.857142857143,1509.0
2021-11-28,2021,11,48,1095.0,1523.0,12.89,9.18,oeste,3.9416649375572335,0.2339400340521622,3.858370851803889,76.6034869327683,14.896821576412991,6.233436339302411,22.98,27.58,28.25,43.77,53.27,58.53,0.0,0.0,0.0,332,36.90655065868384,16.097645746478435,332,47,790.0,831.0,1136.0,1116.0,1132.4285714285713,1564.2857142857142
2021-11-29,2021,11,49,1082.0,1555.0,12.85,9.81,oeste,3.9416649375572335,0.2339400340521622,3.858370851803889,76.6034869327683,14.896821576412991,5.958706082672628,28.12,28.9,29.18,45.62,57.43,62.37,0.0,4.81,32.65,333,36.88703153631436,7.215729440239502,333,48,1087.0,794.0,1572.0,1112.0,1131.7142857142858,1561.857142857143
2021-11-30,2021,11,49,1104.0,1581.0,13.02,9.86,oeste,3.9416649375572335,0.2339400340521622,3.858370851803889,76.6034869327683,14.896821576412991,6.060020470637635,26.99,27.49,28.24,44.71,59.78,62.42,0.0,4.93,33.35,334,36.86828038800015,7.831798210303614,334,48,1164.0,800.0,1590.0,1129.0,1123.142857142857,1560.5714285714287
2021-12-01,2021,12,49,1183.0,1533.0,12.47,9.31,oeste,3.9416649375572335,0.2339400340521622,3.858370851803889,76.6034869327683,14.896821576412991,6.2536082131227975,27.04,29.15,29.72,43.71,58.61,62.89,0.0,4.72,34.64,335,36.85033574597404,11.462053918024084,335,48,1156.0,811.0,1594.0,1145.0,1127.0,1551.857142857143
2021-12-02,2021,12,49,1166.0,1602.0,13.33,9.63,oeste,3.9416649375572335,0.2339400340521622,3.858370851803889,76.6034869327683,14.896821576412991,6.026024996276616,26.67,28.88,28.89,46.73,55.91,65.0,0.0,4.75,32.4,336,36.833234617375474,10.427253874763377,336,48,1139.0,816.0,1590.0,1111.0,1130.857142857143,1553.5714285714287
2021-12-03,2021,12,49,1122.0,1531.0,13.29,9.07,oeste,3.9416649375572335,0.2339400340521622,3.858370851803889,76.6034869327683,14.896821576412991,6.4060356568908166,26.17,27.47,29.38,45.08,58.71,60.04,0.0,4.64,35.08,337,36.817012436203264,12.532989082905663,337,48,1126.0,799.0,1502.0,1079.0,1130.2857142857142,1557.7142857142858
2021-12-04,2021,12,49,1107.0,1634.0,12.69,9.41,oeste,3.9416649375572335,0.2339400340521622,3.858370851803889,76.6034869327683,14.896821576412991,6.216132403583371,26.67,28.41,29.27,46.03,61.01,64.92,0.0,4.71,33.87,338,36.8017030173441,11.274782981482248,338,48,1160.0,762.0,1579.0,1096.0,1122.7142857142858,1565.5714285714287
2021-12-05,2021,12,49,1163.0,1514.0,12.54,9.47,oeste,3.9416649375572335,0.2339400340521622,3.858370851803889,76.6034869327683,14.896821576412991,6.055195589656956,26.01,28.18,29.73,44.13,59.07,64.54,0.0,5.02,33.48,339,36.78733851271808,13.481041311637004,339,48,1095.0,790.0,1523.0,1136.0,1132.4285714285713,1564.2857142857142
2021-12-06,2021,12,50,1112.0,1566.0,12.69,9.49,oeste,3.9416649375572335,0.2339400340521622,3.858370851803889,76.6034869327683,14.896821576412991,6.169519086138791,26.41,28.72,29.48,45.21,58.71,62.37,0.0,2.27,16.47,340,36.77394936958032,12.242301260723403,340,49,1082.0,1087.0,1555.0,1572.0,1136.7142857142858,1565.857142857143
2021-12-07,2021,12,50,1197.0,1558.0,13.46,9.55,oeste,3.9416649375572335,0.2339400340521622,3.858370851803889,76.6034869327683,14.896821576412991,5.909780258541073,26.72,28.3,27.75,47.64,59.13,61.6,0.0,2.29,16.03,341,36.761564291015,7.088693465300874,341,49,1104.0,1164.0,1581.0,1590.0,1150.0,1562.5714285714287
2021-12-08,2021,12,50,1162.0,1642.0,13.63,9.48,oeste,3.9416649375572335,0.2339400340521622,3.858370851803889,76.6034869327683,14.896821576412991,6.274727161965746,26.37,27.9,29.56,46.95,55.14,59.69,0.0,2.25,15.59,342,36.7502101986565,12.471215101313051,342,49,1183.0,1156.0,1533.0,1594.0,1147.0,1578.142857142857
2021-12-09,2021,12,50,1127.0,1522.0,12.91,9.47,oeste,3.9416649375572335,0.2339400340521622,3.858370851803889,76.6034869327683,14.896821576412991,6.448388918819308,27.38,29.25,29.9,45.64,55.1,63.29,0.0,2.38,15.95,343,36.73991219766951,11.081332478653554,343,49,1166.0,1139.0,1602.0,1590.0,1141.4285714285713,1566.7142857142858
2021-12-10,2021,12,50,1108.0,1595.0,13.37,9.52,oeste,3.9416649375572335,0.2339400340521622,3.858370851803889,76.6034869327683,14.896821576412991,6.443814772651673,27.39,27.2,29.57,47.07,60.41,61.65,0.0,2.33,15.39,344,36.730693544018,10.304121630084577,344,49,1122.0,1126.0,1531.0,1502.0,1139.4285714285713,1575.857142857143
2021-12-11,2021,12,50,1128.0,1556.0,13.09,9.63,oeste,3.9416649375572335,0.2339400340521622,3.858370851803889,76.6034869327683,14.896821576412991,6.006008697252197,27.33,27.39,29.26,45.43,57.27,61.26,0.0,2.34,15.31,345,36.722575614051024,9.693160172464252,345,49,1107.0,1160.0,1634.0,1579.0,1142.4285714285713,1564.7142857142858
2021-12-12,2021,12,50,1093.0,1511.0,13.47,9.49,oeste,3.9416649375572335,0.2339400340521622,3.858370851803889,76.6034869327683,14.896821576412991,5.934115443727845,26.54,28.11,29.67,45.36,60.56,64.27,0.0,2.18,15.79,346,36.71557787643095,12.341732747423212,346,49,1163.0,1095.0,1514.0,1523.0,1132.4285714285713,1564.2857142857142
2021-12-13,2021,12,51,1116.0,1603.0,13.05,9.52,oeste,3.9416649375572335,0.2339400340521622,3.858370851803889,76.6034869327683,14.896821576412991,6.302543971361943,27.72,26.87,29.74,45.33,59.74,61.07,0.0,0.0,0.0,347,36.70971786642788,9.913119292215477,347,50,1112.0,1082.0,1566.0,1555.0,1133.0,1569.5714285714287
2021-12-14,2021,12,51,1124.0,1479.0,13.63,9.81,oeste,3.9416649375572335,0.2339400340521622,3.858370851803889,76.6034869327683,14.896821576412991,6.023199409347962,28.11,28.79,28.73,46.08,59.47,61.25,0.0,0.0,0.0,348,36.70501116260207,5.491295391290387,348,50,1197.0,1104.0,1558.0,1581.0,1122.5714285714287,1558.2857142857142
2021-12-15,2021,12,51,1119.0,1489.0,13.45,9.55,oeste,3.9416649375572335,0.2339400340521622,3.858370851803889,76.6034869327683,14.896821576412991,6.159830256295235,26.02,26.93,27.56,43.88,57.75,61.02,0.0,0.0,0.0,349,36.70147136589411,8.653612357590056,349,50,1162.0,1183.0,1642.0,1533.0,1116.4285714285713,1536.4285714285713
2021-12-16,2021,12,51,1115.0,1584.0,12.89,9.92,oeste,3.9416649375572335,0.2339400340521622,3.858370851803889,76.6034869327683,14.896821576412991,6.188952301011892,26.32,28.84,28.98,47.49,56.88,62.75,0.0,0.0,0.0,350,36.699110081140894,11.372343065238509,350,50,1127.0,1166.0,1522.0,1602.0,1114.7142857142858,1545.2857142857142
2021-12-17,2021,12,51,1223.0,1585.0,13.24,9.15,oeste,3.9416649375572335,0.2339400340521622,3.858370851803889,76.6034869327683,14.896821576412991,6.466629320987021,28.32,29.53,27.56,47.99,57.18,62.69,0.0,0.0,0.0,351,36.697936901033465,0.0,351,50,1108.0,1122.0,1595.0,1531.0,1131.142857142857,1543.857142857143
2021-12-18,2021,12,51,1120.0,1599.0,13.02,9.54,oeste,3.9416649375572335,0.2339400340521622,3.858370851803889,76.6034869327683,14.896821576412991,5.971512342882593,25.92,29.6,28.89,44.78,57.78,60.45,0.0,0.0,0.0,352,36.69795939253109,12.016382423638698,352,50,1128.0,1107.0,1556.0,1634.0,1130.0,1550.0
2021-12-19,2021,12,51,1110.0,1611.0,12.47,9.5,oeste,3.9416649375572335,0.2339400340521622,3.858370851803889,76.6034869327683,14.896821576412991,6.4384614501257404,26.08,27.37,28.6,44.55,57.27,63.1,0.0,0.0,0.0,353,36.699183085744046,11.069047941108176,353,50,1093.0,1163.0,1511.0,1514.0,1132.4285714285713,1564.2857142857142
2021-12-20,2021,12,52,1179.0,1585.0,13.06,9.52,oeste,3.9416649375572335,0.2339400340521622,3.858370851803889,76.6034869327683,14.896821576412991,6.133384736758432,26.32,27.38,27.86,47.13,56.38,61.62,0.0,13.01,84.36,354,36.70161146529589,8.653645390759285,354,51,1116.0,1112.0,1603.0,1566.0,1141.4285714285713,1561.7142857142858
2021-12-21,2021,12,52,1126.0,1493.0,13.31,9.97,oeste,3.9416649375572335,0.2339400340521622,3.858370851803889,76.6034869327683,14.896821576412991,6.307385737570735,27.17,29.3,29.73,48.23,60.47,64.98,0.0,11.89,87.7,355,36.70524596417429,11.15839477310898,355,51,1124.0,1197.0,1479.0,1558.0,1141.7142857142858,1563.7142857142858
2021-12-22,2021,12,52,1111.0,1571.0,13.64,9.88,oeste,3.9416649375572335,0.2339400340521622,3.858370851803889,76.6034869327683,14.896821576412991,5.951377325744793,28.16,28.27,28.42,46.61,57.83,63.21,0.0,11.83,86.88,356,36.71008596007762,3.5565234484659927,356,51,1119.0,1162.0,1489.0,1642.0,1140.5714285714287,1575.4285714285713
2021-12-23,2021,12,52,1184.0,1595.0,12.36,9.32,oeste,3.9416649375572335,0.2339400340521622,3.858370851803889,76.6034869327683,14.896821576412991,6.257447852131538,27.25,29.55,28.91,47.88,59.43,59.65,0.0,11.9,90.76,357,36.71612877426296,8.988030331824387,357,51,1115.0,1127.0,1584.0,1522.0,1150.4285714285713,1577.0
2021-12-24,2021,12,52,1126.0,1497.0,13.35,9.46,oeste,3.9416649375572335,0.2339400340521622,3.858370851803889,76.6034869327683,14.896821576412991,5.931649613563871,26.24,27.35,30.08,43.83,55.3,63.67,0.0,12.23,84.73,358,36.72336967289923,13.672934634798628,358,51,1223.0,1108.0,1585.0,1595.0,1136.5714285714287,1564.4285714285713
2021-12-25,2021,12,52,1106.0,1596.0,13.32,9.1,oeste,3.9416649375572335,0.2339400340521622,3.858370851803889,76.6034869327683,14.896821576412991,6.100886554038226,26.84,29.0,28.03,44.43,58.74,62.01,0.0,12.71,86.01,359,36.73180187092755,7.613236389173941,359,51,1120.0,1128.0,1599.0,1556.0,1134.5714285714287,1564.0
2021-12-26,2021,12,52,1095.0,1613.0,13.48,9.84,oeste,3.9416649375572335,0.2339400340521622,3.858370851803889,76.6034869327683,14.896821576412991,6.097276765436352,27.64,26.98,28.63,48.06,60.57,60.15,0.0,12.86,83.1,360,36.74141653842925,6.945877096675309,360,51,1110.0,1093.0,1611.0,1511.0,1132.4285714285713,1564.2857142857142
2021-12-27,2021,12,1,1381.0,1686.0,25.61,9.17,oeste,4.317420498595552,0.2189308400950425,4.185743275579406,80.62709329770495,15.888749756030547,6.355001286432297,26.19,29.22,27.95,67.88,78.78,81.63,0.0,25.07,69.29,361,36.75220280949984,9.26388828729989,361,52,1179.0,1116.0,1585.0,1603.0,1161.2857142857142,1578.7142857142858
2021-12-28,2021,12,1,1403.0,1621.0,23.97,9.93,oeste,4.317420498595552,0.2189308400950425,4.185743275579406,80.62709329770495,15.888749756030547,6.396708140675165,27.42,27.95,28.64,70.77,74.11,80.58,0.0,26.39,73.25,362,36.76414779362595,7.715392412526713,362,52,1126.0,1124.0,1493.0,1479.0,1200.857142857143,1597.0
2021-12-29,2021,12,1,1460.0,1730.0,25.06,9.39,oeste,4.317420498595552,0.2189308400950425,4.185743275579406,80.62709329770495,15.888749756030547,6.287928417702907,26.91,27.36,28.35,70.0,76.35,82.0,0.0,25.65,71.01,363,36.77723658955991,8.385209942419662,363,52,1111.0,1119.0,1571.0,1489.0,1250.7142857142858,1619.7142857142858
2021-12-30,2021,12,1,1475.0,1727.0,26.15,9.69,oeste,4.317420498595552,0.2189308400950425,4.185743275579406,80.62709329770495,15.888749756030547,6.237731652349343,26.36,27.22,27.93,73.25,81.04,82.4,0.0,26.72,72.0,364,36.79145230168498,8.758915944325034,364,52,1184.0,1115.0,1595.0,1584.0,1292.2857142857142,1638.5714285714287
2021-12-31,2021,12,1,1358.0,1727.0,24.64,9.66,oeste,4.317420498595552,0.2189308400950425,4.185743275579406,80.62709329770495,15.888749756030547,6.794449624133407,27.77,27.11,27.81,69.68,78.85,78.18,0.0,26.75,71.24,365,36.80677605886264,1.3986574902367654,365,52,1126.0,1223.0,1497.0,1585.0,1325.4285714285713,1671.4285714285713
2022-01-01,2022,1,1,1338.0,1671.0,26.03,9.24,oeste,4.317420498595552,0.2189308400950425,4.185743275579406,80.62709329770495,15.888749756030547,6.815292331530662,25.86,29.15,27.86,68.69,77.28,78.85,0.0,25.24,68.25,1,36.82318703575061,9.894411597994337,1,52,1106.0,1120.0,1596.0,1599.0,1358.5714285714287,1682.142857142857
2022-01-02,2022,1,1,1349.0,1756.0,25.99,9.96,oeste,4.317420498595552,0.2189308400950425,4.185743275579406,80.62709329770495,15.888749756030547,6.784383402426334,27.14,28.76,29.51,71.6,75.19,82.83,0.0,25.96,71.75,2,36.8406624765791,10.77594100591444,2,52,1095.0,1110.0,1613.0,1611.0,1394.857142857143,1702.5714285714287
2022-01-03,2022,1,2,1047.0,1289.0,25.04,9.4,oeste,4.317420498595552,0.2189308400950425,4.185743275579406,80.62709329770495,15.888749756030547,6.356081541844798,26.65,27.81,29.14,71.22,78.28,81.92,0.0,38.54,82.85,3,36.85917772137,11.050932264726072,3,1,1381.0,1179.0,1686.0,1585.0,1347.142857142857,1645.857142857143
2022-01-04,2022,1,2,1068.0,1313.0,25.31,9.89,oeste,4.317420498595552,0.2189308400950425,4.185743275579406,80.62709329770495,15.888749756030547,6.287958165107504,25.67,28.41,28.07,67.3,74.93,79.8,0.0,36.19,84.56,4,36.87870623458231,10.85512674579218,4,1,1403.0,1126.0,1621.0,1493.0,1299.2857142857142,1601.857142857143
2022-01-05,2022,1,2,1038.0,1336.0,25.96,9.4,oeste,4.317420498595552,0.2189308400950425,4.185743275579406,80.62709329770495,15.888749756030547,6.790672900863714,27.67,27.16,30.17,69.72,76.82,78.18,0.0,36.49,78.77,5,36.899219636164034,11.085129903643352,5,1,1460.0,1111.0,1730.0,1571.0,1239.0,1545.5714285714287
2022-01-06,2022,1,2,1073.0,1227.0,23.83,9.8,oeste,4.317420498595552,0.2189308400950425,4.185743275579406,80.62709329770495,15.888749756030547,6.788554171563025,26.34,29.2,30.36,66.86,78.59,76.95,0.0,39.1,79.35,6,36.9206877349893,14.064892258594448,6,1,1475.0,1184.0,1727.0,1595.0,1181.5714285714287,1474.142857142857
2022-01-07,2022,1,2,1039.0,1260.0,24.56,9.92,oeste,4.317420498595552,0.2189308400950425,4.185743275579406,80.62709329770495,15.888749756030547,6.321307116740234,27.94,28.89,30.24,71.69,79.97,83.92,0.0,38.92,81.89,7,36.94307856465669,10.645121004472886,7,1,1358.0,1126.0,1727.0,1497.0,1136.0,1407.4285714285713
2022-01-08,2022,1,2,1038.0,1264.0,24.07,9.74,oeste,4.317420498595552,0.2189308400950425,4.185743275579406,80.62709329770495,15.888749756030547,6.447099510873528,28.25,27.45,29.51,72.58,74.83,80.21,0.0,37.02,84.05,8,36.96635842162235,7.883980538872598,8,1,1338.0,1106.0,1671.0,1596.0,1093.142857142857,1349.2857142857142
2022-01-09,2022,1,2,995.0,1330.0,26.07,9.23,oeste,4.317420498595552,0.2189308400950425,4.185743275579406,80.62709329770495,15.888749756030547,6.62524972586424,27.88,29.62,29.89,71.48,81.21,79.4,0.0,36.58,84.15,9,36.99049190563928,9.964183946215126,9,1,1349.0,1095.0,1756.0,1613.0,1042.5714285714287,1288.4285714285713
2022-01-10,2022,1,3,1051.0,1372.0,23.92,9.4,oeste,4.317420498595552,0.2189308400950425,4.185743275579406,80.62709329770495,15.888749756030547,6.487199249948887,26.99,27.34,29.42,66.53,74.92,77.58,0.0,63.35,115.57,10,37.015441962471165,10.96325907055853,10,2,1047.0,1381.0,1289.0,1686.0,1043.142857142857,1300.2857142857142
2022-01-11,2022,1,3,1030.0,1304.0,25.42,9.32,oeste,4.317420498595552,0.2189308400950425,4.185743275579406,80.62709329770495,15.888749756030547,6.670672323269592,26.78,29.72,28.07,73.46,77.06,77.79,0.0,64.35,124.57,11,37.041169928847104,7.993429543791164,11,2,1068.0,1403.0,1313.0,1621.0,1037.7142857142858,1299.0
2022-01-12,2022,1,3,1025.0,1330.0,25.23,9.55,oeste,4.317420498595552,0.2189308400950425,4.185743275579406,80.62709329770495,15.888749756030547,6.811731383160755,26.58,29.56,28.99,67.73,77.37,79.61,0.0,62.57,124.54,12,37.06763557962014,10.933444555991208,12,2,1038.0,1460.0,1336.0,1730.0,1035.857142857143,1298.142857142857
2022-01-13,2022,1,3,1097.0,1331.0,24.42,9.62,oeste,4.317420498595552,0.2189308400950425,4.185743275579406,80.62709329770495,15.888749756030547,6.686417039173683,27.8,27.87,27.89,70.83,78.41,82.26,0.0,64.66,116.55,13,37.094797177090456,2.114403439094154,13,2,1073.0,1475.0,1227.0,1727.0,1039.2857142857142,1313.0
2022-01-14,2022,1,3,1107.0,1366.0,24.27,9.48,oeste,4.317420498595552,0.2189308400950425,4.185743275579406,80.62709329770495,15.888749756030547,6.741426606035464,26.31,28.85,27.67,71.17,77.51,77.94,0.0,65.99,116.01,14,37.12261152245078,8.225486155940743,14,2,1039.0,1358.0,1260.0,1727.0,1049.0,1328.142857142857
2022-01-15,2022,1,3,1066.0,1277.0,24.78,9.29,oeste,4.317420498595552,0.2189308400950425,4.185743275579406,80.62709329770495,15.888749756030547,6.522737128761538,27.25,28.93,27.93,67.35,79.67,84.03,0.0,63.46,124.9,15,37.15103400930886,5.820750218209185,15,2,1038.0,1338.0,1264.0,1671.0,1053.0,1330.0
2022-01-16,2022,1,3,1094.0,1293.0,24.05,9.72,oeste,4.317420498595552,0.2189308400950425,4.185743275579406,80.62709329770495,15.888749756030547,6.6972753766886495,26.48,27.66,29.96,72.19,77.01,83.38,0.0,65.14,124.55,16,37.18001867923871,13.178100842042916,16,2,995.0,1349.0,1330.0,1756.0,1067.142857142857,1324.7142857142858
2022-01-17,2022,1,4,883.0,1048.0,25.99,9.73,oeste,4.317420498595552,0.2189308400950425,4.185743275579406,80.62709329770495,15.888749756030547,6.750701771866021,26.8,29.08,29.16,68.14,80.43,79.9,0.0,66.25,408.01,17,37.20951827930973,10.86084585823165,17,3,1051.0,1047.0,1372.0,1289.0,1043.142857142857,1278.4285714285713
2022-01-18,2022,1,4,819.0,1077.0,25.8,10.06,oeste,4.317420498595552,0.2189308400950425,4.185743275579406,80.62709329770495,15.888749756030547,6.238913165124996,27.59,28.98,29.19,68.47,79.98,84.11,0.0,67.63,381.69,18,37.23948432153915,8.949880790310738,18,3,1030.0,1068.0,1304.0,1313.0,1013.0,1246.0
2022-01-19,2022,1,4,862.0,1106.0,25.49,9.74,oeste,4.317420498595552,0.2189308400950425,4.185743275579406,80.62709329770495,15.888749756030547,6.72251035555921,26.05,28.01,29.92,68.93,77.22,82.55,0.0,65.27,403.5,19,37.26986714421054,13.930507168602626,19,3,1025.0,1038.0,1330.0,1336.0,989.7142857142857,1214.0
2022-01-20,2022,1,4,851.0,1118.0,25.78,9.57,oeste,4.317420498595552,0.2189308400950425,4.185743275579406,80.62709329770495,15.888749756030547,6.725072925722241,26.6,29.32,27.68,70.41,80.64,80.83,0.0,65.86,392.08,20,37.30061597499794,7.365148070543534,20,3,1097.0,1073.0,1331.0,1227.0,954.5714285714286,1183.5714285714287
2022-01-21,2022,1,4,881.0,1144.0,24.16,9.16,oeste,4.317420498595552,0.2189308400950425,4.185743275579406,80.62709329770495,15.888749756030547,6.590400839833585,26.88,27.15,29.43,69.58,75.7,77.94,0.0,66.49,381.26,21,37.33167899583191,11.326643041771762,21,3,1107.0,1039.0,1366.0,1260.0,922.2857142857143,1151.857142857143
2022-01-22,2022,1,4,839.0,1072.0,24.73,9.39,oeste,4.317420498595552,0.2189308400950425,4.185743275579406,80.62709329770495,15.888749756030547,6.46088936205299,26.13,29.68,27.6,71.93,79.73,82.06,0.0,62.65,398.82,22,37.36300340944033,8.607044490393147,22,3,1066.0,1038.0,1277.0,1264.0,889.8571428571429,1122.5714285714287
2022-01-23,2022,1,4,863.0,1065.0,24.06,9.77,oeste,4.317420498595552,0.2189308400950425,4.185743275579406,80.62709329770495,15.888749756030547,6.542491287321748,26.09,28.61,27.62,69.26,73.56,82.14,0.0,67.01,383.87,23,37.39453550749423,8.788352323943606,23,3,1094.0,995.0,1293.0,1330.0,856.8571428571429,1090.0
2022-01-24,2022,1,5,847.0,990.0,60.23,8.58,oeste,4.317420498595552,0.2189308400950425,4.185743275579406,80.62709329770495,15.888749756030547,6.557707288885678,26.71,26.94,27.83,73.16,87.35,89.73,0.0,59.37,213.53,24,37.4262207402849,7.5255559169769075,24,4,883.0,1051.0,1048.0,1372.0,851.7142857142857,1081.7142857142858
2022-01-25,2022,1,5,855.0,990.0,61.75,8.71,oeste,4.317420498595552,0.2189308400950425,4.185743275579406,80.62709329770495,15.888749756030547,6.246305542500913,27.55,28.68,29.89,73.08,84.13,87.44,0.0,62.34,214.28,25,37.45800378785598,10.886948258507076,25,4,819.0,1030.0,1077.0,1304.0,856.8571428571429,1069.2857142857142
2022-01-26,2022,1,5,845.0,1038.0,63.39,8.66,oeste,4.317420498595552,0.2189308400950425,4.185743275579406,80.62709329770495,15.888749756030547,6.4682404680581325,27.98,28.36,30.19,71.94,82.6,90.67,0.0,62.97,214.07,26,37.48982863251055,10.589201025745744,26,4,862.0,1025.0,1106.0,1330.0,854.4285714285714,1059.5714285714287
2022-01-27,2022,1,5,854.0,1039.0,63.13,8.09,oeste,4.317420498595552,0.2189308400950425,4.185743275579406,80.62709329770495,15.888749756030547,6.622868884371591,27.53,28.64,29.28,72.8,87.21,92.16,0.0,58.72,201.62,27,37.52163863261035,9.43092783752446,27,4,851.0,1097.0,1118.0,1331.0,854.8571428571429,1048.2857142857142
2022-01-28,2022,1,5,837.0,1050.0,62.46,8.41,oeste,4.317420498595552,0.2189308400950425,4.185743275579406,80.62709329770495,15.888749756030547,6.331918985688701,26.98,29.22,28.84,71.1,83.25,94.56,0.0,63.52,207.18,28,37.55337659758075,9.73103569408971,28,4,881.0,1107.0,1144.0,1366.0,848.5714285714286,1034.857142857143
2022-01-29,2022,1,5,865.0,1041.0,60.04,8.74,oeste,4.317420498595552,0.2189308400950425,4.185743275579406,80.62709329770495,15.888749756030547,6.759477766059154,27.13,26.81,28.54,68.94,81.57,89.78,0.0,59.96,201.76,29,37.58498486403285,8.479642384621698,29,4,839.0,1066.0,1072.0,1277.0,852.2857142857143,1030.4285714285713
2022-01-30,2022,1,5,814.0,1081.0,61.68,8.42,oeste,4.317420498595552,0.2189308400950425,4.185743275579406,80.62709329770495,15.888749756030547,6.284340768098147,27.69,28.68,29.67,67.05,82.71,91.78,0.0,61.13,202.07,30,37.61640537290953,10.056885093573092,30,4,863.0,1094.0,1065.0,1293.0,845.2857142857143,1032.7142857142858
2022-01-31,2022,1,6,848.0,1181.0,61.3,8.51,oeste,4.317420498595552,0.2189308400950425,4.185743275579406,80.62709329770495,15.888749756030547,6.767509276192903,26.85,28.33,29.36,70.19,82.61,88.97,0.0,25.98,52.23,31,37.64757974756102,11.33254686183938,31,5,847.0,883.0,990.0,1048.0,845.4285714285714,1060.0
2022-02-01,2022,2,6,920.0,1200.0,62.0,8.34,oeste,4.317420498595552,0.2189308400950425,4.185743275579406,80.62709329770495,15.888749756030547,6.416543594987616,27.39,28.62,29.39,67.32,82.65,91.39,0.0,25.92,50.67,32,37.67844937265135,10.1242210812784,32,5,855.0,819.0,990.0,1077.0,854.7142857142857,1090.0
2022-02-02,2022,2,6,918.0,1213.0,64.16,8.18,oeste,4.317420498595552,0.2189308400950425,4.185743275579406,80.62709329770495,15.888749756030547,6.637889105240513,27.56,27.88,28.68,66.69,84.24,96.08,0.0,27.5,48.0,33,37.70895547379505,7.582407397158888,33,5,845.0,862.0,1038.0,1106.0,865.1428571428571,1115.0
2022-02-03,2022,2,6,932.0,1114.0,60.82,8.02,oeste,4.317420498595552,0.2189308400950425,4.185743275579406,80.62709329770495,15.888749756030547,6.269202657808575,25.96,28.72,29.56,72.32,83.88,87.65,0.0,27.35,51.85,34,37.73903919782025,13.604910545149371,34,5,854.0,851.0,1039.0,1118.0,876.2857142857143,1125.7142857142858
2022-02-04,2022,2,6,877.0,1220.0,59.66,8.12,oeste,4.317420498595552,0.2189308400950425,4.185743275579406,80.62709329770495,15.888749756030547,6.337681058053521,26.27,27.09,28.56,68.48,84.94,96.41,0.0,27.91,48.59,35,37.76864169355223,10.85932193317948,35,5,837.0,881.0,1050.0,1144.0,882.0,1150.0
2022-02-05,2022,2,6,917.0,1215.0,62.9,8.11,oeste,4.317420498595552,0.2189308400950425,4.185743275579406,80.62709329770495,15.888749756030547,6.650432836385554,28.17,28.75,30.34,68.36,84.85,88.2,0.0,27.14,48.85,36,37.79770419300876,10.579104077732351,36,5,865.0,839.0,1041.0,1072.0,889.4285714285714,1174.857142857143
2022-02-06,2022,2,6,931.0,1218.0,61.69,8.43,oeste,4.317420498595552,0.2189308400950425,4.185743275579406,80.62709329770495,15.888749756030547,6.419612196941104,26.09,29.47,28.01,68.97,83.7,89.33,0.0,26.36,47.94,37,37.8261680928962,9.958560438865623,37,5,814.0,863.0,1081.0,1065.0,906.1428571428571,1194.4285714285713
2022-02-07,2022,2,7,895.0,1268.0,65.03,8.73,oeste,4.317420498595552,0.2189308400950425,4.185743275579406,80.62709329770495,15.888749756030547,6.2833437003831545,27.53,26.75,30.04,72.5,81.34,88.56,0.0,38.62,87.44,38,37.85397503629379,11.394675272146516,38,6,848.0,847.0,1181.0,990.0,912.8571428571429,1206.857142857143
2022-02-08,2022,2,7,885.0,1248.0,61.98,8.68,oeste,4.317420498595552,0.2189308400950425,4.185743275579406,80.62709329770495,15.888749756030547,6.3121289230025255,27.13,26.63,28.79,70.38,88.46,88.16,0.0,39.89,91.75,39,37.881066994410766,9.273204733563862,39,6,920.0,855.0,1200.0,990.0,907.8571428571429,1213.7142857142858
2022-02-09,2022,2,7,901.0,1164.0,62.88,8.09,oeste,4.317420498595552,0.2189308400950425,4.185743275579406,80.62709329770495,15.888749756030547,6.541140948789239,27.37,29.35,27.58,72.93,84.44,89.52,0.0,38.77,88.64,40,37.907386348299966,3.300555879441363,40,6,918.0,845.0,1213.0,1038.0,905.4285714285714,1206.7142857142858
2022-02-10,2022,2,7,901.0,1179.0,62.9,8.79,oeste,4.317420498595552,0.2189308400950425,4.185743275579406,80.62709329770495,15.888749756030547,6.531941588344546,26.52,26.79,27.88,71.67,81.11,88.46,0.0,39.09,90.66,41,37.93287597040934,8.405021450630421,41,6,932.0,854.0,1114.0,1039.0,901.0,1216.0
2022-02-11,2022,2,7,960.0,1274.0,59.07,8.52,oeste,4.317420498595552,0.2189308400950425,4.185743275579406,80.62709329770495,15.888749756030547,6.5348039267582365,25.72,28.19,29.02,70.61,84.77,93.41,0.0,40.89,91.65,42,37.957479305852246,13.101105225355344,42,6,877.0,837.0,1220.0,1050.0,912.8571428571429,1223.7142857142858
2022-02-12,2022,2,7,959.0,1200.0,61.09,8.01,oeste,4.317420498595552,0.2189308400950425,4.185743275579406,80.62709329770495,15.888749756030547,6.691997687635884,25.66,27.33,28.53,67.68,88.86,89.93,0.0,41.52,93.9,43,37.981140453275295,12.225385159201595,43,6,917.0,865.0,1215.0,1041.0,918.8571428571429,1221.5714285714287
2022-02-13,2022,2,7,886.0,1192.0,60.4,8.2,oeste,4.317420498595552,0.2189308400950425,4.185743275579406,80.62709329770495,15.888749756030547,6.48191870421807,28.1,29.2,28.86,68.81,87.41,92.9,0.0,38.67,93.35,44,38.00380424520246,6.294880202647696,44,6,931.0,814.0,1218.0,1081.0,912.4285714285714,1217.857142857143
2022-02-14,2022,2,8,1038.0,1371.0,63.71,8.32,oeste,4.317420498595552,0.2189308400950425,4.185743275579406,80.62709329770495,15.888749756030547,6.250766647753867,27.11,29.16,28.22,70.34,85.5,89.52,0.0,103.52,437.46,45,38.02541632773303,7.611829784504296,45,7,895.0,848.0,1268.0,1181.0,932.8571428571429,1232.5714285714287
2022-02-15,2022,2,8,1103.0,1389.0,63.97,8.76,oeste,4.317420498595552,0.2189308400950425,4.185743275579406,80.62709329770495,15.888749756030547,6.713054102765662,26.56,29.07,29.59,72.92,84.72,90.83,0.0,102.21,441.65,46,38.045923239470525,12.582966563256916,46,7,885.0,920.0,1248.0,1200.0,964.0,1252.7142857142858
2022-02-16,2022,2,8,1030.0,1364.0,61.68,8.09,oeste,4.317420498595552,0.2189308400950425,4.185743275579406,80.62709329770495,15.888749756030547,6.574155115581744,26.89,29.52,29.56,68.23,83.51,93.91,0.0,101.7,458.63,47,38.065272489559945,11.817841872986058,47,7,901.0,918.0,1164.0,1213.0,982.4285714285714,1281.2857142857142
2022-02-17,2022,2,8,1106.0,1353.0,64.57,8.72,oeste,4.317420498595552,0.2189308400950425,4.185743275579406,80.62709329770495,15.888749756030547,6.746442720265491,28.3,27.3,28.3,67.65,80.85,94.67,0.0,107.18,460.34,48,38.08341263471033,0.0,48,7,901.0,932.0,1179.0,1114.0,1011.7142857142857,1306.142857142857
2022-02-18,2022,2,8,1058.0,1342.0,61.58,8.57,oeste,4.317420498595552,0.2189308400950425,4.185743275579406,80.62709329770495,15.888749756030547,6.74327413027159,26.6,28.53,29.02,70.56,87.67,92.84,0.0,104.22,452.01,49,38.10029335508021,11.261327882967915,49,7,960.0,877.0,1274.0,1220.0,1025.7142857142858,1315.857142857143
2022-02-19,2022,2,8,1082.0,1470.0,59.05,8.0,oeste,4.317420498595552,0.2189308400950425,4.185743275579406,80.62709329770495,15.888749756030547,6.582902493564591,26.88,28.41,29.82,73.42,88.52,89.87,0.0,103.4,453.74,50,38.11586552890423,12.417468079497064,50,7,959.0,917.0,1200.0,1215.0,1043.2857142857142,1354.4285714285713
2022-02-20,2022,2,8,1097.0,1443.0,59.21,8.4,oeste,4.317420498595552,0.2189308400950425,4.185743275579406,80.62709329770495,15.888749756030547,6.299025081115311,27.86,28.88,29.95,69.93,85.97,95.81,0.0,105.16,435.61,51,38.13008130573993,10.47356362565994,51,7,886.0,931.0,1192.0,1218.0,1073.4285714285713,1390.2857142857142
2022-02-21,2022,2,9,957.0,1218.0,47.16,8.16,oeste,4.317420498595552,0.2189308400950425,4.185743275579406,80.62709329770495,15.888749756030547,6.5738909872951465,23.92,25.73,28.72,89.61,90.83,92.03,0.0,77.83,122.85,52,38.14289417821506,15.877709897955052,52,8,1038.0,895.0,1371.0,1268.0,1061.857142857143,1368.4285714285713
2022-02-22,2022,2,9,918.0,1247.0,45.73,8.46,oeste,4.317420498595552,0.2189308400950425,4.185743275579406,80.62709329770495,15.888749756030547,6.29758925843222,23.76,25.07,28.98,87.85,96.16,94.33,0.0,79.82,120.4,53,38.15425905215714,16.562728257924228,53,8,1103.0,885.0,1389.0,1248.0,1035.4285714285713,1348.142857142857
2022-02-23,2022,2,9,933.0,1299.0,47.03,8.01,oeste,4.317420498595552,0.2189308400950425,4.185743275579406,80.62709329770495,15.888749756030547,6.653608573736652,24.15,25.76,28.47,86.41,93.39,92.25,0.0,80.32,123.24,54,38.1641323149889,15.07130529276598,54,8,1030.0,901.0,1364.0,1164.0,1021.5714285714286,1338.857142857143
2022-02-24,2022,2,9,1002.0,1314.0,48.92,7.89,oeste,4.317420498595552,0.2189308400950425,4.185743275579406,80.62709329770495,15.888749756030547,6.707395897645679,23.69,27.27,28.31,87.89,88.87,91.33,0.0,79.99,122.29,55,38.17247190227519,15.589237475241744,55,8,1106.0,901.0,1353.0,1179.0,1006.7142857142857,1333.2857142857142
2022-02-25,2022,2,9,1007.0,1245.0,48.61,7.87,oeste,4.317420498595552,0.2189308400950425,4.185743275579406,80.62709329770495,15.888749756030547,6.398178497980181,22.73,25.58,28.61,85.94,95.28,92.24,0.0,81.24,119.95,56,38.17923736230927,17.590148788929927,56,8,1058.0,960.0,1342.0,1274.0,999.4285714285714,1319.4285714285713
2022-02-26,2022,2,9,935.0,1294.0,47.21,8.13,oeste,4.317420498595552,0.2189308400950425,4.185743275579406,80.62709329770495,15.888749756030547,6.290779959412172,23.35,27.37,28.87,89.26,96.3,91.49,0.0,79.06,114.21,57,38.18438991862909,17.045470601142796,57,8,1082.0,959.0,1470.0,1200.0,978.4285714285714,1294.2857142857142
2022-02-27,2022,2,9,959.0,1283.0,50.12,8.47,oeste,4.317420498595552,0.2189308400950425,4.185743275579406,80.62709329770495,15.888749756030547,6.481761193870659,22.98,25.05,28.52,88.71,90.77,98.88,0.0,76.49,117.06,58,38.1878925303572,17.077888548974865,58,8,1097.0,886.0,1443.0,1192.0,958.7142857142857,1271.4285714285713
2022-02-28,2022,2,10,782.0,999.0,49.88,7.87,oeste,4.317420498595552,0.2189308400950425,4.185743275579406,80.62709329770495,15.888749756030547,6.627569172854924,21.97,27.5,27.92,89.88,95.96,93.01,0.0,95.12,246.23,59,38.18970995026074,17.699395903514255,59,9,957.0,1038.0,1218.0,1371.0,933.7142857142857,1240.142857142857
2022-03-01,2022,3,10,752.0,963.0,46.23,8.32,oeste,4.317420498595552,0.2189308400950425,4.185743275579406,80.62709329770495,15.888749756030547,6.623704721198474,23.27,26.13,28.6,92.15,93.59,98.68,0.0,93.69,256.05,60,38.18980878043198,16.751923817192154,60,9,918.0,1103.0,1247.0,1389.0,910.0,1199.5714285714287
2022-03-02,2022,3,10,782.0,971.0,46.13,8.22,oeste,4.317420498595552,0.2189308400950425,4.185743275579406,80.62709329770495,15.888749756030547,6.195150134510802,21.91,25.81,28.94,89.27,95.48,96.23,0.0,96.98,245.38,61,38.188157525493125,19.23800214477377,61,9,933.0,1030.0,1299.0,1364.0,888.4285714285714,1152.7142857142858
2022-03-03,2022,3,10,787.0,1048.0,49.94,8.37,oeste,4.317420498595552,0.2189308400950425,4.185743275579406,80.62709329770495,15.888749756030547,6.72874125491374,23.33,26.51,28.76,87.39,94.91,90.47,0.0,92.31,247.91,62,38.18472664323334,16.90609097501371,62,9,1002.0,1106.0,1314.0,1353.0,857.7142857142857,1114.7142857142858
2022-03-04,2022,3,10,745.0,1047.0,48.02,8.04,oeste,4.317420498595552,0.2189308400950425,4.185743275579406,80.62709329770495,15.888749756030547,6.666217608231143,22.39,26.82,26.96,89.21,94.98,95.02,0.0,91.27,241.72,63,38.1794885925903,15.50750064096741,63,9,1007.0,1058.0,1245.0,1342.0,820.2857142857143,1086.4285714285713
2022-03-05,2022,3,10,720.0,1050.0,48.75,8.49,oeste,4.317420498595552,0.2189308400950425,4.185743275579406,80.62709329770495,15.888749756030547,6.457753581184106,22.11,25.71,27.69,90.69,89.52,94.51,0.0,92.06,248.87,64,38.17241787889271,17.132485380062818,64,9,935.0,1082.0,1294.0,1470.0,789.5714285714286,1051.5714285714287
2022-03-06,2022,3,10,725.0,1009.0,49.62,8.5,oeste,4.317420498595552,0.2189308400950425,4.185743275579406,80.62709329770495,15.888749756030547,6.276029910080876,23.49,27.09,28.95,92.36,92.19,96.56,0.0,97.87,247.99,65,38.16349109628534,16.943300690563895,65,9,959.0,1097.0,1283.0,1443.0,756.1428571428571,1012.4285714285714
2022-03-07,2022,3,11,906.0,1134.0,50.35,8.47,oeste,4.317420498595552,0.2189308400950425,4.185743275579406,80.62709329770495,15.888749756030547,6.8136960614803,22.92,26.75,29.35,92.6,91.48,92.71,0.0,109.29,262.03,66,38.152686967262966,18.38163832415384,66,10,782.0,957.0,999.0,1218.0,773.8571428571429,1031.7142857142858
2022-03-08,2022,3,11,931.0,1100.0,50.06,8.04,oeste,4.317420498595552,0.2189308400950425,4.185743275579406,80.62709329770495,15.888749756030547,6.672976964586198,23.78,27.26,28.07,87.83,89.7,90.82,0.0,104.04,255.58,67,38.13998637924461,15.00938095608534,67,10,752.0,918.0,963.0,1247.0,799.4285714285714,1051.2857142857142
2022-03-09,2022,3,11,874.0,1175.0,49.14,7.81,oeste,4.317420498595552,0.2189308400950425,4.185743275579406,80.62709329770495,15.888749756030547,6.177187106870493,22.1,27.22,28.54,85.52,87.85,95.66,0.0,103.47,262.32,68,38.125372418124975,18.382756279063976,68,10,782.0,933.0,971.0,1299.0,812.5714285714286,1080.4285714285713
2022-03-10,2022,3,11,926.0,1121.0,47.94,8.35,oeste,4.317420498595552,0.2189308400950425,4.185743275579406,80.62709329770495,15.888749756030547,6.65825576191035,22.32,26.08,28.59,91.04,86.88,93.57,0.0,104.23,249.17,69,38.10883039874548,18.13063401733656,69,10,787.0,1002.0,1048.0,1314.0,832.4285714285714,1090.857142857143
2022-03-11,2022,3,11,868.0,1160.0,47.67,8.22,oeste,4.317420498595552,0.2189308400950425,4.185743275579406,80.62709329770495,15.888749756030547,6.815542780364671,23.06,25.51,29.25,87.88,94.72,91.9,0.0,106.06,257.07,70,38.09034789223307,18.005859818723483,70,10,745.0,1007.0,1047.0,1245.0,850.0,1107.0
2022-03-12,2022,3,11,893.0,1114.0,48.32,8.1,oeste,4.317420498595552,0.2189308400950425,4.185743275579406,80.62709329770495,15.888749756030547,6.262769379285516,22.26,26.29,28.82,92.86,87.07,93.17,0.0,105.9,261.09,71,38.06991475016074,18.526245932885494,71,10,720.0,935.0,1050.0,1294.0,874.7142857142857,1116.142857142857
2022-03-13,2022,3,11,901.0,1166.0,46.31,7.95,oeste,4.317420498595552,0.2189308400950425,4.185743275579406,80.62709329770495,15.888749756030547,6.239243847813992,23.1,26.02,28.54,88.38,93.22,95.23,0.0,100.54,240.76,72,38.04752312548959,16.860849056768533,72,10,725.0,959.0,1009.0,1283.0,899.8571428571429,1138.5714285714287
2022-03-14,2022,3,12,1329.0,1461.0,46.37,7.98,oeste,4.317420498595552,0.2189308400950425,4.185743275579406,80.62709329770495,15.888749756030547,6.194470765815564,23.5,25.86,27.9,87.17,94.05,96.6,0.0,53.89,90.02,73,38.02316749025859,15.154033109710763,73,11,906.0,782.0,1134.0,999.0,960.2857142857143,1185.2857142857142
2022-03-15,2022,3,12,1263.0,1501.0,46.75,8.35,oeste,4.317420498595552,0.2189308400950425,4.185743275579406,80.62709329770495,15.888749756030547,6.303790236555139,22.61,27.56,28.45,86.74,93.29,92.34,0.0,57.38,93.04,74,37.99684464999441,17.44646958878171,74,11,931.0,752.0,1100.0,963.0,1007.7142857142857,1242.5714285714287
2022-03-16,2022,3,12,1333.0,1543.0,49.65,8.52,oeste,4.317420498595552,0.2189308400950425,4.185743275579406,80.62709329770495,15.888749756030547,6.682391665309061,23.3,25.82,27.09,92.67,95.64,99.01,0.0,57.25,89.08,75,37.96855375481967,14.04420825698032,75,11,874.0,782.0,1175.0,971.0,1073.2857142857142,1295.142857142857
2022-03-17,2022,3,12,1219.0,1561.0,50.35,8.42,oeste,4.317420498595552,0.2189308400950425,4.185743275579406,80.62709329770495,15.888749756030547,6.739130585590914,22.29,25.26,27.38,87.91,92.11,97.06,0.0,53.04,88.09,76,37.938296307244514,16.262612588883595,76,11,926.0,787.0,1121.0,1048.0,1115.142857142857,1358.0
2022-03-18,2022,3,12,1242.0,1549.0,50.11,8.3,oeste,4.317420498595552,0.2189308400950425,4.185743275579406,80.62709329770495,15.888749756030547,6.448131245500735,22.5,25.74,27.01,86.19,94.63,95.7,0.0,57.48,88.0,77,37.90607616663306,15.295043018631546,77,11,868.0,745.0,1160.0,1047.0,1168.5714285714287,1413.5714285714287
2022-03-19,2022,3,12,1305.0,1503.0,48.29,8.47,oeste,4.317420498595552,0.2189308400950425,4.185743275579406,80.62709329770495,15.888749756030547,6.82116038256233,23.48,26.33,29.25,86.24,91.89,96.73,0.0,52.96,92.81,78,37.87189955034202,17.284570654343355,78,11,893.0,720.0,1114.0,1050.0,1227.4285714285713,1469.142857142857
2022-03-20,2022,3,12,1313.0,1466.0,49.2,7.9,oeste,4.317420498595552,0.2189308400950425,4.185743275579406,80.62709329770495,15.888749756030547,6.3940985177212895,24.0,27.25,28.56,87.57,96.33,98.97,0.0,54.3,91.98,79,37.83577503153597,15.351070168042554,79,11,901.0,725.0,1166.0,1009.0,1286.2857142857142,1512.0
2022-03-21,2022,3,13,869.0,811.0,48.16,8.32,oeste,4.317420498595552,0.2189308400950425,4.185743275579406,80.62709329770495,15.888749756030547,6.663252553397061,21.98,27.47,29.32,87.94,93.85,99.68,0.0,83.12,175.14,80,37.79771353368969,19.45660939047404,80,12,1329.0,906.0,1461.0,1134.0,1220.5714285714287,1419.142857142857
2022-03-22,2022,3,13,824.0,861.0,49.29,8.03,oeste,4.317420498595552,0.2189308400950425,4.185743275579406,80.62709329770495,15.888749756030547,6.7698752256652055,23.46,26.1,26.69,91.32,94.91,97.58,0.0,79.44,176.25,81,37.75772832179421,12.8931999960273,81,12,1263.0,931.0,1501.0,1100.0,1157.857142857143,1327.7142857142858
2022-03-23,2022,3,13,866.0,874.0,47.54,8.08,oeste,4.317420498595552,0.2189308400950425,4.185743275579406,80.62709329770495,15.888749756030547,6.262458716455258,21.86,26.18,28.72,84.71,94.18,94.64,0.0,76.96,175.69,82,37.71583499029042,18.76892443443904,82,12,1333.0,874.0,1543.0,1175.0,1091.142857142857,1232.142857142857
2022-03-24,2022,3,13,870.0,843.0,48.16,7.96,oeste,4.317420498595552,0.2189308400950425,4.185743275579406,80.62709329770495,15.888749756030547,6.394826968116336,22.2,27.44,28.66,90.84,90.67,91.26,0.0,76.85,173.09,83,37.67205144775879,18.19236372873686,83,12,1219.0,926.0,1561.0,1121.0,1041.2857142857142,1129.5714285714287
2022-03-25,2022,3,13,876.0,830.0,46.61,7.97,oeste,4.317420498595552,0.2189308400950425,4.185743275579406,80.62709329770495,15.888749756030547,6.764784748116837,22.36,25.48,26.6,88.24,93.62,90.94,0.0,83.01,172.78,84,37.62639789840188,14.720724099383142,84,12,1242.0,868.0,1549.0,1160.0,989.0,1026.857142857143
2022-03-26,2022,3,13,882.0,804.0,50.25,8.35,oeste,4.317420498595552,0.2189308400950425,4.185743275579406,80.62709329770495,15.888749756030547,6.18301834255674,23.85,26.39,26.84,93.25,95.48,94.28,0.0,80.92,176.47,85,37.57889682036032,12.346197549478568,85,12,1305.0,893.0,1503.0,1114.0,928.5714285714286,927.0
2022-03-27,2022,3,13,818.0,866.0,48.73,8.56,oeste,4.317420498595552,0.2189308400950425,4.185743275579406,80.62709329770495,15.888749756030547,6.704114952185997,22.54,26.89,29.24,86.83,94.87,92.69,0.0,83.05,186.21,86,37.52957294091051,18.457149280723097,86,12,1313.0,901.0,1466.0,1166.0,857.8571428571429,841.2857142857143
2022-03-28,2022,3,14,1425.0,1565.0,50.58,7.33,oeste,4.317420498595552,0.2189308400950425,4.185743275579406,80.62709329770495,15.888749756030547,6.554067160017092,23.09,26.49,28.01,84.56,96.63,95.15,0.0,54.39,130.03,87,37.47845320859714,15.794933833520744,87,13,869.0,1329.0,811.0,1461.0,937.2857142857143,949.0
2022-03-29,2022,3,14,1407.0,1651.0,49.79,7.26,oeste,4.317420498595552,0.2189308400950425,4.185743275579406,80.62709329770495,15.888749756030547,6.685229328400337,24.11,26.35,26.62,86.23,88.49,95.34,0.0,53.69,130.05,88,37.42556676235942,11.265717265472125,88,13,824.0,1263.0,861.0,1501.0,1020.5714285714286,1061.857142857143
2022-03-30,2022,3,14,1515.0,1691.0,52.64,6.72,oeste,4.317420498595552,0.2189308400950425,4.185743275579406,80.62709329770495,15.888749756030547,6.45192232276598,22.51,26.07,28.92,82.14,92.69,92.68,0.0,53.82,120.17,89,37.37094489771561,17.976978314086942,89,13,866.0,1333.0,874.0,1543.0,1113.2857142857142,1178.5714285714287
2022-03-31,2022,3,14,1480.0,1646.0,49.56,6.69,oeste,4.317420498595552,0.2189308400950425,4.185743275579406,80.62709329770495,15.888749756030547,6.691067181284266,24.1,25.47,27.34,86.33,88.17,95.48,0.0,53.54,120.14,90,37.31462103007519,12.761600392285713,90,13,870.0,1219.0,843.0,1561.0,1200.4285714285713,1293.2857142857142
2022-04-01,2022,4,14,1392.0,1640.0,49.85,7.02,oeste,4.317420498595552,0.2189308400950425,4.185743275579406,80.62709329770495,15.888749756030547,6.3760295346554,21.87,25.77,27.33,83.48,94.8,98.93,0.0,52.41,122.1,91,37.256630655253694,16.540685293088575,91,13,876.0,1242.0,830.0,1549.0,1274.142857142857,1409.0
2022-04-02,2022,4,14,1454.0,1602.0,52.11,6.96,oeste,4.317420498595552,0.2189308400950425,4.185743275579406,80.62709329770495,15.888749756030547,6.616727848191855,22.47,26.8,28.3,85.33,89.2,99.6,0.0,51.0,127.41,92,37.19701130726928,17.06459262662295,92,13,882.0,1305.0,804.0,1503.0,1355.857142857143,1523.0
2022-04-03,2022,4,14,1412.0,1692.0,52.46,6.87,oeste,4.317420498595552,0.2189308400950425,4.185743275579406,80.62709329770495,15.888749756030547,6.464911344415493,23.99,25.35,28.78,82.72,92.35,96.77,0.0,53.86,120.45,93,37.13580251350512,15.442377725130974,93,13,818.0,1313.0,866.0,1466.0,1440.7142857142858,1641.0
2022-04-04,2022,4,15,1665.0,1990.0,53.04,7.25,oeste,4.317420498595552,0.2189308400950425,4.185743275579406,80.62709329770495,15.888749756030547,6.395491539951144,22.01,26.79,27.87,82.89,88.83,97.82,0.0,28.72,83.36,94,37.073045747326205,17.05142487832445,94,14,1425.0,869.0,1565.0,811.0,1475.0,1701.7142857142858
2022-04-05,2022,4,15,1621.0,1862.0,51.03,7.11,oeste,4.317420498595552,0.2189308400950425,4.185743275579406,80.62709329770495,15.888749756030547,6.314933504274907,22.22,24.64,27.93,84.84,91.76,94.18,0.0,26.58,86.37,95,37.00878437824253,16.80259947519587,95,14,1407.0,824.0,1651.0,861.0,1505.5714285714287,1731.857142857143
2022-04-06,2022,4,15,1674.0,1904.0,50.55,7.33,oeste,4.317420498595552,0.2189308400950425,4.185743275579406,80.62709329770495,15.888749756030547,6.509861791468932,23.38,25.48,29.03,83.67,92.82,98.3,0.0,26.63,84.79,96,36.94306361971505,16.68440535566874,96,14,1515.0,866.0,1691.0,874.0,1528.2857142857142,1762.2857142857142
2022-04-07,2022,4,15,1645.0,1968.0,53.57,6.92,oeste,4.317420498595552,0.2189308400950425,4.185743275579406,80.62709329770495,15.888749756030547,6.4409765831918415,23.27,26.61,27.85,79.44,95.61,92.06,0.0,26.39,87.54,97,36.87593047470398,14.99440812295901,97,14,1480.0,870.0,1646.0,843.0,1551.857142857143,1808.2857142857142
2022-04-08,2022,4,15,1586.0,1878.0,52.39,7.2,oeste,4.317420498595552,0.2189308400950425,4.185743275579406,80.62709329770495,15.888749756030547,6.45023800111955,24.08,25.2,26.9,83.51,91.1,98.43,0.0,28.24,86.55,98,36.80743367906239,11.74393647340938,98,14,1392.0,876.0,1640.0,830.0,1579.5714285714287,1842.2857142857142
2022-04-09,2022,4,15,1684.0,1838.0,52.32,7.24,oeste,4.317420498595552,0.2189308400950425,4.185743275579406,80.62709329770495,15.888749756030547,6.473619501948558,23.91,26.66,27.14,80.94,94.81,92.57,0.0,27.85,89.61,99,36.73762364288063,12.544863000485003,99,14,1454.0,882.0,1602.0,804.0,1612.4285714285713,1876.0
2022-04-10,2022,4,15,1662.0,1952.0,53.79,6.67,oeste,4.317420498595552,0.2189308400950425,4.185743275579406,80.62709329770495,15.888749756030547,6.525977181007372,23.85,25.01,28.56,79.64,94.56,96.33,0.0,28.12,88.94,100,36.666552389890384,15.119385186749057,100,14,1412.0,818.0,1692.0,866.0,1648.142857142857,1913.142857142857
2022-04-11,2022,4,16,1025.0,1257.0,53.81,6.93,oeste,4.317420498595552,0.2189308400950425,4.185743275579406,80.62709329770495,15.888749756030547,6.777227694171974,22.87,25.73,27.02,85.24,92.93,98.76,0.0,48.9,198.25,101,36.59427349503859,14.164158529073164,101,15,1665.0,1425.0,1990.0,1565.0,1556.7142857142858,1808.4285714285713
2022-04-12,2022,4,16,1025.0,1281.0,54.19,7.13,oeste,4.317420498595552,0.2189308400950425,4.185743275579406,80.62709329770495,15.888749756030547,6.621766244061382,22.41,25.33,28.21,82.66,95.31,91.29,0.0,49.87,206.39,102,36.52084202034448,16.711228584834178,102,15,1621.0,1407.0,1862.0,1651.0,1471.5714285714287,1725.4285714285713
2022-04-13,2022,4,16,1058.0,1291.0,51.97,6.9,oeste,4.317420498595552,0.2189308400950425,4.185743275579406,80.62709329770495,15.888749756030547,6.80350697796677,23.72,25.36,27.82,85.55,91.48,91.91,0.0,51.85,193.62,103,36.44631444915352,14.021650801653228,103,15,1674.0,1515.0,1904.0,1691.0,1383.5714285714287,1637.857142857143
2022-04-14,2022,4,16,1015.0,1261.0,50.4,7.22,oeste,4.317420498595552,0.2189308400950425,4.185743275579406,80.62709329770495,15.888749756030547,6.370145393546756,23.78,25.85,27.65,80.91,92.31,99.61,0.0,47.64,211.29,104,36.3707486189048,13.594440044624672,104,15,1645.0,1480.0,1968.0,1646.0,1293.5714285714287,1536.857142857143
2022-04-15,2022,4,16,1031.0,1273.0,54.33,6.78,oeste,4.317420498595552,0.2189308400950425,4.185743275579406,80.62709329770495,15.888749756030547,6.57666523327759,23.77,26.27,28.23,86.94,89.76,99.41,0.0,48.55,195.44,105,36.29420365252813,14.563249906441683,105,15,1586.0,1392.0,1878.0,1640.0,1214.2857142857142,1450.4285714285713
2022-04-16,2022,4,16,1039.0,1297.0,50.01,6.79,oeste,4.317420498595552,0.2189308400950425,4.185743275579406,80.62709329770495,15.888749756030547,6.667107436824743,21.99,25.28,28.02,84.96,91.0,96.39,0.0,48.06,203.23,106,36.21673988858884,16.897467157408922,106,15,1684.0,1454.0,1838.0,1602.0,1122.142857142857,1373.142857142857
2022-04-17,2022,4,16,1043.0,1348.0,52.61,6.88,oeste,4.317420498595552,0.2189308400950425,4.185743275579406,80.62709329770495,15.888749756030547,6.571995465804377,23.2,26.51,28.85,87.01,90.01,98.04,0.0,49.13,204.33,107,36.1384188102982,16.321007768889253,107,15,1662.0,1412.0,1952.0,1692.0,1033.7142857142858,1286.857142857143
2022-04-18,2022,4,17,1223.0,1487.0,49.71,7.05,oeste,4.317420498595552,0.2189308400950425,4.185743275579406,80.62709329770495,15.888749756030547,6.238591884128876,22.41,25.57,29.29,87.14,89.31,92.31,0.0,28.22,57.29,108,36.05930297350803,17.970706348324903,108,16,1025.0,1665.0,1257.0,1990.0,1062.0,1319.7142857142858
2022-04-19,2022,4,17,1224.0,1539.0,51.4,7.24,oeste,4.317420498595552,0.2189308400950425,4.185743275579406,80.62709329770495,15.888749756030547,6.784885888396109,22.69,26.78,28.65,85.62,91.07,95.52,0.0,28.5,61.06,109,35.97945593380731,16.689038735434636,109,16,1025.0,1621.0,1281.0,1862.0,1090.4285714285713,1356.5714285714287
2022-04-20,2022,4,17,1261.0,1486.0,49.68,7.23,oeste,4.317420498595552,0.2189308400950425,4.185743275579406,80.62709329770495,15.888749756030547,6.570086700658615,22.77,26.85,27.19,84.54,88.21,92.47,0.0,26.28,60.15,110,35.89894217283866,14.339908728687638,110,16,1058.0,1674.0,1291.0,1904.0,1119.4285714285713,1384.4285714285713
2022-04-21,2022,4,17,1224.0,1474.0,50.68,6.7,oeste,4.317420498595552,0.2189308400950425,4.185743275579406,80.62709329770495,15.888749756030547,6.62544003882628,22.29,25.53,28.35,85.29,88.6,98.05,0.0,28.55,61.91,111,35.81782702395176,16.752867275476362,111,16,1015.0,1645.0,1261.0,1968.0,1149.2857142857142,1414.857142857143
2022-04-22,2022,4,17,1217.0,1544.0,49.85,6.68,oeste,4.317420498595552,0.2189308400950425,4.185743275579406,80.62709329770495,15.888749756030547,6.615108443854324,23.74,25.86,28.8,86.14,93.26,91.46,0.0,27.94,60.69,112,35.73617659730955,15.273442877562877,112,16,1031.0,1586.0,1273.0,1878.0,1175.857142857143,1453.5714285714287
2022-04-23,2022,4,17,1176.0,1597.0,52.07,7.17,oeste,4.317420498595552,0.2189308400950425,4.185743275579406,80.62709329770495,15.888749756030547,6.297689715047171,24.04,25.06,28.21,82.66,96.62,95.62,0.0,27.37,60.16,113,35.65405770456217,13.833452763976792,113,16,1039.0,1684.0,1297.0,1838.0,1195.4285714285713,1496.4285714285713
2022-04-24,2022,4,17,1215.0,1611.0,50.47,6.92,oeste,4.317420498595552,0.2189308400950425,4.185743275579406,80.62709329770495,15.888749756030547,6.456906112805384,23.16,24.62,26.7,86.67,91.82,92.66,0.0,28.36,60.28,114,35.571537783201656,12.716215300459847,114,16,1043.0,1662.0,1348.0,1952.0,1220.0,1534.0
2022-04-25,2022,4,18,1042.0,1263.0,22.25,6.65,oeste,4.317420498595552,0.2189308400950425,4.185743275579406,80.62709329770495,15.888749756030547,6.222939639316702,23.7,27.56,29.34,81.08,86.34,94.45,0.0,4.57,30.97,115,35.488684820709075,16.01338178364644,115,17,1223.0,1025.0,1487.0,1257.0,1194.142857142857,1502.0
2022-04-26,2022,4,18,1043.0,1272.0,23.34,6.51,oeste,4.317420498595552,0.2189308400950425,4.185743275579406,80.62709329770495,15.888749756030547,6.6356121205116825,23.63,27.76,29.64,74.48,85.29,92.79,0.0,4.62,30.92,116,35.40556727860358,16.491584870891025,116,17,1224.0,1025.0,1539.0,1281.0,1168.2857142857142,1463.857142857143
2022-04-27,2022,4,18,1070.0,1327.0,23.97,6.75,oeste,4.317420498595552,0.2189308400950425,4.185743275579406,80.62709329770495,15.888749756030547,6.734831627871607,23.76,27.06,29.68,76.83,86.47,88.99,0.0,4.69,31.9,117,35.32225401650027,16.329123124510513,117,17,1261.0,1058.0,1486.0,1291.0,1141.0,1441.142857142857
2022-04-28,2022,4,18,1068.0,1250.0,21.96,6.79,oeste,4.317420498595552,0.2189308400950425,4.185743275579406,80.62709329770495,15.888749756030547,6.274407793291845,24.85,27.95,28.84,74.8,90.1,91.82,0.0,4.62,31.35,118,35.23881421628238,13.374000490814224,118,17,1224.0,1015.0,1474.0,1261.0,1118.7142857142858,1409.142857142857
2022-04-29,2022,4,18,1021.0,1259.0,22.15,6.59,oeste,4.317420498595552,0.2189308400950425,4.185743275579406,80.62709329770495,15.888749756030547,6.226592898467948,23.56,26.98,28.74,79.57,84.25,91.36,0.0,4.57,30.7,119,35.15531730648941,15.202307155078849,119,17,1217.0,1031.0,1544.0,1273.0,1090.7142857142858,1368.4285714285713
2022-04-30,2022,4,18,1091.0,1232.0,22.99,6.57,oeste,4.317420498595552,0.2189308400950425,4.185743275579406,80.62709329770495,15.888749756030547,6.65284838151136,23.23,26.8,27.91,75.66,87.99,92.7,0.0,4.58,33.05,120,35.071832887020726,14.41567526504695,120,17,1176.0,1039.0,1597.0,1297.0,1078.5714285714287,1316.2857142857142
2022-05-01,2022,5,18,1083.0,1256.0,23.87,6.43,oeste,4.317420498595552,0.2189308400950425,4.185743275579406,80.62709329770495,15.888749756030547,6.418878743158031,23.3,27.25,29.05,76.62,83.9,88.3,0.0,4.78,31.41,121,34.98843065425123,15.940868774875415,121,17,1215.0,1043.0,1611.0,1348.0,1059.7142857142858,1265.5714285714287
2022-05-02,2022,5,19,997.0,1178.0,23.99,6.56,oeste,4.317420498595552,0.2189308400950425,4.185743275579406,80.62709329770495,15.888749756030547,6.635228776205853,23.57,28.45,28.24,79.65,90.0,87.56,0.0,6.09,43.83,122,34.90518032665224,14.331839213027436,122,18,1042.0,1223.0,1263.0,1487.0,1053.2857142857142,1253.4285714285713
2022-05-03,2022,5,19,980.0,1199.0,21.85,6.31,oeste,4.317420498595552,0.2189308400950425,4.185743275579406,80.62709329770495,15.888749756030547,6.587763095186563,23.48,26.44,28.35,79.37,83.67,94.73,0.0,6.22,40.26,123,34.82215157100733,14.600700184364245,123,18,1043.0,1224.0,1272.0,1539.0,1044.2857142857142,1243.0
2022-05-04,2022,5,19,958.0,1194.0,22.95,6.32,oeste,4.317420498595552,0.2189308400950425,4.185743275579406,80.62709329770495,15.888749756030547,6.741998268121448,22.8,27.25,28.36,75.51,89.79,95.3,0.0,6.19,40.96,124,34.73941392931027,15.563722693384769,124,18,1070.0,1261.0,1327.0,1486.0,1028.2857142857142,1224.0
2022-05-05,2022,5,19,940.0,1205.0,22.56,6.55,oeste,4.317420498595552,0.2189308400950425,4.185743275579406,80.62709329770495,15.888749756030547,6.517043531256424,24.08,27.04,27.66,74.6,89.36,89.29,0.0,6.1,40.66,125,34.657036746427444,12.459096255998428,125,18,1068.0,1224.0,1250.0,1474.0,1010.0,1217.5714285714287
2022-05-06,2022,5,19,955.0,1150.0,22.63,6.66,oeste,4.317420498595552,0.2189308400950425,4.185743275579406,80.62709329770495,15.888749756030547,6.5902181422782204,24.91,28.5,29.92,75.81,86.99,93.86,0.0,6.13,41.56,126,34.57508909860481,14.70400940507932,126,18,1021.0,1217.0,1259.0,1544.0,1000.5714285714286,1202.0
2022-05-07,2022,5,19,982.0,1189.0,24.12,6.7,oeste,4.317420498595552,0.2189308400950425,4.185743275579406,80.62709329770495,15.888749756030547,6.292406129135848,24.62,26.03,28.31,74.94,87.12,92.86,0.0,5.76,41.13,127,34.49363972289474,12.589422451175794,127,18,1091.0,1176.0,1232.0,1597.0,985.0,1195.857142857143
2022-05-08,2022,5,19,981.0,1201.0,23.97,6.8,oeste,4.317420498595552,0.2189308400950425,4.185743275579406,80.62709329770495,15.888749756030547,6.327581417930871,22.83,27.59,30.4,76.91,88.33,94.73,0.0,5.98,40.99,128,34.41275694757495,17.9895793280987,128,18,1083.0,1215.0,1256.0,1611.0,970.4285714285714,1188.0
2022-05-09,2022,5,20,913.0,1019.0,22.43,6.59,oeste,4.317420498595552,0.2189308400950425,4.185743275579406,80.62709329770495,15.888749756030547,6.693006211213506,24.39,27.13,29.08,76.65,90.49,95.76,0.0,16.71,116.83,129,34.332508623627625,14.126857361529863,129,19,997.0,1042.0,1178.0,1263.0,958.4285714285714,1165.2857142857142
2022-05-10,2022,5,20,929.0,1069.0,22.05,6.86,oeste,4.317420498595552,0.2189308400950425,4.185743275579406,80.62709329770495,15.888749756030547,6.688852124461685,24.47,27.88,29.36,79.21,83.11,88.21,0.0,16.05,121.64,130,34.252962057343225,14.391503379051407,130,19,980.0,1043.0,1199.0,1272.0,951.1428571428571,1146.7142857142858
2022-05-11,2022,5,20,879.0,1081.0,23.28,6.46,oeste,4.317420498595552,0.2189308400950425,4.185743275579406,80.62709329770495,15.888749756030547,6.607421114876483,23.36,28.37,28.53,80.05,85.98,91.95,0.0,17.39,118.23,131,34.17418394410936,14.763761649798315,131,19,958.0,1070.0,1194.0,1327.0,939.8571428571429,1130.5714285714287
2022-05-12,2022,5,20,960.0,1065.0,23.17,6.68,oeste,4.317420498595552,0.2189308400950425,4.185743275579406,80.62709329770495,15.888749756030547,6.658409443978616,24.48,27.26,29.94,76.69,82.87,92.17,0.0,16.63,114.75,132,34.09624030344148,15.137578750890626,132,19,940.0,1068.0,1205.0,1250.0,942.7142857142857,1110.5714285714287
2022-05-13,2022,5,20,944.0,1025.0,22.17,6.73,oeste,4.317420498595552,0.2189308400950425,4.185743275579406,80.62709329770495,15.888749756030547,6.352130038307043,25.02,26.99,30.36,78.94,84.05,95.01,0.0,17.38,115.16,133,34.01919641530805,14.936480635734323,133,19,955.0,1021.0,1150.0,1259.0,941.1428571428571,1092.7142857142858
2022-05-14,2022,5,20,896.0,1070.0,22.06,6.37,oeste,4.317420498595552,0.2189308400950425,4.185743275579406,80.62709329770495,15.888749756030547,6.244708480393951,23.84,26.17,30.23,77.98,89.16,90.19,0.0,16.82,110.95,134,33.943116757799416,16.302557777468923,134,19,982.0,1091.0,1189.0,1232.0,928.8571428571429,1075.7142857142858
2022-05-15,2022,5,20,894.0,1095.0,22.75,6.61,oeste,4.317420498595552,0.2189308400950425,4.185743275579406,80.62709329770495,15.888749756030547,6.299436699120324,24.76,26.85,28.73,74.71,83.07,90.96,0.0,16.02,115.68,135,33.86806494618528,12.82151185482486,135,19,981.0,1083.0,1201.0,1256.0,916.4285714285714,1060.5714285714287
2022-05-16,2022,5,21,908.0,1097.0,22.74,6.7,oeste,4.317420498595552,0.2189308400950425,4.185743275579406,80.62709329770495,15.888749756030547,6.182205835398403,23.79,28.35,27.95,79.98,89.75,88.25,0.0,24.64,165.29,136,33.79410367340253,13.096076349704342,136,20,913.0,997.0,1019.0,1178.0,915.7142857142857,1071.7142857142858
2022-05-17,2022,5,21,955.0,1169.0,23.06,6.29,oeste,4.317420498595552,0.2189308400950425,4.185743275579406,80.62709329770495,15.888749756030547,6.46525867771633,23.22,27.55,29.13,80.99,89.14,91.28,0.0,23.18,171.87,137,33.72129465201088,15.57584373303462,137,20,929.0,980.0,1069.0,1199.0,919.4285714285714,1086.0
2022-05-18,2022,5,21,878.0,1119.0,23.06,6.67,oeste,4.317420498595552,0.2189308400950425,4.185743275579406,80.62709329770495,15.888749756030547,6.4626119708885215,25.15,28.12,28.7,76.16,85.02,95.99,0.0,24.42,172.73,138,33.64969855765084,12.046169105141962,138,20,879.0,958.0,1081.0,1194.0,919.2857142857143,1091.4285714285713
2022-05-19,2022,5,21,931.0,1090.0,22.11,6.83,oeste,4.317420498595552,0.2189308400950425,4.185743275579406,80.62709329770495,15.888749756030547,6.732580539253791,23.83,26.72,30.27,79.59,84.72,93.22,0.0,25.11,160.18,139,33.57937497403438,16.190831118478883,139,20,960.0,940.0,1065.0,1205.0,915.1428571428571,1095.0
2022-05-20,2022,5,21,915.0,1153.0,23.76,6.61,oeste,4.317420498595552,0.2189308400950425,4.185743275579406,80.62709329770495,15.888749756030547,6.628339702299073,24.42,26.04,29.8,76.99,87.88,89.12,0.0,23.4,163.14,140,33.510382339495884,14.76808290634075,140,20,944.0,955.0,1025.0,1150.0,911.0,1113.2857142857142
2022-05-21,2022,5,21,935.0,1105.0,22.43,6.81,oeste,4.317420498595552,0.2189308400950425,4.185743275579406,80.62709329770495,15.888749756030547,6.297653428891165,25.14,26.71,27.7,76.26,90.5,87.97,0.0,25.18,170.87,141,33.442777895126866,10.166604480118565,141,20,896.0,982.0,1070.0,1189.0,916.5714285714286,1118.2857142857142
2022-05-22,2022,5,21,952.0,1154.0,22.0,6.7,oeste,4.317420498595552,0.2189308400950425,4.185743275579406,80.62709329770495,15.888749756030547,6.573455234213187,23.77,27.16,30.11,78.71,86.32,92.68,0.0,23.55,167.87,142,33.37661763451573,15.967633408142794,142,20,894.0,981.0,1095.0,1201.0,924.8571428571429,1126.7142857142858
2022-05-23,2022,5,22,805.0,940.0,14.92,6.13,oeste,4.317420498595552,0.2189308400950425,4.185743275579406,80.62709329770495,15.888749756030547,6.18044308260333,25.1,27.78,27.64,76.29,89.14,96.52,0.0,12.44,87.08,143,33.31195625510986,10.087199188598214,143,21,908.0,913.0,1097.0,1019.0,910.1428571428571,1104.2857142857142
2022-05-24,2022,5,22,798.0,950.0,15.06,6.03,oeste,4.317420498595552,0.2189308400950425,4.185743275579406,80.62709329770495,15.888749756030547,6.481244837947169,25.29,27.27,29.18,73.62,85.11,91.55,0.0,11.61,88.14,144,33.24884711121499,12.459625604903843,144,21,955.0,929.0,1169.0,1069.0,887.7142857142857,1073.0
2022-05-25,2022,5,22,852.0,994.0,15.43,6.07,oeste,4.317420498595552,0.2189308400950425,4.185743275579406,80.62709329770495,15.888749756030547,6.254915819725155,25.44,27.99,30.28,72.8,84.6,94.17,0.0,11.72,82.34,145,33.18734216864364,13.872309026493042,145,21,878.0,879.0,1119.0,1081.0,884.0,1055.142857142857
2022-05-26,2022,5,22,827.0,1011.0,14.45,6.15,oeste,4.317420498595552,0.2189308400950425,4.185743275579406,80.62709329770495,15.888749756030547,6.2437391336621495,26.61,26.48,28.12,71.33,86.17,88.88,0.0,12.22,87.04,146,33.12749196102216,7.734471292574788,146,21,931.0,960.0,1090.0,1065.0,869.1428571428571,1043.857142857143
2022-05-27,2022,5,22,821.0,950.0,14.5,6.34,oeste,4.317420498595552,0.2189308400950425,4.185743275579406,80.62709329770495,15.888749756030547,6.703095365565727,25.74,26.82,29.49,75.63,84.58,93.11,0.0,12.38,84.6,147,33.06934554776287,12.16731733476408,147,21,915.0,944.0,1153.0,1025.0,855.7142857142857,1014.8571428571429
2022-05-28,2022,5,22,809.0,953.0,14.63,6.05,oeste,4.317420498595552,0.2189308400950425,4.185743275579406,80.62709329770495,15.888749756030547,6.671198216568158,24.71,26.14,29.05,74.83,84.57,89.23,0.0,11.61,85.4,148,33.012950473706034,13.067208058445132,148,21,935.0,896.0,1105.0,1070.0,837.7142857142857,993.1428571428571
2022-05-29,2022,5,22,822.0,987.0,14.74,6.43,oeste,4.317420498595552,0.2189308400950425,4.185743275579406,80.62709329770495,15.888749756030547,6.775613186913289,25.96,28.45,29.43,70.52,87.4,87.53,0.0,11.42,85.96,149,32.95835273043358,11.664975627616446,149,21,952.0,894.0,1154.0,1095.0,819.1428571428571,969.2857142857143
2022-05-30,2022,5,23,848.0,1048.0,15.45,5.99,oeste,4.317420498595552,0.2189308400950425,4.185743275579406,80.62709329770495,15.888749756030547,6.461862584635235,24.07,25.78,28.04,68.83,77.58,83.5,0.0,5.89,42.72,150,32.90559671925526,12.457148027098546,150,22,805.0,908.0,940.0,1097.0,825.2857142857143,984.7142857142857
2022-05-31,2022,5,23,863.0,1069.0,15.43,6.39,oeste,4.317420498595552,0.2189308400950425,4.185743275579406,80.62709329770495,15.888749756030547,6.500952841887862,24.96,26.51,26.1,70.99,77.83,82.67,0.0,5.97,41.32,151,32.85472521586502,6.665056969496766,151,22,798.0,955.0,950.0,1169.0,834.5714285714286,1001.7142857142857
2022-06-01,2022,6,23,853.0,984.0,14.63,6.03,oeste,4.317420498595552,0.2189308400950425,4.185743275579406,80.62709329770495,15.888749756030547,6.345612379259837,23.34,26.06,26.74,72.14,76.85,79.35,0.0,5.71,39.02,152,32.805779336664905,11.49326495991985,152,22,852.0,878.0,994.0,1119.0,834.7142857142857,1000.2857142857143
2022-06-02,2022,6,23,850.0,994.0,15.17,6.21,oeste,4.317420498595552,0.2189308400950425,4.185743275579406,80.62709329770495,15.888749756030547,6.600434345053339,23.98,24.78,26.29,74.5,73.54,79.7,0.0,5.57,39.23,153,32.75879850675103,9.45992200333685,153,22,827.0,931.0,1011.0,1090.0,838.0,997.8571428571429
2022-06-03,2022,6,23,849.0,1022.0,15.43,5.99,oeste,4.317420498595552,0.2189308400950425,4.185743275579406,80.62709329770495,15.888749756030547,6.708654019617933,24.13,24.85,28.3,69.96,75.52,78.58,0.0,6.09,41.55,154,32.713820429555774,12.692667224341555,154,22,821.0,915.0,950.0,1153.0,842.0,1008.1428571428571
2022-06-04,2022,6,23,804.0,1020.0,15.62,6.15,oeste,4.317420498595552,0.2189308400950425,4.185743275579406,80.62709329770495,15.888749756030547,6.71580335248783,23.4,26.43,25.92,74.21,78.77,80.26,0.0,6.02,41.33,155,32.67088105813863,9.854049008825442,155,22,809.0,935.0,953.0,1105.0,841.2857142857143,1017.7142857142857
2022-06-05,2022,6,23,822.0,1081.0,14.25,6.15,oeste,4.317420498595552,0.2189308400950425,4.185743275579406,80.62709329770495,15.888749756030547,6.22290049592147,23.03,24.88,25.82,74.64,78.75,80.88,0.0,5.91,41.9,156,32.630014568117225,10.355545239446288,156,22,822.0,952.0,987.0,1154.0,841.2857142857143,1031.142857142857
2022-06-06,2022,6,24,767.0,960.0,15.71,6.01,oeste,4.317420498595552,0.2189308400950425,4.185743275579406,80.62709329770495,15.888749756030547,6.77432959546036,24.01,24.96,27.71,71.22,79.16,81.19,0.0,0.29,1.98,157,32.59125333222912,11.91120022303641,157,23,848.0,805.0,1048.0,940.0,829.7142857142857,1018.5714285714286
2022-06-07,2022,6,24,808.0,978.0,15.26,6.38,oeste,4.317420498595552,0.2189308400950425,4.185743275579406,80.62709329770495,15.888749756030547,6.534421587297839,23.64,25.06,26.06,73.38,74.7,77.43,0.0,0.3,2.02,158,32.55462789651448,9.622192024455396,158,23,863.0,798.0,1069.0,950.0,821.8571428571429,1005.5714285714286
2022-06-08,2022,6,24,828.0,951.0,15.48,5.9,oeste,4.317420498595552,0.2189308400950425,4.185743275579406,80.62709329770495,15.888749756030547,6.210055304459668,25.04,25.11,27.33,74.43,75.9,82.94,0.0,0.27,1.91,159,32.52016695810872,9.350269072004698,159,23,853.0,852.0,984.0,994.0,818.2857142857143,1000.8571428571429
2022-06-09,2022,6,24,817.0,1009.0,15.06,6.39,oeste,4.317420498595552,0.2189308400950425,4.185743275579406,80.62709329770495,15.888749756030547,6.648776497718019,22.96,26.4,27.55,73.01,78.21,77.06,0.0,0.28,2.07,160,32.48789734463429,13.224569639791529,160,23,850.0,827.0,994.0,1011.0,813.5714285714286,1003.0
2022-06-10,2022,6,24,791.0,936.0,14.99,5.98,oeste,4.317420498595552,0.2189308400950425,4.185743275579406,80.62709329770495,15.888749756030547,6.448714275657119,24.84,24.83,28.16,74.75,78.0,79.8,0.0,0.28,1.94,161,32.45784399518007,11.236791209931996,161,23,849.0,821.0,1022.0,950.0,805.2857142857143,990.7142857142857
2022-06-11,2022,6,24,808.0,958.0,15.15,6.1,oeste,4.317420498595552,0.2189308400950425,4.185743275579406,80.62709329770495,15.888749756030547,6.6172189241631445,24.75,25.83,27.57,68.58,72.53,83.07,0.0,0.27,2.01,162,32.43002994285702,10.347263403379406,162,23,804.0,809.0,1020.0,953.0,805.8571428571429,981.8571428571429
2022-06-12,2022,6,24,751.0,952.0,14.99,6.22,oeste,4.317420498595552,0.2189308400950425,4.185743275579406,80.62709329770495,15.888749756030547,6.392977752014307,23.47,25.88,26.16,71.53,75.67,80.03,0.0,0.27,2.04,163,32.40447629891851,10.097985622255276,163,23,822.0,822.0,1081.0,987.0,795.7142857142857,963.4285714285714
2022-06-13,2022,6,25,772.0,963.0,14.4,6.17,oeste,4.317420498595552,0.2189308400950425,4.185743275579406,80.62709329770495,15.888749756030547,6.456690843124258,23.57,25.41,27.45,68.93,76.03,83.1,0.0,0.43,2.85,164,32.38120223843398,12.118878539306442,164,24,767.0,848.0,960.0,1048.0,796.4285714285714,963.8571428571429
2022-06-14,2022,6,25,711.0,982.0,14.34,6.22,oeste,4.317420498595552,0.2189308400950425,4.185743275579406,80.62709329770495,15.888749756030547,6.359292868941708,22.82,25.18,26.34,74.11,71.88,79.85,0.0,0.41,3.14,165,32.36022498750479,11.535501104734657,165,24,808.0,863.0,978.0,1069.0,782.5714285714286,964.4285714285714
2022-06-15,2022,6,25,723.0,905.0,15.54,6.46,oeste,4.317420498595552,0.2189308400950425,4.185743275579406,80.62709329770495,15.888749756030547,6.47797229254288,24.55,25.55,26.4,73.44,74.15,79.58,0.0,0.43,3.08,166,32.34155981201148,8.357962667801969,166,24,828.0,853.0,951.0,984.0,767.5714285714286,957.8571428571429
2022-06-16,2022,6,25,720.0,964.0,14.88,6.01,oeste,4.317420498595552,0.2189308400950425,4.185743275579406,80.62709329770495,15.888749756030547,6.751282628440681,24.11,24.73,26.61,69.98,78.72,80.68,0.0,0.41,3.09,167,32.32522000788189,9.71102550364052,167,24,817.0,850.0,1009.0,994.0,753.7142857142857,951.4285714285714
2022-06-17,2022,6,25,767.0,922.0,15.74,6.05,oeste,4.317420498595552,0.2189308400950425,4.185743275579406,80.62709329770495,15.888749756030547,6.411543530359042,23.27,25.11,27.53,74.73,72.5,83.52,0.0,0.43,2.94,168,32.311216892870654,12.67102404541058,168,24,791.0,849.0,936.0,1022.0,750.2857142857143,949.4285714285714
2022-06-18,2022,6,25,772.0,963.0,14.84,6.17,oeste,4.317420498595552,0.2189308400950425,4.185743275579406,80.62709329770495,15.888749756030547,6.556026064195473,24.94,24.52,27.3,75.36,75.1,80.31,0.0,0.42,3.14,169,32.29955979984046,9.42770980375375,169,24,808.0,804.0,958.0,1020.0,745.1428571428571,950.1428571428571
2022-06-19,2022,6,25,730.0,973.0,15.52,6.41,oeste,4.317420498595552,0.2189308400950425,4.185743275579406,80.62709329770495,15.888749756030547,6.354040244181672,25.08,24.94,27.89,72.41,74.66,76.2,0.0,0.42,3.0,170,32.29025607153692,10.284383194664526,170,24,751.0,822.0,952.0,1081.0,742.1428571428571,953.1428571428571
2022-06-20,2022,6,26,856.0,1045.0,14.69,6.39,oeste,4.317420498595552,0.2189308400950425,4.185743275579406,80.62709329770495,15.888749756030547,6.370647516445564,25.16,24.67,26.67,74.1,72.3,78.32,0.0,2.64,17.33,171,32.2833110568489,7.537375388763227,171,25,772.0,767.0,963.0,960.0,754.1428571428571,964.8571428571429
2022-06-21,2022,6,26,819.0,1077.0,15.48,6.39,oeste,4.317420498595552,0.2189308400950425,4.185743275579406,80.62709329770495,15.888749756030547,6.615292412451657,23.48,26.86,26.83,73.85,75.14,82.43,0.0,2.53,17.82,172,32.278728108547696,11.225156850852075,172,25,711.0,808.0,982.0,978.0,769.5714285714286,978.4285714285714
2022-06-22,2022,6,26,893.0,1073.0,14.65,6.31,oeste,4.317420498595552,0.2189308400950425,4.185743275579406,80.62709329770495,15.888749756030547,6.2574491217494,24.48,25.36,27.88,68.48,77.89,80.14,0.0,2.53,17.99,173,32.27650858249868,11.307838820496594,173,25,723.0,828.0,905.0,951.0,793.8571428571429,1002.4285714285714
2022-06-23,2022,6,26,901.0,999.0,14.38,6.19,oeste,4.317420498595552,0.2189308400950425,4.185743275579406,80.62709329770495,15.888749756030547,6.338282147836519,22.83,26.87,26.27,74.69,74.31,77.47,0.0,2.58,18.81,174,32.27665183834032,11.374211507506914,174,25,720.0,817.0,964.0,1009.0,819.7142857142857,1007.4285714285714
2022-06-24,2022,6,26,829.0,1059.0,14.58,6.15,oeste,4.317420498595552,0.2189308400950425,4.185743275579406,80.62709329770495,15.888749756030547,6.198499781377447,23.88,25.21,27.31,69.12,76.37,77.75,0.0,2.68,18.68,175,32.27915524162619,11.358548100978464,175,25,767.0,791.0,922.0,936.0,828.5714285714286,1027.0
2022-06-25,2022,6,26,816.0,1050.0,14.34,5.97,oeste,4.317420498595552,0.2189308400950425,4.185743275579406,80.62709329770495,15.888749756030547,6.556720665127985,22.85,24.59,27.47,72.78,72.32,80.96,0.0,2.48,17.51,176,32.28401416742657,13.18445304769704,176,25,772.0,808.0,963.0,958.0,834.8571428571429,1039.4285714285713
2022-06-26,2022,6,26,888.0,1011.0,14.74,5.91,oeste,4.317420498595552,0.2189308400950425,4.185743275579406,80.62709329770495,15.888749756030547,6.80593550792067,23.15,25.71,26.14,74.42,75.83,81.72,0.0,2.7,17.27,177,32.29122200538712,10.608981096448174,177,25,730.0,751.0,973.0,952.0,857.4285714285714,1044.857142857143
2022-06-27,2022,6,27,910.0,1077.0,8.74,6.21,oeste,4.761952904619111,0.2697609273480654,4.259590647955283,88.05992012967938,17.424160792982647,6.381866648309769,24.29,23.63,28.05,44.66,53.36,65.35,0.0,35.95,269.72,178,32.3007701662432,11.900368261458793,178,26,856.0,772.0,1045.0,963.0,865.1428571428571,1049.4285714285713
2022-06-28,2022,6,27,899.0,1052.0,8.68,6.13,oeste,4.761952904619111,0.2697609273480654,4.259590647955283,88.05992012967938,17.424160792982647,6.0336057824699445,23.05,25.04,27.04,46.78,51.98,69.58,0.0,37.52,273.88,179,32.31264808978886,12.263448161449922,179,26,819.0,711.0,1077.0,982.0,876.5714285714286,1045.857142857143
2022-06-29,2022,6,27,828.0,1066.0,8.6,6.25,oeste,4.761952904619111,0.2697609273480654,4.259590647955283,88.05992012967938,17.424160792982647,6.3908290159161245,24.96,23.87,28.2,47.05,52.34,68.63,0.0,37.99,268.37,180,32.32684325430104,11.055780392970952,180,26,893.0,723.0,1073.0,905.0,867.2857142857143,1044.857142857143
2022-06-30,2022,6,27,857.0,1112.0,8.58,6.25,oeste,4.761952904619111,0.2697609273480654,4.259590647955283,88.05992012967938,17.424160792982647,6.421053232452061,23.25,25.52,26.7,48.27,51.79,67.32,0.0,38.78,262.14,181,32.34334118741973,11.414267088320202,181,26,901.0,720.0,999.0,964.0,861.0,1061.0
2022-07-01,2022,7,27,913.0,1023.0,9.23,6.42,oeste,4.761952904619111,0.2697609273480654,4.259590647955283,88.05992012967938,17.424160792982647,6.016683067688834,24.68,24.69,26.27,44.49,55.32,66.83,0.0,39.2,276.05,182,32.36212547848593,7.753346631725483,182,26,829.0,767.0,1059.0,922.0,873.0,1055.857142857143
2022-07-02,2022,7,27,840.0,1083.0,9.33,6.38,oeste,4.761952904619111,0.2697609273480654,4.259590647955283,88.05992012967938,17.424160792982647,6.2854665270910095,23.42,25.1,26.19,45.71,51.22,65.12,0.0,36.11,267.77,183,32.38317779234004,10.240306361746152,183,26,816.0,772.0,1050.0,963.0,876.4285714285714,1060.5714285714287
2022-07-03,2022,7,27,852.0,1087.0,8.98,6.46,oeste,4.761952904619111,0.2697609273480654,4.259590647955283,88.05992012967938,17.424160792982647,6.029883361709956,24.17,24.7,27.34,46.62,54.54,69.21,0.0,37.12,273.17,184,32.406477884583715,10.962637766033309,184,26,888.0,730.0,1011.0,973.0,871.2857142857143,1071.4285714285713
2022-07-04,2022,7,28,856.0,1072.0,8.79,6.27,oeste,4.761952904619111,0.2697609273480654,4.259590647955283,88.05992012967938,17.424160792982647,6.0815935578294695,24.46,25.95,27.88,47.59,54.79,67.3,0.0,1.52,11.36,185,32.4320036183089,11.395684943195498,185,27,910.0,856.0,1077.0,1045.0,863.5714285714286,1070.7142857142858
2022-07-05,2022,7,28,845.0,994.0,8.85,6.28,oeste,4.761952904619111,0.2697609273480654,4.259590647955283,88.05992012967938,17.424160792982647,6.133818707839216,24.85,24.67,27.02,46.16,52.44,66.08,0.0,1.53,11.45,186,32.4597309822984,9.08507222140873,186,27,899.0,819.0,1052.0,1077.0,855.8571428571429,1062.4285714285713
2022-07-06,2022,7,28,847.0,987.0,8.93,6.29,oeste,4.761952904619111,0.2697609273480654,4.259590647955283,88.05992012967938,17.424160792982647,6.149871587183856,23.46,24.55,27.57,46.66,51.64,65.79,0.0,1.6,11.28,187,32.48963411070249,12.514667988574365,187,27,828.0,893.0,1066.0,1073.0,858.5714285714286,1051.142857142857
2022-07-07,2022,7,28,791.0,986.0,9.3,6.49,oeste,4.761952904619111,0.2697609273480654,4.259590647955283,88.05992012967938,17.424160792982647,6.053033591282224,24.48,23.95,26.85,47.82,52.51,67.21,0.0,1.51,11.4,188,32.521685304196446,9.512634645854426,188,27,857.0,901.0,1112.0,999.0,849.1428571428571,1033.142857142857
2022-07-08,2022,7,28,783.0,1041.0,8.79,6.15,oeste,4.761952904619111,0.2697609273480654,4.259590647955283,88.05992012967938,17.424160792982647,6.573702489001753,23.34,24.03,27.59,45.83,52.21,65.53,0.0,1.51,10.56,189,32.55585505262423,12.751966765855473,189,27,913.0,829.0,1023.0,1059.0,830.5714285714286,1035.7142857142858
2022-07-09,2022,7,28,832.0,1008.0,8.7,6.5,oeste,4.761952904619111,0.2697609273480654,4.259590647955283,88.05992012967938,17.424160792982647,6.189345466334213,23.79,26.07,27.66,45.02,51.77,70.08,0.0,1.55,11.35,190,32.59211205913328,12.182083958680918,190,27,840.0,816.0,1083.0,1050.0,829.4285714285714,1025.0
2022-07-10,2022,7,28,844.0,1064.0,9.14,6.05,oeste,4.761952904619111,0.2697609273480654,4.259590647955283,88.05992012967938,17.424160792982647,6.0052419186591095,24.34,24.83,26.31,46.16,53.58,68.6,0.0,1.61,10.86,191,32.630423265805646,8.701806491012823,191,27,852.0,888.0,1087.0,1011.0,828.2857142857143,1021.7142857142857
2022-07-11,2022,7,29,716.0,929.0,8.56,6.3,oeste,4.761952904619111,0.2697609273480654,4.259590647955283,88.05992012967938,17.424160792982647,6.588245597104529,24.56,25.69,27.81,46.19,50.6,69.58,0.0,3.04,22.5,192,32.670753880790414,11.190627440899126,192,28,856.0,910.0,1072.0,1077.0,808.2857142857143,1001.2857142857143
2022-07-12,2022,7,29,709.0,919.0,8.93,6.46,oeste,4.761952904619111,0.2697609273480654,4.259590647955283,88.05992012967938,17.424160792982647,6.080046285751019,23.32,24.94,26.15,45.17,53.24,68.63,0.0,3.3,22.44,193,32.713067406941754,10.456060494969345,193,28,845.0,899.0,994.0,1052.0,788.8571428571429,990.5714285714286
2022-07-13,2022,7,29,729.0,935.0,9.27,6.17,oeste,4.761952904619111,0.2697609273480654,4.259590647955283,88.05992012967938,17.424160792982647,6.032966289702284,23.08,25.69,25.71,44.2,50.93,71.22,0.0,3.15,22.66,194,32.75732567196704,10.093456453370145,194,28,847.0,828.0,987.0,1066.0,772.0,983.1428571428571
2022-07-14,2022,7,29,721.0,876.0,9.21,6.07,oeste,4.761952904619111,0.2697609273480654,4.259590647955283,88.05992012967938,17.424160792982647,6.4631178694893885,23.74,25.27,27.84,47.64,51.5,64.73,0.0,3.08,22.74,195,32.80348886008833,12.62018047157476,195,28,791.0,857.0,986.0,1112.0,762.0,967.4285714285714
2022-07-15,2022,7,29,761.0,932.0,8.78,6.42,oeste,4.761952904619111,0.2697609273480654,4.259590647955283,88.05992012967938,17.424160792982647,6.001336676254382,24.38,24.9,25.68,44.18,52.17,64.67,0.0,3.3,21.03,196,32.85151554522007,7.116733233365226,196,28,783.0,913.0,1041.0,1023.0,758.8571428571429,951.8571428571429
2022-07-16,2022,7,29,740.0,926.0,8.6,6.18,oeste,4.761952904619111,0.2697609273480654,4.259590647955283,88.05992012967938,17.424160792982647,6.454127449305649,23.72,23.96,25.97,47.05,50.42,64.85,0.0,3.21,22.26,197,32.90136272566487,9.376888376814488,197,28,832.0,840.0,1008.0,1083.0,745.7142857142857,940.1428571428571
2022-07-17,2022,7,29,756.0,903.0,9.36,6.25,oeste,4.761952904619111,0.2697609273480654,4.259590647955283,88.05992012967938,17.424160792982647,6.252895461573603,25.13,23.63,27.1,45.44,52.81,67.91,0.0,3.05,22.35,198,32.952985860328155,8.787826744440412,198,28,844.0,852.0,1064.0,1087.0,733.1428571428571,917.1428571428571
2022-07-18,2022,7,30,841.0,1006.0,9.1,6.33,oeste,4.761952904619111,0.2697609273480654,4.259590647955283,88.05992012967938,17.424160792982647,6.119992104044012,22.9,24.37,26.75,45.71,52.53,71.4,0.0,0.0,0.0,199,33.006338906451326,12.304991565902254,199,29,716.0,856.0,929.0,1072.0,751.0,928.1428571428571
2022-07-19,2022,7,30,859.0,1064.0,8.99,6.27,oeste,4.761952904619111,0.2697609273480654,4.259590647955283,88.05992012967938,17.424160792982647,6.591789307201842,24.57,24.61,27.75,46.26,50.16,66.15,0.0,0.0,0.0,200,33.06137435886172,11.20180644196656,200,29,709.0,845.0,919.0,994.0,772.4285714285714,948.8571428571429
2022-07-20,2022,7,30,819.0,1048.0,8.76,5.91,oeste,4.761952904619111,0.2697609273480654,4.259590647955283,88.05992012967938,17.424160792982647,6.211704528390678,24.46,25.8,28.08,45.97,50.08,65.34,0.0,0.0,0.0,201,33.11804329073593,11.972161197989994,201,29,729.0,847.0,935.0,987.0,785.2857142857143,965.0
2022-07-21,2022,7,30,856.0,1077.0,9.08,6.22,oeste,4.761952904619111,0.2697609273480654,4.259590647955283,88.05992012967938,17.424160792982647,6.236757500724238,24.75,25.97,27.64,46.88,54.6,68.35,0.0,0.0,0.0,202,33.17629539587189,10.715943412866622,202,29,721.0,791.0,876.0,986.0,804.5714285714286,993.7142857142857
2022-07-22,2022,7,30,819.0,1026.0,8.8,5.97,oeste,4.761952904619111,0.2697609273480654,4.259590647955283,88.05992012967938,17.424160792982647,6.02571354678203,24.61,24.3,28.2,44.04,50.69,71.14,0.0,0.0,0.0,203,33.23607903246254,11.96494229037659,203,29,761.0,783.0,932.0,1041.0,812.8571428571429,1007.1428571428571
2022-07-23,2022,7,30,819.0,1093.0,9.39,6.06,oeste,4.761952904619111,0.2697609273480654,4.259590647955283,88.05992012967938,17.424160792982647,6.337526968108009,25.08,23.7,27.4,44.51,51.39,66.64,0.0,0.0,0.0,204,33.29734126836285,9.63622985287807,204,29,740.0,832.0,926.0,1008.0,824.1428571428571,1031.0
2022-07-24,2022,7,30,829.0,1006.0,9.36,6.08,oeste,4.761952904619111,0.2697609273480654,4.259590647955283,88.05992012967938,17.424160792982647,6.5312920230365545,25.06,25.75,27.36,45.53,53.54,65.72,0.0,0.0,0.0,205,33.360027927839006,9.612667590301609,205,29,756.0,844.0,903.0,1064.0,834.5714285714286,1045.7142857142858
2022-07-25,2022,7,31,944.0,1220.0,4.13,7.04,oeste,4.761952904619111,0.2697609273480654,4.259590647955283,88.05992012967938,17.424160792982647,6.286093207831225,25.04,25.22,26.99,31.5,37.58,56.26,0.0,0.0,0.0,206,33.42408363978677,8.868096616590861,206,30,841.0,716.0,1006.0,929.0,849.2857142857143,1076.2857142857142
2022-07-26,2022,7,31,966.0,1233.0,3.94,7.09,oeste,4.761952904619111,0.2697609273480654,4.259590647955283,88.05992012967938,17.424160792982647,6.289860634665517,24.21,25.18,25.69,33.17,39.18,55.13,0.0,0.0,0.0,207,33.489451887403895,7.740918557835166,207,30,859.0,709.0,1064.0,919.0,864.5714285714286,1100.4285714285713
2022-07-27,2022,7,31,1021.0,1242.0,3.92,7.31,oeste,4.761952904619111,0.2697609273480654,4.259590647955283,88.05992012967938,17.424160792982647,6.25578842584643,25.14,24.06,26.9,33.06,37.82,53.69,0.0,0.0,0.0,208,33.556075059297875,8.45826119106073,208,30,819.0,729.0,1048.0,935.0,893.4285714285714,1128.142857142857
2022-07-28,2022,7,31,982.0,1296.0,4.1,7.25,oeste,4.761952904619111,0.2697609273480654,4.259590647955283,88.05992012967938,17.424160792982647,6.575388542059747,24.19,24.78,28.34,33.1,38.13,56.59,0.0,0.0,0.0,209,33.62389450200935,13.014445338171884,209,30,856.0,721.0,1077.0,876.0,911.4285714285714,1159.4285714285713
2022-07-29,2022,7,31,996.0,1250.0,3.84,7.32,oeste,4.761952904619111,0.2697609273480654,4.259590647955283,88.05992012967938,17.424160792982647,6.1688054704833535,24.8,24.31,27.66,32.25,39.24,52.2,0.0,0.0,0.0,210,33.69285057392693,10.82615830899021,210,30,819.0,761.0,1026.0,932.0,936.7142857142857,1191.4285714285713
2022-07-30,2022,7,31,957.0,1234.0,4.08,6.72,oeste,4.761952904619111,0.2697609273480654,4.259590647955283,88.05992012967938,17.424160792982647,6.568512132069018,25.19,23.89,27.72,30.96,39.48,55.45,0.0,0.0,0.0,211,33.762882700567644,10.203598974363228,211,30,819.0,740.0,1093.0,926.0,956.4285714285714,1211.5714285714287
2022-07-31,2022,7,31,953.0,1201.0,4.18,7.32,oeste,4.761952904619111,0.2697609273480654,4.259590647955283,88.05992012967938,17.424160792982647,6.336441264947008,23.12,23.93,27.7,30.88,37.02,55.05,0.0,0.0,0.0,212,33.833929431193624,13.757476483006194,212,30,829.0,756.0,1006.0,903.0,974.1428571428571,1239.4285714285713
2022-08-01,2022,8,32,954.0,1148.0,4.12,6.79,oeste,4.761952904619111,0.2697609273480654,4.259590647955283,88.05992012967938,17.424160792982647,6.114679608513992,22.93,25.35,26.15,33.19,40.25,56.01,0.0,0.0,0.0,213,33.90592849673267,11.55998255271487,213,31,944.0,841.0,1220.0,1006.0,975.5714285714286,1229.142857142857
2022-08-02,2022,8,32,919.0,1219.0,4.12,7.08,oeste,4.761952904619111,0.2697609273480654,4.259590647955283,88.05992012967938,17.424160792982647,6.0561696712440565,24.47,25.51,27.09,32.89,37.48,53.47,0.0,0.0,0.0,214,33.978816868967336,10.449908780662026,214,31,966.0,859.0,1233.0,1064.0,968.8571428571429,1227.142857142857
2022-08-03,2022,8,32,928.0,1222.0,4.06,6.98,oeste,4.761952904619111,0.2697609273480654,4.259590647955283,88.05992012967938,17.424160792982647,6.585004496246148,23.63,25.48,25.76,32.84,37.99,53.02,0.0,0.0,0.0,215,34.0525308209535,9.442626189228545,215,31,1021.0,819.0,1242.0,1048.0,955.5714285714286,1224.2857142857142
2022-08-04,2022,8,32,944.0,1125.0,3.94,6.79,oeste,4.761952904619111,0.2697609273480654,4.259590647955283,88.05992012967938,17.424160792982647,6.517533772480071,23.64,24.7,26.86,30.82,38.37,55.51,0.0,0.0,0.0,216,34.12700598862685,11.635357334129305,216,31,982.0,856.0,1296.0,1077.0,950.1428571428571,1199.857142857143
2022-08-05,2022,8,32,957.0,1156.0,4.04,6.85,oeste,4.761952904619111,0.2697609273480654,4.259590647955283,88.05992012967938,17.424160792982647,6.4671568351615125,23.1,25.57,28.35,32.86,37.85,55.88,0.0,0.0,0.0,217,34.20217743355145,14.889736367048195,217,31,996.0,819.0,1250.0,1026.0,944.5714285714286,1186.4285714285713
2022-08-06,2022,8,32,907.0,1118.0,3.98,6.95,oeste,4.761952904619111,0.2697609273480654,4.259590647955283,88.05992012967938,17.424160792982647,6.194397538269502,25.18,24.11,26.93,31.88,38.04,55.81,0.0,0.0,0.0,218,34.277979706762,8.615645926232045,218,31,957.0,819.0,1234.0,1093.0,937.4285714285714,1169.857142857143
2022-08-07,2022,8,32,878.0,1112.0,4.04,7.07,oeste,4.761952904619111,0.2697609273480654,4.259590647955283,88.05992012967938,17.424160792982647,6.54558785466395,23.29,24.99,26.6,32.11,37.47,52.2,0.0,0.0,0.0,219,34.35434691364722,11.875428651517735,219,31,953.0,829.0,1201.0,1006.0,926.7142857142857,1157.142857142857
2022-08-08,2022,8,33,958.0,1196.0,3.9,7.02,oeste,4.761952904619111,0.2697609273480654,4.259590647955283,88.05992012967938,17.424160792982647,6.204152530159561,23.98,24.31,28.15,32.81,39.12,55.21,0.0,0.0,0.0,220,34.4312127798191,13.358999964122326,220,32,954.0,944.0,1148.0,1220.0,927.2857142857143,1164.0
2022-08-09,2022,8,33,977.0,1180.0,4.09,6.96,oeste,4.761952904619111,0.2697609273480654,4.259590647955283,88.05992012967938,17.424160792982647,6.538930903833074,24.96,26.0,26.73,32.04,38.06,53.31,0.0,0.0,0.0,221,34.50851071790864,8.723011620009473,221,32,919.0,966.0,1219.0,1233.0,935.5714285714286,1158.4285714285713
2022-08-10,2022,8,33,971.0,1277.0,3.86,6.92,oeste,4.761952904619111,0.2697609273480654,4.259590647955283,88.05992012967938,17.424160792982647,6.3866912613516655,24.03,25.26,26.69,33.08,39.24,54.59,0.0,0.0,0.0,222,34.58617389522569,10.717585085329551,222,32,928.0,1021.0,1222.0,1242.0,941.7142857142857,1166.2857142857142
2022-08-11,2022,8,33,958.0,1195.0,3.91,6.68,oeste,4.761952904619111,0.2697609273480654,4.259590647955283,88.05992012967938,17.424160792982647,6.367634017729484,24.89,24.14,27.75,31.78,39.03,55.95,0.0,0.0,0.0,223,34.66413530221696,11.13825069810108,223,32,944.0,982.0,1125.0,1296.0,943.7142857142857,1176.2857142857142
2022-08-12,2022,8,33,1003.0,1264.0,3.88,6.96,oeste,4.761952904619111,0.2697609273480654,4.259590647955283,88.05992012967938,17.424160792982647,5.999947631424107,23.63,24.27,26.78,30.49,36.51,54.74,0.0,0.0,0.0,224,34.74232782165292,11.715687844879517,224,32,957.0,996.0,1156.0,1250.0,950.2857142857143,1191.7142857142858
2022-08-13,2022,8,33,970.0,1196.0,3.98,7.03,oeste,4.761952904619111,0.2697609273480654,4.259590647955283,88.05992012967938,17.424160792982647,6.182144257231365,25.12,25.93,26.63,30.69,37.89,55.87,0.0,0.0,0.0,225,34.82068429847086,8.12979091237012,225,32,907.0,957.0,1118.0,1234.0,959.2857142857143,1202.857142857143
2022-08-14,2022,8,33,990.0,1224.0,3.87,7.34,oeste,4.761952904619111,0.2697609273480654,4.259590647955283,88.05992012967938,17.424160792982647,6.304825202650762,24.3,24.42,27.46,32.29,38.63,55.8,0.0,0.0,0.0,226,34.89913761019836,11.787232162891556,226,32,878.0,953.0,1112.0,1201.0,975.2857142857143,1218.857142857143
2022-08-15,2022,8,34,1117.0,1373.0,3.91,6.82,oeste,4.761952904619111,0.2697609273480654,4.259590647955283,88.05992012967938,17.424160792982647,6.366572047596473,23.67,25.5,26.67,31.78,40.34,52.94,0.0,0.0,0.0,227,34.977620737878034,11.510773086717116,227,33,958.0,954.0,1196.0,1148.0,998.0,1244.142857142857
2022-08-16,2022,8,34,1141.0,1469.0,3.9,7.04,oeste,4.761952904619111,0.2697609273480654,4.259590647955283,88.05992012967938,17.424160792982647,6.26122221751816,25.09,25.96,27.0,33.4,38.79,56.16,0.0,0.0,0.0,228,35.056066837411365,9.205205172196942,228,33,977.0,919.0,1180.0,1219.0,1021.4285714285714,1285.4285714285713
2022-08-17,2022,8,34,1169.0,1374.0,3.99,6.79,oeste,4.761952904619111,0.2697609273480654,4.259590647955283,88.05992012967938,17.424160792982647,6.406662226254418,23.39,25.17,26.25,32.0,38.05,51.41,0.0,0.0,0.0,229,35.13440931123666,11.28935874575884,229,33,971.0,928.0,1277.0,1222.0,1049.7142857142858,1299.2857142857142
2022-08-18,2022,8,34,1089.0,1475.0,4.06,6.7,oeste,4.761952904619111,0.2697609273480654,4.259590647955283,88.05992012967938,17.424160792982647,6.069029450818228,24.13,24.1,27.73,31.64,39.9,53.64,0.0,0.0,0.0,230,35.212581880252884,12.694123558192189,230,33,958.0,944.0,1195.0,1125.0,1068.4285714285713,1339.2857142857142
2022-08-19,2022,8,34,1104.0,1398.0,4.0,6.99,oeste,4.761952904619111,0.2697609273480654,4.259590647955283,88.05992012967938,17.424160792982647,6.091026635143455,24.16,25.08,27.97,32.12,38.51,54.84,0.0,0.0,0.0,231,35.29051865589894,13.08802542256892,231,33,1003.0,957.0,1264.0,1156.0,1082.857142857143,1358.4285714285713
2022-08-20,2022,8,34,1071.0,1400.0,3.88,7.1,oeste,4.761952904619111,0.2697609273480654,4.259590647955283,88.05992012967938,17.424160792982647,6.152548242365144,23.89,25.53,25.97,32.53,38.38,52.09,0.0,0.0,0.0,232,35.36815421229483,9.691648708351943,232,33,970.0,907.0,1196.0,1118.0,1097.2857142857142,1387.5714285714287
2022-08-21,2022,8,34,1143.0,1473.0,4.11,6.8,oeste,4.761952904619111,0.2697609273480654,4.259590647955283,88.05992012967938,17.424160792982647,6.543021546909215,23.44,25.15,26.3,33.37,39.09,53.93,0.0,0.0,0.0,233,35.44542365834922,11.389293613270864,233,33,990.0,878.0,1224.0,1112.0,1119.142857142857,1423.142857142857
2022-08-22,2022,8,35,1164.0,1386.0,4.05,6.88,oeste,4.761952904619111,0.2697609273480654,4.259590647955283,88.05992012967938,17.424160792982647,6.464115679353252,25.0,24.38,27.13,31.62,37.15,56.4,0.0,0.0,0.0,234,35.522262709735344,9.850176773269595,234,34,1117.0,958.0,1373.0,1196.0,1125.857142857143,1425.0
2022-08-23,2022,8,35,1219.0,1341.0,4.09,6.68,oeste,4.761952904619111,0.2697609273480654,4.259590647955283,88.05992012967938,17.424160792982647,6.392135115294997,24.27,24.31,28.0,30.69,38.28,52.55,0.0,0.0,0.0,235,35.59860776063529,13.062942950707972,235,34,1141.0,977.0,1469.0,1180.0,1137.0,1406.7142857142858
2022-08-24,2022,8,35,1128.0,1447.0,4.16,7.17,oeste,4.761952904619111,0.2697609273480654,4.259590647955283,88.05992012967938,17.424160792982647,6.43628878758288,25.06,25.54,26.76,30.61,38.54,53.7,0.0,0.0,0.0,236,35.674395955150665,8.837607100768862,236,34,1169.0,971.0,1374.0,1277.0,1131.142857142857,1417.142857142857
2022-08-25,2022,8,35,1128.0,1462.0,3.84,6.88,oeste,4.761952904619111,0.2697609273480654,4.259590647955283,88.05992012967938,17.424160792982647,6.028362185097581,24.39,25.04,26.94,31.57,35.9,52.85,0.0,0.0,0.0,237,35.74956525827639,10.846620764745982,237,34,1089.0,958.0,1475.0,1195.0,1136.7142857142858,1415.2857142857142
2022-08-26,2022,8,35,1193.0,1377.0,4.06,7.03,oeste,4.761952904619111,0.2697609273480654,4.259590647955283,88.05992012967938,17.424160792982647,6.472319059563762,24.69,25.62,26.02,32.47,35.46,52.69,0.0,0.0,0.0,238,35.82405452633241,7.84971987317673,238,34,1104.0,1003.0,1398.0,1264.0,1149.4285714285713,1412.2857142857142
2022-08-27,2022,8,35,1194.0,1438.0,4.01,6.66,oeste,4.761952904619111,0.2697609273480654,4.259590647955283,88.05992012967938,17.424160792982647,6.606507807386665,24.79,25.78,26.91,33.49,36.91,52.3,0.0,0.0,0.0,239,35.89780357674738,9.930918283256071,239,34,1071.0,970.0,1400.0,1196.0,1167.0,1417.7142857142858
2022-08-28,2022,8,35,1119.0,1362.0,3.83,7.34,oeste,4.761952904619111,0.2697609273480654,4.259590647955283,88.05992012967938,17.424160792982647,6.01748159868268,25.17,25.69,26.79,30.71,37.82,52.9,0.0,0.0,0.0,240,35.97075325708702,8.69882593494621,240,34,1143.0,990.0,1473.0,1224.0,1163.5714285714287,1401.857142857143
2022-08-29,2022,8,36,980.0,1074.0,5.83,7.0,oeste,4.761952904619111,0.2697609273480654,4.259590647955283,88.05992012967938,17.424160792982647,6.107152571498463,25.09,24.94,26.69,25.68,29.94,40.11,0.0,0.0,0.0,241,36.042845513219575,8.662288873326936,241,35,1164.0,1117.0,1386.0,1373.0,1137.2857142857142,1357.2857142857142
2022-08-30,2022,8,36,951.0,1088.0,6.08,6.89,oeste,4.761952904619111,0.2697609273480654,4.259590647955283,88.05992012967938,17.424160792982647,6.393763243313211,24.17,26.61,27.26,24.18,32.38,39.71,0.0,0.0,0.0,242,36.11402345650973,12.061705388171836,242,35,1219.0,1141.0,1341.0,1469.0,1099.0,1321.142857142857
2022-08-31,2022,8,36,972.0,1163.0,5.83,6.86,oeste,4.761952904619111,0.2697609273480654,4.259590647955283,88.05992012967938,17.424160792982647,6.614762429051391,24.25,25.25,28.21,25.66,31.0,40.29,0.0,0.0,0.0,243,36.18423142993297,13.681085163773892,243,35,1128.0,1169.0,1447.0,1374.0,1076.7142857142858,1280.5714285714287
2022-09-01,2022,9,36,929.0,1172.0,5.97,7.54,oeste,4.761952904619111,0.2697609273480654,4.259590647955283,88.05992012967938,17.424160792982647,6.26291783890172,24.08,26.32,27.55,24.14,32.96,42.82,0.0,0.0,0.0,244,36.25341507300143,12.831199626488772,244,35,1128.0,1089.0,1462.0,1475.0,1048.2857142857142,1239.142857142857
2022-09-02,2022,9,36,911.0,1075.0,5.96,7.54,oeste,4.761952904619111,0.2697609273480654,4.259590647955283,88.05992012967938,17.424160792982647,6.111792479069323,23.09,26.74,26.93,25.23,31.53,41.6,0.0,0.0,0.0,245,36.32152138539364,13.523317499521838,245,35,1193.0,1104.0,1377.0,1398.0,1008.0,1196.0
2022-09-03,2022,9,36,903.0,1118.0,6.24,7.28,oeste,4.761952904619111,0.2697609273480654,4.259590647955283,88.05992012967938,17.424160792982647,6.466186900685456,24.98,26.61,25.94,24.4,30.33,41.18,0.0,0.0,0.0,246,36.388498789180304,6.774127344992522,246,35,1194.0,1071.0,1438.0,1400.0,966.4285714285714,1150.2857142857142
2022-09-04,2022,9,36,932.0,1100.0,6.1,6.85,oeste,4.761952904619111,0.2697609273480654,4.259590647955283,88.05992012967938,17.424160792982647,6.446188473404621,23.16,24.7,26.73,25.96,32.47,42.16,0.0,0.0,0.0,247,36.45429718953992,13.0868896014624,247,35,1119.0,1143.0,1362.0,1473.0,939.7142857142857,1112.857142857143
2022-09-05,2022,9,37,939.0,1117.0,5.9,7.19,oeste,4.761952904619111,0.2697609273480654,4.259590647955283,88.05992012967938,17.424160792982647,6.505379841289721,25.0,25.32,26.84,25.68,30.73,40.61,0.0,0.0,0.0,248,36.51886803385843,9.411954517401652,248,36,980.0,1164.0,1074.0,1386.0,933.8571428571429,1119.0
2022-09-06,2022,9,37,915.0,1143.0,6.05,7.2,oeste,4.761952904619111,0.2697609273480654,4.259590647955283,88.05992012967938,17.424160792982647,6.452600027125142,25.01,26.13,27.68,24.19,32.21,40.01,0.0,0.0,0.0,249,36.58216436910934,11.35739233192908,249,36,951.0,1219.0,1088.0,1341.0,928.7142857142857,1126.857142857143
2022-09-07,2022,9,37,881.0,1056.0,6.09,7.02,oeste,4.761952904619111,0.2697609273480654,4.259590647955283,88.05992012967938,17.424160792982647,6.338246338747305,24.7,25.14,25.66,24.86,32.33,42.78,0.0,0.0,0.0,250,36.64414089741174,6.8217179918596855,250,36,972.0,1128.0,1163.0,1447.0,915.7142857142857,1111.5714285714287
2022-09-08,2022,9,37,907.0,1065.0,6.06,7.54,oeste,4.761952904619111,0.2697609273480654,4.259590647955283,88.05992012967938,17.424160792982647,6.573301232552748,24.09,24.64,26.07,24.77,30.45,42.3,0.0,0.0,0.0,251,36.7047540296665,9.813151735387848,251,36,929.0,1128.0,1172.0,1462.0,912.5714285714286,1096.2857142857142
2022-09-09,2022,9,37,922.0,1068.0,5.79,6.88,oeste,4.761952904619111,0.2697609273480654,4.259590647955283,88.05992012967938,17.424160792982647,6.3134882898215485,24.63,25.99,27.53,23.77,32.2,41.81,0.0,0.0,0.0,252,36.76396193717215,11.895286531236016,252,36,911.0,1193.0,1075.0,1377.0,914.1428571428571,1095.2857142857142
2022-09-10,2022,9,37,905.0,1041.0,6.07,6.87,oeste,4.761952904619111,0.2697609273480654,4.259590647955283,88.05992012967938,17.424160792982647,6.232573899763333,22.87,25.68,27.64,26.2,30.67,42.4,0.0,0.0,0.0,253,36.82172460112562,15.279773480314049,253,36,903.0,1194.0,1118.0,1438.0,914.4285714285714,1084.2857142857142
2022-09-11,2022,9,37,889.0,1107.0,5.76,6.86,oeste,4.761952904619111,0.2697609273480654,4.259590647955283,88.05992012967938,17.424160792982647,6.474537819516293,23.45,26.75,28.07,26.02,30.3,40.67,0.0,0.0,0.0,254,36.87800385991513,15.060590292839622,254,36,932.0,1119.0,1100.0,1362.0,908.2857142857143,1085.2857142857142
2022-09-12,2022,9,38,852.0,984.0,6.06,7.31,oeste,4.761952904619111,0.2697609273480654,4.259590647955283,88.05992012967938,17.424160792982647,6.206216203315975,24.39,25.55,28.35,23.81,31.3,40.51,0.0,0.0,0.0,255,36.93276345411582,13.964101548700784,255,37,939.0,980.0,1117.0,1074.0,895.8571428571429,1066.2857142857142
2022-09-13,2022,9,38,821.0,1006.0,6.01,7.3,oeste,4.761952904619111,0.2697609273480654,4.259590647955283,88.05992012967938,17.424160792982647,6.594632900539664,24.07,24.77,28.94,23.9,30.36,40.63,0.0,0.0,0.0,256,36.98596906910211,15.50797469550236,256,37,915.0,951.0,1143.0,1088.0,882.4285714285714,1046.7142857142858
2022-09-14,2022,9,38,829.0,1003.0,6.16,7.51,oeste,4.761952904619111,0.2697609273480654,4.259590647955283,88.05992012967938,17.424160792982647,6.495192896628864,23.57,26.07,26.69,25.85,31.64,43.02,0.0,0.0,0.0,257,37.03758837519439,12.43007069661764,257,37,881.0,972.0,1056.0,1163.0,875.0,1039.142857142857
2022-09-15,2022,9,38,859.0,1025.0,6.22,7.55,oeste,4.761952904619111,0.2697609273480654,4.259590647955283,88.05992012967938,17.424160792982647,6.117503565001182,24.75,25.9,27.53,25.78,31.59,40.13,0.0,0.0,0.0,258,37.087591065261456,11.749100659691056,258,37,907.0,929.0,1065.0,1172.0,868.1428571428571,1033.4285714285713
2022-09-16,2022,9,38,851.0,1009.0,5.85,6.99,oeste,4.761952904619111,0.2697609273480654,4.259590647955283,88.05992012967938,17.424160792982647,6.076550660513196,22.95,24.99,26.85,25.63,30.66,39.84,0.0,0.0,0.0,259,37.1359488897041,13.93414834729313,259,37,922.0,911.0,1068.0,1075.0,858.0,1025.0
2022-09-17,2022,9,38,853.0,973.0,6.1,7.16,oeste,4.761952904619111,0.2697609273480654,4.259590647955283,88.05992012967938,17.424160792982647,6.12448690796219,24.16,24.68,27.3,23.93,31.83,39.72,0.0,0.0,0.0,260,37.18263568874978,12.5186816784593,260,37,905.0,903.0,1041.0,1118.0,850.5714285714286,1015.2857142857143
2022-09-18,2022,9,38,868.0,936.0,6.2,6.88,oeste,4.761952904619111,0.2697609273480654,4.259590647955283,88.05992012967938,17.424160792982647,6.052465354279216,24.64,26.96,27.55,25.3,30.11,41.96,0.0,0.0,0.0,261,37.22762742199263,12.066059268578131,261,37,889.0,932.0,1107.0,1100.0,847.5714285714286,990.8571428571429
2022-09-19,2022,9,39,724.0,785.0,6.22,7.39,oeste,4.761952904619111,0.2697609273480654,4.259590647955283,88.05992012967938,17.424160792982647,6.054243462847004,23.81,26.38,27.53,25.72,32.13,41.53,0.0,0.0,0.0,262,37.27090219511763,13.658247444039928,262,38,852.0,939.0,984.0,1117.0,829.2857142857143,962.4285714285714
2022-09-20,2022,9,39,680.0,848.0,6.03,7.37,oeste,4.761952904619111,0.2697609273480654,4.259590647955283,88.05992012967938,17.424160792982647,6.061973663980071,23.6,26.73,28.19,25.56,30.02,42.86,0.0,0.0,0.0,263,37.31244028375322,15.188454941500057,263,38,821.0,915.0,1006.0,1143.0,809.1428571428571,939.8571428571429
2022-09-21,2022,9,39,703.0,789.0,6.14,7.47,oeste,4.761952904619111,0.2697609273480654,4.259590647955283,88.05992012967938,17.424160792982647,6.197739602746143,24.95,26.01,29.34,25.7,32.15,41.73,0.0,0.0,0.0,264,37.3522241544009,14.869704164822574,264,38,829.0,881.0,1003.0,1056.0,791.1428571428571,909.2857142857143
2022-09-22,2022,9,39,668.0,798.0,6.18,7.32,oeste,4.761952904619111,0.2697609273480654,4.259590647955283,88.05992012967938,17.424160792982647,6.323132430289755,23.61,25.89,27.22,24.31,31.74,42.27,0.0,0.0,0.0,265,37.390238482396256,13.497876092145049,265,38,859.0,907.0,1025.0,1065.0,763.8571428571429,876.8571428571429
2022-09-23,2022,9,39,690.0,795.0,5.83,7.43,oeste,4.761952904619111,0.2697609273480654,4.259590647955283,88.05992012967938,17.424160792982647,6.072941013978027,23.33,26.07,26.75,25.74,32.51,41.33,0.0,0.0,0.0,266,37.4264701668608,13.150598636362954,266,38,851.0,922.0,1009.0,1068.0,740.8571428571429,846.2857142857143
2022-09-24,2022,9,39,693.0,840.0,5.74,7.43,oeste,4.761952904619111,0.2697609273480654,4.259590647955283,88.05992012967938,17.424160792982647,6.4406362008616735,24.06,25.99,27.65,25.88,31.27,42.02,0.0,0.0,0.0,267,37.46090834260974,13.485874974199776,267,38,853.0,905.0,973.0,1041.0,718.0,827.2857142857143
2022-09-25,2022,9,39,667.0,781.0,5.96,6.97,oeste,4.761952904619111,0.2697609273480654,4.259590647955283,88.05992012967938,17.424160792982647,6.60365628593517,24.3,25.77,27.37,25.94,31.38,42.41,0.0,0.0,0.0,268,37.49354438898603,12.481859403493026,268,38,868.0,889.0,936.0,1107.0,689.2857142857143,805.1428571428571
2022-09-26,2022,9,40,702.0,818.0,7.21,8.98,oeste,4.761952904619111,0.2697609273480654,4.259590647955283,88.05992012967938,17.424160792982647,6.137557612876408,23.81,25.92,28.87,27.98,35.91,40.86,0.0,0.0,0.0,269,37.52437193559734,16.03770760741982,269,39,724.0,852.0,785.0,984.0,686.1428571428571,809.8571428571429
2022-09-27,2022,9,40,700.0,849.0,6.84,9.34,oeste,4.761952904619111,0.2697609273480654,4.259590647955283,88.05992012967938,17.424160792982647,6.310451378211535,25.69,26.18,28.77,29.56,38.07,37.14,0.0,0.0,0.0,270,37.553386864937465,12.52212602989984,270,39,680.0,821.0,848.0,1006.0,689.0,810.0
2022-09-28,2022,9,40,701.0,877.0,7.14,8.57,oeste,4.761952904619111,0.2697609273480654,4.259590647955283,88.05992012967938,17.424160792982647,6.554880139379852,25.41,27.05,28.48,30.08,36.46,38.0,0.0,0.0,0.0,271,37.58058731188056,12.510836592589015,271,39,703.0,829.0,789.0,1003.0,688.7142857142857,822.5714285714286
2022-09-29,2022,9,40,640.0,804.0,7.01,8.56,oeste,4.761952904619111,0.2697609273480654,4.259590647955283,88.05992012967938,17.424160792982647,6.257194618394752,24.42,25.41,27.22,29.04,37.42,40.24,0.0,0.0,0.0,272,37.60597366004136,11.956097669694977,272,39,668.0,859.0,798.0,1025.0,684.7142857142857,823.4285714285714
2022-09-30,2022,9,40,645.0,827.0,7.24,9.02,oeste,4.761952904619111,0.2697609273480654,4.259590647955283,88.05992012967938,17.424160792982647,6.592347704692804,23.89,26.95,28.46,29.14,35.54,38.25,0.0,0.0,0.0,273,37.62954853500125,15.284129503481534,273,39,690.0,851.0,795.0,1009.0,678.2857142857143,828.0
2022-10-01,2022,10,40,697.0,881.0,6.79,8.75,oeste,4.761952904619111,0.2697609273480654,4.259590647955283,88.05992012967938,17.424160792982647,6.31225986661253,24.27,26.89,27.49,28.96,35.29,40.69,0.0,0.0,0.0,274,37.6513167944056,12.836945765163506,274,39,693.0,853.0,840.0,973.0,678.8571428571429,833.8571428571429
2022-10-02,2022,10,40,681.0,877.0,6.98,8.54,oeste,4.761952904619111,0.2697609273480654,4.259590647955283,88.05992012967938,17.424160792982647,6.093942590897077,25.8,25.78,26.93,28.12,36.16,37.95,0.0,0.0,0.0,275,37.67128551494343,7.608573901563136,275,39,667.0,868.0,781.0,936.0,680.8571428571429,847.5714285714286
2022-10-03,2022,10,41,610.0,802.0,7.0,8.84,oeste,4.761952904619111,0.2697609273480654,4.259590647955283,88.05992012967938,17.424160792982647,6.284608003105787,26.07,26.35,27.66,28.72,36.38,40.17,0.0,0.0,0.0,276,37.689463976226754,9.029675098623596,276,40,702.0,724.0,818.0,785.0,667.7142857142857,845.2857142857143
2022-10-04,2022,10,41,634.0,738.0,7.32,8.47,oeste,4.761952904619111,0.2697609273480654,4.259590647955283,88.05992012967938,17.424160792982647,6.184100018836987,25.72,27.18,27.9,27.83,38.06,40.04,0.0,0.0,0.0,277,37.705863641592536,10.57768769502663,277,40,700.0,680.0,849.0,848.0,658.2857142857143,829.4285714285714
2022-10-05,2022,10,41,592.0,776.0,6.68,8.55,oeste,4.761952904619111,0.2697609273480654,4.259590647955283,88.05992012967938,17.424160792982647,6.414675887933415,25.3,26.32,27.13,28.08,34.98,39.93,0.0,0.0,0.0,278,37.720498135855664,9.695195373041422,278,40,701.0,703.0,877.0,789.0,642.7142857142857,815.0
2022-10-06,2022,10,41,610.0,733.0,7.22,9.13,oeste,4.761952904619111,0.2697609273480654,4.259590647955283,88.05992012967938,17.424160792982647,6.593395959985829,25.51,26.61,27.21,30.17,38.39,37.26,0.0,0.0,0.0,279,37.73338322004756,9.347679380493556,279,40,640.0,668.0,804.0,798.0,638.4285714285714,804.8571428571429
2022-10-07,2022,10,41,587.0,743.0,7.24,8.74,oeste,4.761952904619111,0.2697609273480654,4.259590647955283,88.05992012967938,17.424160792982647,6.171992719017222,25.16,26.75,29.29,27.8,36.92,38.54,0.0,0.0,0.0,280,37.74453676317992,14.57413293200482,280,40,645.0,690.0,827.0,795.0,630.1428571428571,792.8571428571429
2022-10-08,2022,10,41,593.0,761.0,7.02,9.08,oeste,4.761952904619111,0.2697609273480654,4.259590647955283,88.05992012967938,17.424160792982647,6.422406332016174,23.96,27.49,29.31,30.41,38.2,39.53,0.0,0.0,0.0,281,37.75397871107917,16.59178909389693,281,40,697.0,693.0,881.0,840.0,615.2857142857143,775.7142857142857
2022-10-09,2022,10,41,602.0,787.0,6.98,8.79,oeste,4.761952904619111,0.2697609273480654,4.259590647955283,88.05992012967938,17.424160792982647,6.1565937878185375,25.31,26.26,26.9,28.08,34.87,37.55,0.0,0.0,0.0,282,37.76173105234202,9.046988908606671,282,40,681.0,667.0,877.0,781.0,604.0,762.8571428571429
2022-10-10,2022,10,42,680.0,882.0,6.74,8.96,oeste,4.761952904619111,0.2697609273480654,4.259590647955283,88.05992012967938,17.424160792982647,6.576158182130022,24.72,25.42,27.17,29.02,37.29,39.01,0.0,0.0,0.0,283,37.7678177814679,11.232037253517946,283,41,610.0,702.0,802.0,818.0,614.0,774.2857142857143
2022-10-11,2022,10,42,720.0,922.0,6.95,8.99,oeste,4.761952904619111,0.2697609273480654,4.259590647955283,88.05992012967938,17.424160792982647,6.178577301503333,24.16,26.91,29.14,28.68,37.51,39.65,0.0,0.0,0.0,284,37.77226485922906,16.015529385595684,284,41,634.0,700.0,738.0,849.0,626.2857142857143,800.5714285714286
2022-10-12,2022,10,42,714.0,904.0,6.71,8.98,oeste,4.761952904619111,0.2697609273480654,4.259590647955283,88.05992012967938,17.424160792982647,6.569852802006152,23.82,25.21,28.13,27.58,35.07,40.86,0.0,0.0,0.0,285,37.77510017034398,14.90039771913212,285,41,592.0,701.0,776.0,877.0,643.7142857142857,818.8571428571429
2022-10-13,2022,10,42,718.0,930.0,6.89,9.34,oeste,4.761952904619111,0.2697609273480654,4.259590647955283,88.05992012967938,17.424160792982647,6.275459170145528,26.07,25.66,27.52,30.02,34.93,39.03,0.0,0.0,0.0,286,37.776353478524165,8.64286313181722,286,41,610.0,640.0,733.0,804.0,659.1428571428571,847.0
2022-10-14,2022,10,42,719.0,877.0,7.02,8.83,oeste,4.761952904619111,0.2697609273480654,4.259590647955283,88.05992012967938,17.424160792982647,6.102796711608605,25.02,27.06,29.13,29.78,36.99,38.54,0.0,0.0,0.0,287,37.77605637896929,14.55094267573595,287,41,587.0,645.0,743.0,827.0,678.0,866.1428571428571
2022-10-15,2022,10,42,699.0,914.0,7.18,8.8,oeste,4.761952904619111,0.2697609273480654,4.259590647955283,88.05992012967938,17.424160792982647,6.0483868936605045,25.01,25.55,27.05,29.11,35.3,37.63,0.0,0.0,0.0,288,37.77424224838939,10.250957803453868,288,41,593.0,697.0,761.0,881.0,693.1428571428571,888.0
2022-10-16,2022,10,42,684.0,913.0,6.75,8.64,oeste,4.761952904619111,0.2697609273480654,4.259590647955283,88.05992012967938,17.424160792982647,6.268006244591371,24.03,27.62,28.14,28.84,37.83,38.01,0.0,0.0,0.0,289,37.77094619263745,14.548974285292257,289,41,602.0,681.0,787.0,877.0,704.8571428571429,906.0
2022-10-17,2022,10,43,625.0,834.0,7.05,8.54,oeste,4.761952904619111,0.2697609273480654,4.259590647955283,88.05992012967938,17.424160792982647,6.253843881809408,26.18,26.3,29.39,27.92,35.27,38.81,0.0,0.55,4.2,290,37.76620499203883,12.85610655368026,290,42,680.0,610.0,882.0,802.0,697.0,899.1428571428571
2022-10-18,2022,10,43,656.0,846.0,6.78,9.11,oeste,4.761952904619111,0.2697609273480654,4.259590647955283,88.05992012967938,17.424160792982647,6.319617531134072,24.37,26.9,28.23,28.77,36.46,37.12,0.0,0.57,3.82,291,37.7600570445083,14.095480821624992,291,42,720.0,634.0,922.0,738.0,687.8571428571429,888.2857142857143
2022-10-19,2022,10,43,618.0,840.0,7.17,8.62,oeste,4.761952904619111,0.2697609273480654,4.259590647955283,88.05992012967938,17.424160792982647,6.264290441520736,23.8,25.62,27.34,30.36,37.22,38.19,0.0,0.57,3.98,292,37.75254230654842,13.495887049800173,292,42,714.0,592.0,904.0,776.0,674.1428571428571,879.1428571428571
2022-10-20,2022,10,43,667.0,811.0,7.29,9.25,oeste,4.761952904619111,0.2697609273480654,4.259590647955283,88.05992012967938,17.424160792982647,6.432386376611088,26.13,27.01,29.33,30.28,37.24,37.95,0.0,0.57,3.84,293,37.74370223222586,12.828417554892669,293,42,718.0,610.0,930.0,733.0,666.8571428571429,862.1428571428571
2022-10-21,2022,10,43,649.0,821.0,6.93,8.7,oeste,4.761952904619111,0.2697609273480654,4.259590647955283,88.05992012967938,17.424160792982647,6.080665842151427,24.27,25.55,27.29,29.98,37.74,39.77,0.0,0.56,4.0,294,37.73357971022576,12.459054346994323,294,42,719.0,587.0,877.0,743.0,656.8571428571429,854.1428571428571
2022-10-22,2022,10,43,669.0,862.0,6.85,8.78,oeste,4.761952904619111,0.2697609273480654,4.259590647955283,88.05992012967938,17.424160792982647,6.227136201547188,25.7,25.52,27.88,28.31,36.68,38.55,0.0,0.6,4.13,295,37.722218999086536,10.582275890256858,295,42,699.0,593.0,914.0,761.0,652.5714285714286,846.7142857142857
2022-10-23,2022,10,43,631.0,854.0,6.98,9.0,oeste,4.761952904619111,0.2697609273480654,4.259590647955283,88.05992012967938,17.424160792982647,6.3307330890105495,25.07,25.63,27.28,28.85,35.92,39.14,0.0,0.56,3.99,296,37.70966566071922,10.651295160862311,296,42,684.0,602.0,913.0,787.0,645.0,838.2857142857143
2022-10-24,2022,10,44,635.0,867.0,11.42,9.18,oeste,4.761952904619111,0.2697609273480654,4.259590647955283,88.05992012967938,17.424160792982647,6.089992555483925,22.57,25.97,28.84,40.78,50.02,52.38,0.0,0.0,0.0,297,37.69596649231899,17.934210135835514,297,43,625.0,680.0,834.0,882.0,646.4285714285714,843.0
2022-10-25,2022,10,44,614.0,802.0,11.51,9.23,oeste,4.761952904619111,0.2697609273480654,4.259590647955283,88.05992012967938,17.424160792982647,6.442683378395662,22.72,26.21,27.38,40.8,49.61,51.11,0.0,0.0,0.0,298,37.681169456776864,15.455068426055076,298,43,656.0,720.0,846.0,922.0,640.4285714285714,836.7142857142857
2022-10-26,2022,10,44,612.0,810.0,12.34,8.84,oeste,4.761952904619111,0.2697609273480654,4.259590647955283,88.05992012967938,17.424160792982647,6.552866140076141,24.07,26.02,26.82,41.46,49.79,52.38,0.0,0.0,0.0,299,37.665323611702064,11.867565872596318,299,43,618.0,714.0,840.0,904.0,639.5714285714286,832.4285714285714
2022-10-27,2022,10,44,623.0,871.0,12.09,8.91,oeste,4.761952904619111,0.2697609273480654,4.259590647955283,88.05992012967938,17.424160792982647,6.028929531024151,23.68,27.68,28.74,40.86,51.1,51.83,0.0,0.0,0.0,300,37.648479037166446,16.09075029152885,300,43,667.0,718.0,811.0,930.0,633.2857142857143,841.0
2022-10-28,2022,10,44,653.0,809.0,11.93,8.88,oeste,4.761952904619111,0.2697609273480654,4.259590647955283,88.05992012967938,17.424160792982647,6.004421741229329,22.98,26.43,27.03,40.92,51.24,50.85,0.0,0.0,0.0,301,37.63068676228361,14.388756292519966,301,43,649.0,719.0,821.0,877.0,633.8571428571429,839.2857142857143
2022-10-29,2022,10,44,650.0,853.0,12.18,9.46,oeste,4.761952904619111,0.2697609273480654,4.259590647955283,88.05992012967938,17.424160792982647,6.383946805694696,22.4,26.68,28.54,42.54,50.3,54.31,0.0,0.0,0.0,302,37.611998690736144,17.707783308407155,302,43,669.0,699.0,862.0,914.0,631.1428571428571,838.0
2022-10-30,2022,10,44,624.0,872.0,12.02,8.76,oeste,4.761952904619111,0.2697609273480654,4.259590647955283,88.05992012967938,17.424160792982647,6.485504588912568,23.67,27.55,28.4,43.35,49.43,55.07,0.0,0.0,0.0,303,37.59246752536474,15.53406093980516,303,43,631.0,684.0,854.0,913.0,630.1428571428571,840.5714285714286
2022-10-31,2022,10,45,665.0,935.0,11.82,9.34,oeste,4.761952904619111,0.2697609273480654,4.259590647955283,88.05992012967938,17.424160792982647,6.41872934395636,23.74,26.6,26.73,42.28,48.22,52.25,0.0,0.0,0.0,304,37.57214669193354,12.34397985747341,304,44,635.0,625.0,867.0,834.0,634.4285714285714,850.2857142857143
2022-11-01,2022,11,45,680.0,968.0,12.19,9.11,oeste,4.761952904619111,0.2697609273480654,4.259590647955283,88.05992012967938,17.424160792982647,6.5688452238790624,22.22,27.7,29.12,43.69,48.39,52.14,0.0,0.0,0.0,305,37.55109026218615,18.741342486172737,305,44,614.0,656.0,802.0,846.0,643.8571428571429,874.0
2022-11-02,2022,11,45,706.0,1009.0,12.19,9.4,oeste,4.761952904619111,0.2697609273480654,4.259590647955283,88.05992012967938,17.424160792982647,6.133150381937456,22.91,25.92,28.67,41.97,51.15,54.96,0.0,0.0,0.0,306,37.529352876306135,17.1133849115956,306,44,612.0,618.0,810.0,840.0,657.2857142857143,902.4285714285714
2022-11-03,2022,11,45,690.0,941.0,12.02,9.17,oeste,4.761952904619111,0.2697609273480654,4.259590647955283,88.05992012967938,17.424160792982647,6.174642930985992,22.38,27.54,28.69,42.62,47.94,53.2,0.0,0.0,0.0,307,37.506989664896246,17.9011317682864,307,44,623.0,667.0,871.0,811.0,666.8571428571429,912.4285714285714
2022-11-04,2022,11,45,705.0,962.0,12.43,8.7,oeste,4.761952904619111,0.2697609273480654,4.259590647955283,88.05992012967938,17.424160792982647,6.54632495045178,23.14,25.73,28.89,41.7,49.61,52.14,0.0,0.0,0.0,308,37.48405617058897,17.077885729430847,308,44,653.0,649.0,809.0,821.0,674.2857142857143,934.2857142857143
2022-11-05,2022,11,45,710.0,944.0,12.37,8.78,oeste,4.761952904619111,0.2697609273480654,4.259590647955283,88.05992012967938,17.424160792982647,6.014838629524026,23.38,27.87,29.04,42.65,51.75,52.85,0.0,0.0,0.0,309,37.46060826940131,16.93310656519959,309,44,650.0,669.0,853.0,862.0,682.8571428571429,947.2857142857143
2022-11-06,2022,11,45,710.0,1014.0,11.4,8.9,oeste,4.761952904619111,0.2697609273480654,4.259590647955283,88.05992012967938,17.424160792982647,6.210593171332997,22.98,26.12,27.52,41.22,47.51,52.31,0.0,0.0,0.0,310,37.43670209194459,15.15580856012348,310,44,624.0,631.0,872.0,854.0,695.1428571428571,967.5714285714286
2022-11-07,2022,11,46,759.0,1041.0,12.39,9.44,oeste,4.761952904619111,0.2697609273480654,4.259590647955283,88.05992012967938,17.424160792982647,6.221094549056928,22.01,27.64,27.24,41.17,47.71,52.57,0.0,0.0,0.0,311,37.41239394460002,16.256234075682844,311,45,665.0,635.0,935.0,867.0,708.5714285714286,982.7142857142857
2022-11-08,2022,11,46,800.0,1131.0,12.06,9.16,oeste,4.761952904619111,0.2697609273480654,4.259590647955283,88.05992012967938,17.424160792982647,6.335406914538406,23.54,27.57,27.92,39.98,47.13,50.64,0.0,0.0,0.0,312,37.38774023076799,14.866881259333573,312,45,680.0,614.0,968.0,802.0,725.7142857142857,1006.0
2022-11-09,2022,11,46,826.0,1071.0,11.53,8.72,oeste,4.761952904619111,0.2697609273480654,4.259590647955283,88.05992012967938,17.424160792982647,6.591084371027807,24.08,27.28,26.66,43.44,47.66,51.34,0.0,0.0,0.0,313,37.36279737229912,11.40257240303944,313,45,706.0,612.0,1009.0,810.0,742.8571428571429,1014.8571428571429
2022-11-10,2022,11,46,778.0,1132.0,12.55,8.74,oeste,4.761952904619111,0.2697609273480654,4.259590647955283,88.05992012967938,17.424160792982647,6.037529106072306,22.55,26.04,27.22,42.29,47.86,50.75,0.0,0.0,0.0,314,37.337621731211776,15.330583776986588,314,45,690.0,623.0,941.0,871.0,755.4285714285714,1042.142857142857
2022-11-11,2022,11,46,798.0,1061.0,12.21,9.34,oeste,4.761952904619111,0.2697609273480654,4.259590647955283,88.05992012967938,17.424160792982647,6.3726104179391765,22.12,26.43,28.46,42.9,49.04,51.03,0.0,0.0,0.0,315,37.31226953180009,17.85047987886817,315,45,705.0,653.0,962.0,809.0,768.7142857142857,1056.2857142857142
2022-11-12,2022,11,46,764.0,1044.0,11.78,8.73,oeste,4.761952904619111,0.2697609273480654,4.259590647955283,88.05992012967938,17.424160792982647,6.294239486140053,23.58,26.36,28.24,41.98,49.87,54.98,0.0,0.0,0.0,316,37.28679678323379,15.293315042525778,316,45,710.0,650.0,944.0,853.0,776.4285714285714,1070.5714285714287
2022-11-13,2022,11,46,821.0,1122.0,11.71,8.97,oeste,4.761952904619111,0.2697609273480654,4.259590647955283,88.05992012967938,17.424160792982647,6.2872093871586126,22.78,25.74,26.89,40.3,51.68,53.35,0.0,0.0,0.0,317,37.26125920274963,14.352648176022813,317,45,710.0,624.0,1014.0,872.0,792.2857142857143,1086.0
2022-11-14,2022,11,47,938.0,1352.0,12.09,9.08,oeste,4.761952904619111,0.2697609273480654,4.259590647955283,88.05992012967938,17.424160792982647,6.60527718576112,23.22,26.72,29.27,43.87,48.33,53.14,0.0,0.28,1.93,318,37.23571213953113,17.401670958732602,318,46,759.0,665.0,1041.0,935.0,817.8571428571429,1130.4285714285713
2022-11-15,2022,11,47,927.0,1298.0,11.63,9.43,oeste,4.761952904619111,0.2697609273480654,4.259590647955283,88.05992012967938,17.424160792982647,6.491934236909857,23.15,27.82,27.32,42.42,50.33,52.43,0.0,0.28,1.96,319,37.21021049937182,14.437226010738977,319,46,800.0,680.0,1131.0,968.0,836.0,1154.2857142857142
2022-11-16,2022,11,47,930.0,1294.0,11.91,9.37,oeste,4.761952904619111,0.2697609273480654,4.259590647955283,88.05992012967938,17.424160792982647,6.057485444416545,21.87,26.78,29.2,41.52,50.36,53.92,0.0,0.3,2.09,320,37.184808670214245,19.128069430272525,320,46,826.0,706.0,1071.0,1009.0,850.8571428571429,1186.142857142857
2022-11-17,2022,11,47,901.0,1365.0,12.29,8.65,oeste,4.761952904619111,0.2697609273480654,4.259590647955283,88.05992012967938,17.424160792982647,6.4360777966466864,22.14,26.66,28.96,41.57,48.31,52.43,0.0,0.29,1.99,321,37.15956044865456,18.43810808368817,321,46,778.0,690.0,1132.0,941.0,868.4285714285714,1219.4285714285713
2022-11-18,2022,11,47,950.0,1276.0,12.26,9.06,oeste,4.761952904619111,0.2697609273480654,4.259590647955283,88.05992012967938,17.424160792982647,6.510176889100428,22.24,26.48,26.85,43.01,50.03,54.13,0.0,0.28,2.03,322,37.1345189675,15.148926768829584,322,46,798.0,705.0,1061.0,962.0,890.1428571428571,1250.142857142857
2022-11-19,2022,11,47,942.0,1284.0,11.47,9.11,oeste,4.761952904619111,0.2697609273480654,4.259590647955283,88.05992012967938,17.424160792982647,6.460568180462547,23.54,27.72,26.98,40.8,51.32,52.17,0.0,0.28,2.08,323,37.10973662446371,13.077378517096838,323,46,764.0,710.0,1044.0,944.0,915.5714285714286,1284.4285714285713
2022-11-20,2022,11,47,931.0,1313.0,12.44,8.96,oeste,4.761952904619111,0.2697609273480654,4.259590647955283,88.05992012967938,17.424160792982647,6.509408999903399,22.44,26.68,28.71,42.01,51.51,51.3,0.0,0.29,1.97,324,37.08526501207903,17.643663170310145,324,46,821.0,710.0,1122.0,1014.0,931.2857142857143,1311.7142857142858
2022-11-21,2022,11,48,1040.0,1320.0,12.58,9.27,oeste,4.761952904619111,0.2697609273480654,4.259590647955283,88.05992012967938,17.424160792982647,6.465020385272616,22.92,26.78,28.18,41.4,48.77,59.21,0.0,0.0,0.0,325,37.06115484891205,16.149735769696083,325,47,938.0,759.0,1352.0,1041.0,945.8571428571429,1307.142857142857
2022-11-22,2022,11,48,981.0,1337.0,11.42,9.03,oeste,4.761952904619111,0.2697609273480654,4.259590647955283,88.05992012967938,17.424160792982647,6.239400078111789,23.74,25.79,28.07,42.16,49.49,59.38,0.0,0.0,0.0,326,37.037455912149134,14.643291122636471,326,47,927.0,800.0,1298.0,1131.0,953.5714285714286,1312.7142857142858
2022-11-23,2022,11,48,958.0,1327.0,11.52,9.48,oeste,4.761952904619111,0.2697609273480654,4.259590647955283,88.05992012967938,17.424160792982647,6.268637679095543,22.66,26.92,27.61,40.22,49.08,58.49,0.0,0.0,0.0,327,37.0142169716326,15.64677245464498,327,47,930.0,826.0,1294.0,1071.0,957.5714285714286,1317.4285714285713
2022-11-24,2022,11,48,987.0,1443.0,11.61,9.16,oeste,4.761952904619111,0.2697609273480654,4.259590647955283,88.05992012967938,17.424160792982647,6.547985853788153,24.08,25.74,27.06,41.92,53.1,57.13,0.0,0.0,0.0,328,36.99148572541555,12.132868976459196,328,47,901.0,778.0,1365.0,1132.0,969.8571428571429,1328.5714285714287
2022-11-25,2022,11,48,1006.0,1367.0,11.87,8.85,oeste,4.761952904619111,0.2697609273480654,4.259590647955283,88.05992012967938,17.424160792982647,6.596952677636491,22.63,28.05,27.02,43.3,49.62,56.9,0.0,0.0,0.0,329,36.96930873690382,14.71726775421434,329,47,950.0,798.0,1276.0,1061.0,977.8571428571429,1341.5714285714287
2022-11-26,2022,11,48,999.0,1393.0,12.13,9.46,oeste,4.761952904619111,0.2697609273480654,4.259590647955283,88.05992012967938,17.424160792982647,6.59085676134079,23.39,26.46,27.25,42.6,52.5,59.27,0.0,0.0,0.0,330,36.94773137364985,13.79224714533572,330,47,942.0,764.0,1284.0,1044.0,986.0,1357.142857142857
2022-11-27,2022,11,48,971.0,1413.0,12.22,8.82,oeste,4.761952904619111,0.2697609273480654,4.259590647955283,88.05992012967938,17.424160792982647,6.529568030151962,23.26,26.71,29.01,40.88,49.02,59.65,0.0,0.0,0.0,331,36.926797747861336,16.82399656594772,331,47,931.0,821.0,1313.0,1122.0,991.7142857142857,1371.4285714285713
2022-11-28,2022,11,49,841.0,1216.0,16.48,9.43,oeste,4.761952904619111,0.2697609273480654,4.259590647955283,88.05992012967938,17.424160792982647,6.136728027061128,27.64,27.58,28.87,44.5,57.44,60.29,0.0,4.95,34.63,332,36.90655065868384,7.776955500709853,332,48,1040.0,938.0,1320.0,1352.0,963.2857142857143,1356.5714285714287
2022-11-29,2022,11,49,895.0,1244.0,15.93,9.14,oeste,4.761952904619111,0.2697609273480654,4.259590647955283,88.05992012967938,17.424160792982647,6.028784408198901,27.66,27.19,30.1,43.81,58.92,65.02,0.0,4.94,32.58,333,36.88703153631436,10.947683191862998,333,48,981.0,927.0,1337.0,1298.0,951.0,1343.2857142857142
2022-11-30,2022,11,49,860.0,1197.0,15.75,9.6,oeste,4.761952904619111,0.2697609273480654,4.259590647955283,88.05992012967938,17.424160792982647,6.416697270563339,27.78,27.72,30.06,48.06,60.05,63.38,0.0,4.98,33.74,334,36.86828038800015,10.577277688016544,334,48,958.0,930.0,1327.0,1294.0,937.0,1324.7142857142858
2022-12-01,2022,12,49,898.0,1254.0,16.6,9.17,oeste,4.761952904619111,0.2697609273480654,4.259590647955283,88.05992012967938,17.424160792982647,6.410725383826891,27.37,27.07,28.23,44.62,56.56,64.55,0.0,4.86,34.46,335,36.85033574597404,6.492983147642732,335,48,987.0,901.0,1443.0,1365.0,924.2857142857143,1297.7142857142858
2022-12-02,2022,12,49,861.0,1141.0,16.28,9.16,oeste,4.761952904619111,0.2697609273480654,4.259590647955283,88.05992012967938,17.424160792982647,6.56780362106179,26.83,27.54,30.11,47.33,60.6,64.83,0.0,4.93,34.79,336,36.833234617375474,12.674486763061,336,48,1006.0,950.0,1367.0,1276.0,903.5714285714286,1265.4285714285713
2022-12-03,2022,12,49,894.0,1244.0,16.59,8.99,oeste,4.761952904619111,0.2697609273480654,4.259590647955283,88.05992012967938,17.424160792982647,6.361918269333668,28.34,27.75,29.25,45.86,60.71,59.2,0.0,5.09,33.47,337,36.817012436203264,6.673026373970406,337,48,999.0,942.0,1393.0,1284.0,888.5714285714286,1244.142857142857
2022-12-04,2022,12,49,880.0,1256.0,16.02,9.12,oeste,4.761952904619111,0.2697609273480654,4.259590647955283,88.05992012967938,17.424160792982647,6.364279032679265,26.23,28.31,28.22,46.56,57.42,62.77,0.0,5.03,34.75,338,36.8017030173441,9.863886253287182,338,48,971.0,931.0,1413.0,1313.0,875.5714285714286,1221.7142857142858
2022-12-05,2022,12,50,1125.0,1592.0,16.39,8.95,oeste,4.761952904619111,0.2697609273480654,4.259590647955283,88.05992012967938,17.424160792982647,6.241380202862687,27.84,27.74,28.38,45.18,60.14,63.11,0.0,2.31,16.68,339,36.78733851271808,5.13628187601814,339,49,841.0,1040.0,1216.0,1320.0,916.1428571428571,1275.4285714285713
2022-12-06,2022,12,50,1071.0,1488.0,15.7,9.75,oeste,4.761952904619111,0.2697609273480654,4.259590647955283,88.05992012967938,17.424160792982647,6.487703851674717,27.55,29.58,30.19,46.74,56.07,63.6,0.0,2.26,15.64,340,36.77394936958032,11.35261312480714,340,49,895.0,981.0,1244.0,1337.0,941.2857142857143,1310.2857142857142
2022-12-07,2022,12,50,1067.0,1511.0,15.84,9.68,oeste,4.761952904619111,0.2697609273480654,4.259590647955283,88.05992012967938,17.424160792982647,6.078151869300614,27.59,29.16,30.34,46.82,58.88,63.76,0.0,2.34,16.13,341,36.761564291015,11.582809968683296,341,49,860.0,958.0,1197.0,1327.0,970.8571428571429,1355.142857142857
2022-12-08,2022,12,50,1076.0,1485.0,16.5,8.95,oeste,4.761952904619111,0.2697609273480654,4.259590647955283,88.05992012967938,17.424160792982647,6.085533816490701,26.74,27.3,30.13,46.66,57.3,63.85,0.0,2.2,15.24,342,36.7502101986565,12.856219463732677,342,49,898.0,987.0,1254.0,1443.0,996.2857142857143,1388.142857142857
2022-12-09,2022,12,50,1089.0,1486.0,16.17,9.0,oeste,4.761952904619111,0.2697609273480654,4.259590647955283,88.05992012967938,17.424160792982647,6.419767197111568,26.66,29.07,29.49,44.06,55.16,60.58,0.0,2.26,16.58,343,36.73991219766951,11.743158773217834,343,49,861.0,1006.0,1141.0,1367.0,1028.857142857143,1437.4285714285713
2022-12-10,2022,12,50,1093.0,1467.0,15.21,9.55,oeste,4.761952904619111,0.2697609273480654,4.259590647955283,88.05992012967938,17.424160792982647,6.607780907952767,27.85,28.87,27.69,45.79,56.02,62.8,0.0,2.26,15.22,344,36.730693544018,0.0,344,49,894.0,999.0,1244.0,1393.0,1057.2857142857142,1469.2857142857142
2022-12-11,2022,12,50,1112.0,1591.0,15.27,8.88,oeste,4.761952904619111,0.2697609273480654,4.259590647955283,88.05992012967938,17.424160792982647,6.273074501849049,26.64,29.46,28.06,46.09,55.87,59.1,0.0,2.31,16.51,345,36.722575614051024,8.314399858490301,345,49,880.0,971.0,1256.0,1413.0,1090.4285714285713,1517.142857142857
2022-12-12,2022,12,51,1328.0,1825.0,15.81,9.57,oeste,4.761952904619111,0.2697609273480654,4.259590647955283,88.05992012967938,17.424160792982647,6.431271901933629,27.94,27.6,27.8,43.71,58.6,61.37,0.0,0.0,0.0,346,36.71557787643095,0.0,346,50,1125.0,841.0,1592.0,1216.0,1119.4285714285713,1550.4285714285713
2022-12-13,2022,12,51,1303.0,1814.0,16.73,9.04,oeste,4.761952904619111,0.2697609273480654,4.259590647955283,88.05992012967938,17.424160792982647,6.406709255480016,27.47,27.74,27.9,47.52,55.68,63.84,0.0,0.0,0.0,347,36.70971786642788,4.573712644917859,347,50,1071.0,895.0,1488.0,1244.0,1152.5714285714287,1597.0
2022-12-14,2022,12,51,1317.0,1795.0,15.72,9.11,oeste,4.761952904619111,0.2697609273480654,4.259590647955283,88.05992012967938,17.424160792982647,6.205738330029365,27.64,27.25,29.94,47.62,57.13,62.0,0.0,0.0,0.0,348,36.70501116260207,10.576522057104269,348,50,1067.0,860.0,1511.0,1197.0,1188.2857142857142,1637.5714285714287
2022-12-15,2022,12,51,1321.0,1838.0,15.69,8.85,oeste,4.761952904619111,0.2697609273480654,4.259590647955283,88.05992012967938,17.424160792982647,6.352956422326959,25.74,28.45,28.26,46.44,55.75,64.91,0.0,0.0,0.0,349,36.70147136589411,11.069738122211788,349,50,1076.0,898.0,1485.0,1254.0,1223.2857142857142,1688.0
2022-12-16,2022,12,51,1315.0,1761.0,15.45,9.23,oeste,4.761952904619111,0.2697609273480654,4.259590647955283,88.05992012967938,17.424160792982647,5.999680093119363,26.27,27.82,28.94,48.22,54.98,59.3,0.0,0.0,0.0,350,36.699110081140894,11.393699596848618,350,50,1089.0,861.0,1486.0,1141.0,1255.5714285714287,1727.2857142857142
2022-12-17,2022,12,51,1337.0,1880.0,15.89,9.25,oeste,4.761952904619111,0.2697609273480654,4.259590647955283,88.05992012967938,17.424160792982647,6.000162128141814,26.59,27.1,29.26,47.58,60.04,60.82,0.0,0.0,0.0,351,36.697936901033465,11.39333536835132,351,50,1093.0,894.0,1467.0,1244.0,1290.4285714285713,1786.2857142857142
2022-12-18,2022,12,51,1259.0,1855.0,15.58,9.37,oeste,4.761952904619111,0.2697609273480654,4.259590647955283,88.05992012967938,17.424160792982647,5.994775926099879,26.81,27.49,30.05,43.84,57.36,62.62,0.0,0.0,0.0,352,36.69795939253109,12.550702112245636,352,50,1112.0,880.0,1591.0,1256.0,1311.4285714285713,1824.0
2022-12-19,2022,12,52,1204.0,1761.0,16.67,9.56,oeste,4.761952904619111,0.2697609273480654,4.259590647955283,88.05992012967938,17.424160792982647,6.563007303949811,27.79,26.98,27.83,47.28,58.58,64.93,0.0,11.81,87.78,353,36.699183085744046,1.394568957258259,353,51,1328.0,1125.0,1825.0,1592.0,1293.7142857142858,1814.857142857143
2022-12-20,2022,12,52,1265.0,1623.0,16.49,9.07,oeste,4.761952904619111,0.2697609273480654,4.259590647955283,88.05992012967938,17.424160792982647,6.245426098219903,26.09,29.09,27.89,45.99,56.44,63.7,0.0,12.89,89.88,354,36.70161146529589,9.35567198570135,354,51,1303.0,1071.0,1814.0,1488.0,1288.2857142857142,1787.5714285714287
2022-12-21,2022,12,52,1197.0,1713.0,15.45,9.31,oeste,4.761952904619111,0.2697609273480654,4.259590647955283,88.05992012967938,17.424160792982647,6.103063742273439,27.75,28.54,30.03,46.55,57.02,60.23,0.0,12.02,84.38,355,36.70524596417429,10.53050413754542,355,51,1317.0,1067.0,1795.0,1511.0,1271.142857142857,1775.857142857143
2022-12-22,2022,12,52,1249.0,1673.0,15.9,9.58,oeste,4.761952904619111,0.2697609273480654,4.259590647955283,88.05992012967938,17.424160792982647,6.371735876899748,26.59,28.71,30.25,47.68,56.61,62.24,0.0,12.58,86.28,356,36.71008596007762,13.343800647106535,356,51,1321.0,1076.0,1838.0,1485.0,1260.857142857143,1752.2857142857142
2022-12-23,2022,12,52,1198.0,1627.0,16.34,9.61,oeste,4.761952904619111,0.2697609273480654,4.259590647955283,88.05992012967938,17.424160792982647,6.613593332773927,26.77,28.73,28.21,44.95,55.96,64.75,0.0,12.58,90.49,357,36.71612877426296,8.371277360531959,357,51,1315.0,1089.0,1761.0,1486.0,1244.142857142857,1733.142857142857
2022-12-24,2022,12,52,1298.0,1734.0,16.05,9.76,oeste,4.761952904619111,0.2697609273480654,4.259590647955283,88.05992012967938,17.424160792982647,6.266415339627362,26.75,29.31,29.62,46.96,56.57,61.05,0.0,11.82,88.52,358,36.72336967289923,11.820533381488298,358,51,1337.0,1093.0,1880.0,1467.0,1238.5714285714287,1712.2857142857142
2022-12-25,2022,12,52,1285.0,1629.0,15.22,9.63,oeste,4.761952904619111,0.2697609273480654,4.259590647955283,88.05992012967938,17.424160792982647,6.057888290656685,26.25,27.64,28.99,44.91,55.38,59.52,0.0,12.73,84.41,359,36.73180187092755,11.55237067561094,359,51,1259.0,1112.0,1855.0,1591.0,1242.2857142857142,1680.0
2022-12-26,2022,12,1,1343.0,1643.0,22.47,9.55,oeste,4.026997816422451,0.1904944512085413,3.849996084576594,80.21665439813331,13.495730857709011,6.325211327596511,27.99,27.6,28.09,67.41,79.81,84.5,0.0,25.96,73.01,360,36.74141653842925,2.2075446537259165,360,52,1204.0,1328.0,1761.0,1825.0,1262.142857142857,1663.142857142857
2022-12-27,2022,12,1,1308.0,1803.0,23.74,9.5,oeste,4.026997816422451,0.1904944512085413,3.849996084576594,80.21665439813331,13.495730857709011,6.263910782991519,27.89,28.46,29.97,66.7,77.66,77.03,0.0,26.22,67.63,361,36.75220280949984,10.070908330408647,361,52,1265.0,1303.0,1623.0,1814.0,1268.2857142857142,1688.857142857143
2022-12-28,2022,12,1,1377.0,1796.0,23.83,9.47,oeste,4.026997816422451,0.1904944512085413,3.849996084576594,80.21665439813331,13.495730857709011,6.359443082227269,26.6,28.24,30.42,70.31,78.57,82.96,0.0,26.6,72.13,362,36.76414779362595,13.652424570077793,362,52,1197.0,1317.0,1713.0,1795.0,1294.0,1700.7142857142858
2022-12-29,2022,12,1,1271.0,1775.0,21.9,9.4,oeste,4.026997816422451,0.1904944512085413,3.849996084576594,80.21665439813331,13.495730857709011,6.658134133320512,26.88,28.21,28.53,70.2,81.49,83.51,0.0,26.95,68.4,363,36.77723658955991,8.975830994276318,363,52,1249.0,1321.0,1673.0,1838.0,1297.142857142857,1715.2857142857142
2022-12-30,2022,12,1,1388.0,1673.0,23.58,9.09,oeste,4.026997816422451,0.1904944512085413,3.849996084576594,80.21665439813331,13.495730857709011,6.241513393414574,27.17,29.26,30.26,70.23,76.37,77.81,0.0,25.28,72.88,364,36.79145230168498,12.28795952354374,364,52,1198.0,1315.0,1627.0,1761.0,1324.2857142857142,1721.857142857143
2022-12-31,2022,12,1,1279.0,1743.0,22.42,9.3,oeste,4.026997816422451,0.1904944512085413,3.849996084576594,80.21665439813331,13.495730857709011,6.555181011285855,25.9,29.18,29.61,67.28,78.91,77.78,0.0,25.93,66.98,365,36.80677605886264,13.470022916863504,365,52,1298.0,1337.0,1734.0,1880.0,1321.5714285714287,1723.142857142857
2023-01-01,2023,1,1,1281.0,1807.0,22.37,9.46,oeste,4.026997816422451,0.1904944512085413,3.849996084576594,80.21665439813331,13.495730857709011,6.3253294998616525,26.77,27.95,29.54,70.27,76.65,77.56,0.0,25.84,71.04,1,36.82318703575061,11.644339504912969,1,52,1285.0,1259.0,1629.0,1855.0,1321.0,1748.5714285714287
2023-01-02,2023,1,2,1178.0,1539.0,22.52,9.13,oeste,4.026997816422451,0.1904944512085413,3.849996084576594,80.21665439813331,13.495730857709011,6.398156514227448,26.88,29.56,29.16,70.97,76.64,80.37,0.0,36.58,83.64,2,36.8406624765791,10.56935428298683,2,1,1343.0,1204.0,1643.0,1761.0,1297.4285714285713,1733.7142857142858
2023-01-03,2023,1,2,1213.0,1498.0,23.88,9.57,oeste,4.026997816422451,0.1904944512085413,3.849996084576594,80.21665439813331,13.495730857709011,6.434331519858912,28.12,29.59,29.91,70.63,79.48,78.86,0.0,38.36,78.43,3,36.85917772137,9.369701576728865,3,1,1308.0,1265.0,1803.0,1623.0,1283.857142857143,1690.142857142857
2023-01-04,2023,1,2,1160.0,1641.0,22.56,9.12,oeste,4.026997816422451,0.1904944512085413,3.849996084576594,80.21665439813331,13.495730857709011,6.38196377310632,25.93,28.41,28.61,69.79,80.22,80.48,0.0,39.07,79.51,4,36.87870623458231,11.47087837141171,4,1,1377.0,1197.0,1796.0,1713.0,1252.857142857143,1668.0
2023-01-05,2023,1,2,1198.0,1580.0,23.55,9.84,oeste,4.026997816422451,0.1904944512085413,3.849996084576594,80.21665439813331,13.495730857709011,6.39445323866836,27.18,29.26,28.82,72.77,73.9,79.99,0.0,37.25,77.61,5,36.899219636164034,8.978270928597842,5,1,1271.0,1249.0,1775.0,1673.0,1242.4285714285713,1640.142857142857
2023-01-06,2023,1,2,1194.0,1560.0,23.64,9.61,oeste,4.026997816422451,0.1904944512085413,3.849996084576594,80.21665439813331,13.495730857709011,6.225334704594939,26.64,29.88,29.87,67.29,80.27,80.83,0.0,37.93,84.03,6,36.9206877349893,12.607374228160898,6,1,1388.0,1198.0,1673.0,1627.0,1214.7142857142858,1624.0
2023-01-07,2023,1,2,1217.0,1565.0,23.17,9.2,oeste,4.026997816422451,0.1904944512085413,3.849996084576594,80.21665439813331,13.495730857709011,6.335305034519728,26.99,29.57,28.59,69.47,74.78,84.33,0.0,37.76,84.83,7,36.94307856465669,8.8786446752573,7,1,1279.0,1298.0,1743.0,1734.0,1205.857142857143,1598.5714285714287
2023-01-08,2023,1,2,1175.0,1537.0,22.43,9.2,oeste,4.026997816422451,0.1904944512085413,3.849996084576594,80.21665439813331,13.495730857709011,6.447751344332518,27.28,29.31,27.91,68.4,80.74,79.28,0.0,36.94,83.26,8,36.96635842162235,5.574816101779578,8,1,1281.0,1285.0,1807.0,1629.0,1190.7142857142858,1560.0
2023-01-09,2023,1,3,1335.0,1702.0,23.95,9.06,oeste,4.026997816422451,0.1904944512085413,3.849996084576594,80.21665439813331,13.495730857709011,6.487782606116174,26.04,28.24,29.22,67.18,73.58,79.49,0.0,62.32,123.92,9,36.99049190563928,12.533064294982566,9,2,1178.0,1343.0,1539.0,1643.0,1213.142857142857,1583.2857142857142
2023-01-10,2023,1,3,1293.0,1682.0,22.32,9.02,oeste,4.026997816422451,0.1904944512085413,3.849996084576594,80.21665439813331,13.495730857709011,6.381888773855791,28.15,28.3,29.52,68.79,77.41,78.47,0.0,61.31,119.92,10,37.015441962471165,8.231838164434294,10,2,1213.0,1308.0,1498.0,1803.0,1224.5714285714287,1609.5714285714287
2023-01-11,2023,1,3,1276.0,1819.0,22.81,9.63,oeste,4.026997816422451,0.1904944512085413,3.849996084576594,80.21665439813331,13.495730857709011,6.618443912846127,25.67,28.66,29.26,70.28,73.58,84.46,0.0,64.91,122.6,11,37.041169928847104,13.33476972821637,11,2,1160.0,1377.0,1641.0,1796.0,1241.142857142857,1635.0
2023-01-12,2023,1,3,1289.0,1715.0,24.07,9.32,oeste,4.026997816422451,0.1904944512085413,3.849996084576594,80.21665439813331,13.495730857709011,6.563770578082452,26.45,28.39,29.89,68.83,78.44,84.53,0.0,61.94,115.51,12,37.06763557962014,13.06254221402748,12,2,1198.0,1271.0,1580.0,1775.0,1254.142857142857,1654.2857142857142
2023-01-13,2023,1,3,1273.0,1746.0,22.95,9.6,oeste,4.026997816422451,0.1904944512085413,3.849996084576594,80.21665439813331,13.495730857709011,6.3344209495705375,26.07,28.57,27.83,66.88,76.19,80.3,0.0,60.13,120.76,13,37.094797177090456,9.350243817216516,13,2,1194.0,1388.0,1560.0,1673.0,1265.4285714285713,1680.857142857143
2023-01-14,2023,1,3,1347.0,1670.0,23.71,9.49,oeste,4.026997816422451,0.1904944512085413,3.849996084576594,80.21665439813331,13.495730857709011,6.153925974383242,26.73,27.45,28.67,67.2,77.13,81.38,0.0,63.67,113.45,14,37.12261152245078,9.824104795807513,14,2,1217.0,1279.0,1565.0,1743.0,1284.0,1695.857142857143
2023-01-15,2023,1,3,1293.0,1794.0,23.7,9.34,oeste,4.026997816422451,0.1904944512085413,3.849996084576594,80.21665439813331,13.495730857709011,6.168200315125989,26.16,28.99,29.71,67.21,77.39,77.88,0.0,63.34,120.42,15,37.15103400930886,13.29960318486305,15,2,1175.0,1281.0,1537.0,1807.0,1300.857142857143,1732.5714285714287
2023-01-16,2023,1,4,1116.0,1392.0,23.88,9.1,oeste,4.026997816422451,0.1904944512085413,3.849996084576594,80.21665439813331,13.495730857709011,6.36183763844257,28.23,29.8,28.73,71.56,74.04,80.85,0.0,66.34,387.91,16,37.18001867923871,4.995146233219118,16,3,1335.0,1178.0,1702.0,1539.0,1269.5714285714287,1688.2857142857142
2023-01-17,2023,1,4,1046.0,1426.0,22.68,9.16,oeste,4.026997816422451,0.1904944512085413,3.849996084576594,80.21665439813331,13.495730857709011,6.50636141122955,27.06,29.78,29.8,68.87,74.65,83.46,0.0,66.97,388.48,17,37.20951827930973,11.702615334090948,17,3,1293.0,1213.0,1682.0,1498.0,1234.2857142857142,1651.7142857142858
2023-01-18,2023,1,4,1026.0,1398.0,24.04,8.97,oeste,4.026997816422451,0.1904944512085413,3.849996084576594,80.21665439813331,13.495730857709011,6.278254357828894,27.49,27.38,29.38,67.09,79.43,80.79,0.0,65.1,384.25,18,37.23948432153915,9.727207077440742,18,3,1276.0,1160.0,1819.0,1641.0,1198.5714285714287,1591.5714285714287
2023-01-19,2023,1,4,1105.0,1447.0,22.98,9.69,oeste,4.026997816422451,0.1904944512085413,3.849996084576594,80.21665439813331,13.495730857709011,6.335419805483362,27.42,27.35,28.17,67.34,76.86,83.34,0.0,62.31,400.57,19,37.26986714421054,6.132563831085889,19,3,1289.0,1198.0,1715.0,1580.0,1172.2857142857142,1553.2857142857142
2023-01-20,2023,1,4,1025.0,1469.0,22.84,9.03,oeste,4.026997816422451,0.1904944512085413,3.849996084576594,80.21665439813331,13.495730857709011,6.341183024953346,26.11,28.74,28.9,71.34,81.11,77.6,0.0,66.26,393.48,20,37.30061597499794,11.837819299220495,20,3,1273.0,1194.0,1746.0,1560.0,1136.857142857143,1513.7142857142858
2023-01-21,2023,1,4,1086.0,1352.0,23.54,8.95,oeste,4.026997816422451,0.1904944512085413,3.849996084576594,80.21665439813331,13.495730857709011,6.697564906125511,25.79,27.54,28.91,66.68,81.15,78.57,0.0,65.87,401.96,21,37.33167899583191,12.52876954192866,21,3,1347.0,1217.0,1670.0,1565.0,1099.5714285714287,1468.2857142857142
2023-01-22,2023,1,4,1074.0,1403.0,24.08,8.94,oeste,4.026997816422451,0.1904944512085413,3.849996084576594,80.21665439813331,13.495730857709011,6.687416438599065,26.57,28.17,30.18,72.52,77.08,83.27,0.0,68.19,374.28,22,37.36300340944033,13.48804423080796,22,3,1293.0,1175.0,1794.0,1537.0,1068.2857142857142,1412.4285714285713
2023-01-23,2023,1,5,1150.0,1578.0,60.22,9.62,oeste,4.026997816422451,0.1904944512085413,3.849996084576594,80.21665439813331,13.495730857709011,6.700918261500994,25.89,28.33,30.12,70.23,87.43,90.29,0.0,64.33,209.95,23,37.39453550749423,14.612749104763342,23,4,1116.0,1335.0,1392.0,1702.0,1073.142857142857,1439.0
2023-01-24,2023,1,5,1162.0,1471.0,60.29,9.77,oeste,4.026997816422451,0.1904944512085413,3.849996084576594,80.21665439813331,13.495730857709011,6.507422749517389,26.43,27.61,29.34,71.32,82.2,87.74,0.0,61.04,218.77,24,37.4262207402849,12.130426484938594,24,4,1046.0,1293.0,1426.0,1682.0,1089.7142857142858,1445.4285714285713
2023-01-25,2023,1,5,1111.0,1449.0,62.29,9.62,oeste,4.026997816422451,0.1904944512085413,3.849996084576594,80.21665439813331,13.495730857709011,6.609938799591498,27.9,27.52,28.17,72.18,81.49,89.76,0.0,59.79,211.34,25,37.45800378785598,3.698112445508441,25,4,1026.0,1276.0,1398.0,1819.0,1101.857142857143,1452.7142857142858
2023-01-26,2023,1,5,1125.0,1581.0,57.05,9.04,oeste,4.026997816422451,0.1904944512085413,3.849996084576594,80.21665439813331,13.495730857709011,6.479058830967841,27.04,28.98,28.66,67.41,89.53,88.14,0.0,64.1,211.28,26,37.48982863251055,9.066184721636876,26,4,1105.0,1289.0,1447.0,1715.0,1104.7142857142858,1471.857142857143
2023-01-27,2023,1,5,1085.0,1505.0,57.4,9.37,oeste,4.026997816422451,0.1904944512085413,3.849996084576594,80.21665439813331,13.495730857709011,6.715300232541233,27.61,26.78,29.74,70.88,87.3,96.32,0.0,60.57,214.16,27,37.52163863261035,10.404595460994136,27,4,1025.0,1273.0,1469.0,1746.0,1113.2857142857142,1477.0
2023-01-28,2023,1,5,1089.0,1511.0,61.72,9.1,oeste,4.026997816422451,0.1904944512085413,3.849996084576594,80.21665439813331,13.495730857709011,6.428869583488812,26.3,28.06,28.11,68.64,85.78,90.86,0.0,63.94,216.21,28,37.55337659758075,9.59935119839852,28,4,1086.0,1347.0,1352.0,1670.0,1113.7142857142858,1499.7142857142858
2023-01-29,2023,1,5,1059.0,1539.0,57.67,9.05,oeste,4.026997816422451,0.1904944512085413,3.849996084576594,80.21665439813331,13.495730857709011,6.653336330926689,27.16,27.83,28.95,71.77,88.18,94.3,0.0,63.89,217.64,29,37.58498486403285,9.55420369396048,29,4,1074.0,1293.0,1403.0,1794.0,1111.5714285714287,1519.142857142857
2023-01-30,2023,1,6,1119.0,1579.0,57.23,9.09,oeste,4.026997816422451,0.1904944512085413,3.849996084576594,80.21665439813331,13.495730857709011,6.33092683903207,26.08,27.32,29.88,72.47,89.74,92.57,0.0,27.55,49.1,30,37.61640537290953,13.932295952107216,30,5,1150.0,1116.0,1578.0,1392.0,1107.142857142857,1519.2857142857142
2023-01-31,2023,1,6,1186.0,1631.0,60.45,9.02,oeste,4.026997816422451,0.1904944512085413,3.849996084576594,80.21665439813331,13.495730857709011,6.435152914405002,26.66,27.93,30.02,67.28,83.09,93.02,0.0,27.82,51.46,31,37.64757974756102,13.111739178306449,31,5,1162.0,1046.0,1471.0,1426.0,1110.5714285714287,1542.142857142857
2023-02-01,2023,2,6,1118.0,1582.0,62.65,9.15,oeste,4.026997816422451,0.1904944512085413,3.849996084576594,80.21665439813331,13.495730857709011,6.193536189394478,25.7,28.08,28.79,68.64,86.37,87.62,0.0,27.81,51.84,32,37.67844937265135,12.584207250221208,32,5,1111.0,1026.0,1449.0,1398.0,1111.5714285714287,1561.142857142857
2023-02-02,2023,2,6,1192.0,1580.0,61.96,9.31,oeste,4.026997816422451,0.1904944512085413,3.849996084576594,80.21665439813331,13.495730857709011,6.102142793595751,26.31,28.67,28.57,68.2,84.13,91.41,0.0,26.17,51.3,33,37.70895547379505,10.770908171372144,33,5,1125.0,1105.0,1581.0,1447.0,1121.142857142857,1561.0
2023-02-03,2023,2,6,1134.0,1524.0,57.76,9.65,oeste,4.026997816422451,0.1904944512085413,3.849996084576594,80.21665439813331,13.495730857709011,6.389223783660388,25.65,28.18,27.88,71.37,81.81,91.91,0.0,25.83,51.98,34,37.73903919782025,10.70771668522263,34,5,1085.0,1025.0,1505.0,1469.0,1128.142857142857,1563.7142857142858
2023-02-04,2023,2,6,1221.0,1498.0,57.12,9.82,oeste,4.026997816422451,0.1904944512085413,3.849996084576594,80.21665439813331,13.495730857709011,6.531770763237133,26.93,26.98,28.79,70.44,88.52,92.74,0.0,26.25,52.4,35,37.76864169355223,9.786816359435395,35,5,1089.0,1086.0,1511.0,1352.0,1147.0,1561.857142857143
2023-02-05,2023,2,6,1114.0,1646.0,59.08,9.43,oeste,4.026997816422451,0.1904944512085413,3.849996084576594,80.21665439813331,13.495730857709011,6.510687218281619,27.83,28.8,30.41,68.62,86.97,92.45,0.0,28.28,49.36,36,37.79770419300876,11.535299523610826,36,5,1059.0,1074.0,1539.0,1403.0,1154.857142857143,1577.142857142857
2023-02-06,2023,2,7,1062.0,1442.0,58.2,8.99,oeste,4.026997816422451,0.1904944512085413,3.849996084576594,80.21665439813331,13.495730857709011,6.432732667561026,27.37,27.69,28.46,67.79,81.65,90.53,0.0,40.06,92.63,37,37.8261680928962,7.503418990000765,37,6,1119.0,1150.0,1579.0,1578.0,1146.7142857142858,1557.5714285714287
2023-02-07,2023,2,7,1026.0,1467.0,61.94,9.14,oeste,4.026997816422451,0.1904944512085413,3.849996084576594,80.21665439813331,13.495730857709011,6.639827238407334,26.68,26.84,28.15,70.98,88.42,90.38,0.0,39.42,90.69,38,37.85397503629379,8.720146068163533,38,6,1186.0,1162.0,1631.0,1471.0,1123.857142857143,1534.142857142857
2023-02-08,2023,2,7,1050.0,1484.0,61.18,9.43,oeste,4.026997816422451,0.1904944512085413,3.849996084576594,80.21665439813331,13.495730857709011,6.631401740253432,27.82,28.89,30.24,71.15,88.47,95.39,0.0,39.23,92.95,39,37.881066994410766,11.196531008437836,39,6,1118.0,1111.0,1582.0,1449.0,1114.142857142857,1520.142857142857
2023-02-09,2023,2,7,1043.0,1430.0,61.42,9.36,oeste,4.026997816422451,0.1904944512085413,3.849996084576594,80.21665439813331,13.495730857709011,6.681398003486397,26.42,28.89,29.72,70.05,87.4,96.24,0.0,41.5,86.52,40,37.907386348299966,13.083815533838846,40,6,1192.0,1125.0,1580.0,1581.0,1092.857142857143,1498.7142857142858
2023-02-10,2023,2,7,1063.0,1535.0,57.9,9.52,oeste,4.026997816422451,0.1904944512085413,3.849996084576594,80.21665439813331,13.495730857709011,6.33779195127384,27.39,27.25,29.22,70.2,84.1,94.8,0.0,39.54,91.29,41,37.93287597040934,9.749782260825496,41,6,1134.0,1085.0,1524.0,1505.0,1082.7142857142858,1500.2857142857142
2023-02-11,2023,2,7,1086.0,1520.0,62.71,9.48,oeste,4.026997816422451,0.1904944512085413,3.849996084576594,80.21665439813331,13.495730857709011,6.141897351866711,27.87,27.15,28.68,69.86,81.48,96.41,0.0,41.18,86.43,42,37.957479305852246,6.490728961300729,42,6,1221.0,1089.0,1498.0,1511.0,1063.4285714285713,1503.4285714285713
2023-02-12,2023,2,7,1126.0,1454.0,57.01,8.97,oeste,4.026997816422451,0.1904944512085413,3.849996084576594,80.21665439813331,13.495730857709011,6.5691336990948335,27.41,26.89,29.59,66.9,88.17,87.63,0.0,38.18,89.73,43,37.981140453275295,10.65491154995117,43,6,1114.0,1059.0,1646.0,1539.0,1065.142857142857,1476.0
2023-02-13,2023,2,8,816.0,1179.0,62.26,9.87,oeste,4.026997816422451,0.1904944512085413,3.849996084576594,80.21665439813331,13.495730857709011,6.491410399108453,26.58,28.03,30.3,71.59,81.12,88.83,0.0,104.4,447.42,44,38.00380424520246,13.926825797735216,44,7,1062.0,1119.0,1442.0,1579.0,1030.0,1438.4285714285713
2023-02-14,2023,2,8,841.0,1134.0,60.78,9.53,oeste,4.026997816422451,0.1904944512085413,3.849996084576594,80.21665439813331,13.495730857709011,6.580470179304957,28.05,27.21,28.47,68.17,82.26,88.98,0.0,105.06,425.26,45,38.02541632773303,4.682224400211792,45,7,1026.0,1186.0,1467.0,1631.0,1003.5714285714286,1390.857142857143
2023-02-15,2023,2,8,858.0,1222.0,57.23,9.41,oeste,4.026997816422451,0.1904944512085413,3.849996084576594,80.21665439813331,13.495730857709011,6.457072135934195,27.45,28.4,29.57,73.06,84.17,92.87,0.0,100.53,444.63,46,38.045923239470525,10.525183076854123,46,7,1050.0,1118.0,1484.0,1582.0,976.1428571428571,1353.4285714285713
2023-02-16,2023,2,8,805.0,1164.0,58.49,9.63,oeste,4.026997816422451,0.1904944512085413,3.849996084576594,80.21665439813331,13.495730857709011,6.591695626649619,27.34,28.86,29.47,69.53,88.17,95.03,0.0,101.08,434.45,47,38.065272489559945,10.555342884789871,47,7,1043.0,1192.0,1430.0,1580.0,942.1428571428571,1315.4285714285713
2023-02-17,2023,2,8,835.0,1135.0,60.06,9.15,oeste,4.026997816422451,0.1904944512085413,3.849996084576594,80.21665439813331,13.495730857709011,6.683436884935422,28.12,26.76,28.48,67.26,87.74,96.16,0.0,102.91,431.06,48,38.08341263471033,4.341509040356974,48,7,1063.0,1134.0,1535.0,1524.0,909.5714285714286,1258.2857142857142
2023-02-18,2023,2,8,857.0,1197.0,60.67,9.26,oeste,4.026997816422451,0.1904944512085413,3.849996084576594,80.21665439813331,13.495730857709011,6.532667102845648,25.86,26.9,28.09,72.65,83.74,89.59,0.0,99.6,422.21,49,38.10029335508021,10.81021551003431,49,7,1086.0,1221.0,1520.0,1498.0,876.8571428571429,1212.142857142857
2023-02-19,2023,2,8,860.0,1141.0,60.69,9.05,oeste,4.026997816422451,0.1904944512085413,3.849996084576594,80.21665439813331,13.495730857709011,6.205002595662972,26.38,29.5,28.4,70.32,85.02,90.86,0.0,99.24,437.04,50,38.11586552890423,10.29283644426,50,7,1126.0,1114.0,1454.0,1646.0,838.8571428571429,1167.4285714285713
2023-02-20,2023,2,9,894.0,1210.0,61.47,7.87,oeste,4.026997816422451,0.1904944512085413,3.849996084576594,80.21665439813331,13.495730857709011,6.635625976522601,23.75,25.29,27.63,90.96,88.96,93.98,0.0,82.03,115.96,51,38.13008130573993,14.270434452543943,51,8,816.0,1062.0,1179.0,1442.0,850.0,1171.857142857143
2023-02-21,2023,2,9,871.0,1189.0,56.16,7.73,oeste,4.026997816422451,0.1904944512085413,3.849996084576594,80.21665439813331,13.495730857709011,6.558299242885983,24.04,27.24,27.7,88.3,92.43,94.66,0.0,75.37,117.14,52,38.14289417821506,13.864614116439023,52,8,841.0,1026.0,1134.0,1467.0,854.2857142857143,1179.7142857142858
2023-02-22,2023,2,9,903.0,1155.0,59.2,8.04,oeste,4.026997816422451,0.1904944512085413,3.849996084576594,80.21665439813331,13.495730857709011,6.582268425485282,22.87,26.01,26.98,93.36,96.42,92.16,0.0,81.67,122.2,53,38.15425905215714,14.696622398419503,53,8,858.0,1050.0,1222.0,1484.0,860.7142857142857,1170.142857142857
2023-02-23,2023,2,9,878.0,1141.0,58.48,7.4,oeste,4.026997816422451,0.1904944512085413,3.849996084576594,80.21665439813331,13.495730857709011,6.669887768583743,22.7,24.99,27.39,88.26,91.32,92.8,0.0,76.75,122.42,54,38.1641323149889,15.703462262275975,54,8,805.0,1043.0,1164.0,1430.0,871.1428571428571,1166.857142857143
2023-02-24,2023,2,9,829.0,1169.0,56.76,7.56,oeste,4.026997816422451,0.1904944512085413,3.849996084576594,80.21665439813331,13.495730857709011,6.562283636708937,22.73,26.46,27.67,90.42,91.4,95.55,0.0,82.2,116.99,55,38.17247190227519,16.120086189076517,55,8,835.0,1063.0,1135.0,1535.0,870.2857142857143,1171.7142857142858
2023-02-25,2023,2,9,845.0,1139.0,58.45,7.64,oeste,4.026997816422451,0.1904944512085413,3.849996084576594,80.21665439813331,13.495730857709011,6.673295024662501,23.41,26.48,28.36,91.89,87.6,90.92,0.0,77.39,122.38,56,38.17923736230927,16.139253734794977,56,8,857.0,1086.0,1197.0,1520.0,868.5714285714286,1163.4285714285713
2023-02-26,2023,2,9,824.0,1209.0,59.73,7.87,oeste,4.026997816422451,0.1904944512085413,3.849996084576594,80.21665439813331,13.495730857709011,6.400292715618216,23.55,25.84,28.7,88.15,91.21,97.52,0.0,82.43,119.29,57,38.18438991862909,16.464292446817325,57,8,860.0,1126.0,1141.0,1454.0,863.4285714285714,1173.142857142857
2023-02-27,2023,2,10,943.0,1291.0,58.71,8.07,oeste,4.026997816422451,0.1904944512085413,3.849996084576594,80.21665439813331,13.495730857709011,6.093128985731358,21.9,25.1,28.45,89.55,90.39,95.64,0.0,94.14,246.44,58,38.1878925303572,18.56948856219862,58,9,894.0,816.0,1210.0,1179.0,870.4285714285714,1184.7142857142858
2023-02-28,2023,2,10,936.0,1254.0,57.53,7.49,oeste,4.026997816422451,0.1904944512085413,3.849996084576594,80.21665439813331,13.495730857709011,6.278026108991316,23.37,25.73,29.0,92.22,93.69,94.73,0.0,94.17,249.6,59,38.18970995026074,17.216868337887778,59,9,871.0,841.0,1189.0,1134.0,879.7142857142857,1194.0
2023-03-01,2023,3,10,945.0,1272.0,61.33,7.91,oeste,4.026997816422451,0.1904944512085413,3.849996084576594,80.21665439813331,13.495730857709011,6.290950996490988,23.73,26.3,27.06,91.08,94.85,92.73,0.0,98.58,262.37,60,38.18980878043198,13.241073659665338,60,9,903.0,858.0,1155.0,1222.0,885.7142857142857,1210.7142857142858
2023-03-02,2023,3,10,952.0,1271.0,60.45,7.56,oeste,4.026997816422451,0.1904944512085413,3.849996084576594,80.21665439813331,13.495730857709011,6.102442272811864,23.24,26.65,29.3,87.87,96.12,97.88,0.0,91.53,253.08,61,38.188157525493125,17.861528397346806,61,9,878.0,805.0,1141.0,1164.0,896.2857142857143,1229.2857142857142
2023-03-03,2023,3,10,997.0,1276.0,56.37,7.36,oeste,4.026997816422451,0.1904944512085413,3.849996084576594,80.21665439813331,13.495730857709011,6.505942604522983,22.47,26.95,27.11,86.89,92.59,99.39,0.0,95.5,253.91,62,38.18472664323334,15.62795950277855,62,9,829.0,835.0,1169.0,1135.0,920.2857142857143,1244.5714285714287
2023-03-04,2023,3,10,942.0,1380.0,59.28,8.02,oeste,4.026997816422451,0.1904944512085413,3.849996084576594,80.21665439813331,13.495730857709011,6.080333998239181,23.14,25.26,27.4,91.37,96.52,99.22,0.0,98.18,257.75,63,38.1794885925903,14.972299545453923,63,9,845.0,857.0,1139.0,1197.0,934.1428571428571,1279.0
2023-03-05,2023,3,10,996.0,1251.0,56.57,7.96,oeste,4.026997816422451,0.1904944512085413,3.849996084576594,80.21665439813331,13.495730857709011,6.103957862431566,23.45,27.17,28.94,87.34,87.94,97.83,0.0,97.15,245.42,64,38.17241787889271,16.99375851893013,64,9,824.0,860.0,1209.0,1141.0,958.7142857142857,1285.0
2023-03-06,2023,3,11,991.0,1283.0,56.37,7.87,oeste,4.026997816422451,0.1904944512085413,3.849996084576594,80.21665439813331,13.495730857709011,6.32083862259843,23.5,25.02,26.75,92.37,92.6,94.47,0.0,104.27,250.29,65,38.16349109628534,13.07204027984517,65,10,943.0,894.0,1291.0,1210.0,965.5714285714286,1283.857142857143
2023-03-07,2023,3,11,986.0,1346.0,61.42,7.42,oeste,4.026997816422451,0.1904944512085413,3.849996084576594,80.21665439813331,13.495730857709011,6.259431613874416,23.13,27.55,26.73,89.6,91.01,99.05,0.0,108.93,243.94,66,38.152686967262966,13.754030422604918,66,10,936.0,871.0,1254.0,1189.0,972.7142857142857,1297.0
2023-03-08,2023,3,11,959.0,1299.0,61.43,7.59,oeste,4.026997816422451,0.1904944512085413,3.849996084576594,80.21665439813331,13.495730857709011,6.133083589216707,22.08,26.14,28.86,91.86,90.48,94.28,0.0,109.21,237.66,67,38.13998637924461,18.86900421525821,67,10,945.0,903.0,1272.0,1155.0,974.7142857142857,1300.857142857143
2023-03-09,2023,3,11,1017.0,1325.0,59.75,7.53,oeste,4.026997816422451,0.1904944512085413,3.849996084576594,80.21665439813331,13.495730857709011,6.348947394437732,22.24,26.48,26.75,86.58,92.66,98.64,0.0,101.62,248.66,68,38.125372418124975,15.383528716429671,68,10,952.0,878.0,1271.0,1141.0,984.0,1308.5714285714287
2023-03-10,2023,3,11,995.0,1329.0,61.92,7.99,oeste,4.026997816422451,0.1904944512085413,3.849996084576594,80.21665439813331,13.495730857709011,6.388323043361874,23.24,25.58,26.68,90.27,94.3,94.34,0.0,104.51,240.78,69,38.10883039874548,13.429456668245573,69,10,997.0,829.0,1276.0,1169.0,983.7142857142857,1316.142857142857
2023-03-11,2023,3,11,982.0,1356.0,59.95,8.05,oeste,4.026997816422451,0.1904944512085413,3.849996084576594,80.21665439813331,13.495730857709011,6.6249720609895135,22.84,26.94,29.18,88.11,94.26,91.55,0.0,100.36,258.2,70,38.09034789223307,18.22271861672501,70,10,942.0,845.0,1380.0,1139.0,989.4285714285714,1312.7142857142858
2023-03-12,2023,3,11,981.0,1316.0,57.38,7.75,oeste,4.026997816422451,0.1904944512085413,3.849996084576594,80.21665439813331,13.495730857709011,6.558661239520631,23.07,25.75,29.15,86.04,93.37,94.44,0.0,110.63,253.57,71,38.06991475016074,17.835582383907177,71,10,996.0,824.0,1251.0,1209.0,987.2857142857143,1322.0
2023-03-13,2023,3,12,829.0,1166.0,58.71,7.49,oeste,4.026997816422451,0.1904944512085413,3.849996084576594,80.21665439813331,13.495730857709011,6.2862574807233855,22.71,26.96,26.91,88.25,90.7,93.18,0.0,53.16,86.75,72,38.04752312548959,14.81510165687684,72,11,991.0,943.0,1283.0,1291.0,964.1428571428571,1305.2857142857142
2023-03-14,2023,3,12,821.0,1081.0,59.56,7.71,oeste,4.026997816422451,0.1904944512085413,3.849996084576594,80.21665439813331,13.495730857709011,6.386802909128247,22.12,26.91,27.95,87.17,96.25,97.53,0.0,57.26,88.73,73,38.02316749025859,17.443602074242822,73,11,986.0,936.0,1346.0,1254.0,940.5714285714286,1267.4285714285713
2023-03-15,2023,3,12,837.0,1140.0,61.43,7.65,oeste,4.026997816422451,0.1904944512085413,3.849996084576594,80.21665439813331,13.495730857709011,6.6629157302536814,21.99,27.25,27.6,87.73,95.31,90.57,0.0,55.1,94.31,74,37.99684464999441,17.099466662554768,74,11,959.0,945.0,1299.0,1272.0,923.1428571428571,1244.7142857142858
2023-03-16,2023,3,12,855.0,1123.0,56.61,7.76,oeste,4.026997816422451,0.1904944512085413,3.849996084576594,80.21665439813331,13.495730857709011,6.528150388288694,23.93,27.53,26.72,90.64,88.35,96.08,0.0,53.38,87.26,75,37.96855375481967,12.049797748744012,75,11,1017.0,952.0,1325.0,1271.0,900.0,1215.857142857143
2023-03-17,2023,3,12,826.0,1131.0,59.33,7.94,oeste,4.026997816422451,0.1904944512085413,3.849996084576594,80.21665439813331,13.495730857709011,6.445123025298972,22.49,25.84,27.86,90.67,90.25,98.56,0.0,55.06,87.52,76,37.938296307244514,16.703926407595354,76,11,995.0,997.0,1329.0,1276.0,875.8571428571429,1187.5714285714287
2023-03-18,2023,3,12,863.0,1124.0,56.61,7.86,oeste,4.026997816422451,0.1904944512085413,3.849996084576594,80.21665439813331,13.495730857709011,6.213341480610737,22.23,27.28,29.16,91.34,91.16,95.32,0.0,57.5,94.49,77,37.90607616663306,18.95959470039477,77,11,982.0,942.0,1356.0,1380.0,858.8571428571429,1154.4285714285713
2023-03-19,2023,3,12,860.0,1169.0,56.86,7.92,oeste,4.026997816422451,0.1904944512085413,3.849996084576594,80.21665439813331,13.495730857709011,6.6404895269312805,23.96,25.24,27.33,85.01,94.01,93.71,0.0,53.13,94.03,78,37.87189955034202,13.20947751848012,78,11,981.0,996.0,1316.0,1251.0,841.5714285714286,1133.4285714285713
2023-03-20,2023,3,13,691.0,957.0,58.5,7.34,oeste,4.026997816422451,0.1904944512085413,3.849996084576594,80.21665439813331,13.495730857709011,6.7031903294470006,22.89,25.02,28.76,90.94,91.45,90.34,0.0,80.69,185.73,79,37.83577503153597,17.41707757197304,79,12,829.0,991.0,1166.0,1283.0,821.8571428571429,1103.5714285714287
2023-03-21,2023,3,13,691.0,952.0,57.43,7.74,oeste,4.026997816422451,0.1904944512085413,3.849996084576594,80.21665439813331,13.495730857709011,6.273593548500914,23.98,24.99,26.83,91.73,90.24,97.36,0.0,79.67,174.28,80,37.79771353368969,12.12387807430231,80,12,821.0,986.0,1081.0,1346.0,803.2857142857143,1085.142857142857
2023-03-22,2023,3,13,736.0,954.0,61.41,7.87,oeste,4.026997816422451,0.1904944512085413,3.849996084576594,80.21665439813331,13.495730857709011,6.691515039934046,21.98,27.06,27.5,86.25,94.09,97.28,0.0,81.02,175.55,81,37.75772832179421,16.855009323092165,81,12,837.0,959.0,1140.0,1299.0,788.8571428571429,1058.5714285714287
2023-03-23,2023,3,13,712.0,985.0,58.18,7.47,oeste,4.026997816422451,0.1904944512085413,3.849996084576594,80.21665439813331,13.495730857709011,6.502504472810746,22.25,27.27,27.46,85.96,96.27,97.97,0.0,78.05,179.7,82,37.71583499029042,16.356718879888945,82,12,855.0,1017.0,1123.0,1325.0,768.4285714285714,1038.857142857143
2023-03-24,2023,3,13,717.0,1021.0,56.78,8.01,oeste,4.026997816422451,0.1904944512085413,3.849996084576594,80.21665439813331,13.495730857709011,6.122600641867697,21.94,26.62,26.63,87.54,89.81,99.68,0.0,80.83,179.26,83,37.67205144775879,15.500984887321971,83,12,826.0,995.0,1131.0,1329.0,752.8571428571429,1023.1428571428571
2023-03-25,2023,3,13,731.0,979.0,61.24,7.48,oeste,4.026997816422451,0.1904944512085413,3.849996084576594,80.21665439813331,13.495730857709011,6.179303624175156,24.11,27.22,27.69,86.99,94.08,97.28,0.0,77.06,170.09,84,37.62639789840188,13.526572297933416,84,12,863.0,982.0,1124.0,1356.0,734.0,1002.4285714285714
2023-03-26,2023,3,13,699.0,1028.0,61.36,7.53,oeste,4.026997816422451,0.1904944512085413,3.849996084576594,80.21665439813331,13.495730857709011,6.671223461448057,22.44,26.1,28.46,87.12,91.91,96.92,0.0,77.63,174.25,85,37.57889682036032,17.518457876640426,85,12,860.0,981.0,1169.0,1316.0,711.0,982.2857142857143
2023-03-27,2023,3,14,545.0,787.0,46.49,7.02,oeste,4.026997816422451,0.1904944512085413,3.849996084576594,80.21665439813331,13.495730857709011,6.386131646991847,22.22,25.59,29.31,83.36,91.12,100.54,0.0,54.03,122.91,86,37.52957294091051,18.986737277411358,86,13,691.0,829.0,957.0,1166.0,690.1428571428571,958.0
2023-03-28,2023,3,14,557.0,765.0,47.73,7.06,oeste,4.026997816422451,0.1904944512085413,3.849996084576594,80.21665439813331,13.495730857709011,6.148689136566753,22.64,25.51,27.29,85.87,97.17,99.23,0.0,55.33,122.51,87,37.47845320859714,15.355421282833634,87,13,691.0,821.0,952.0,1081.0,671.0,931.2857142857143
2023-03-29,2023,3,14,561.0,737.0,48.08,7.01,oeste,4.026997816422451,0.1904944512085413,3.849996084576594,80.21665439813331,13.495730857709011,6.496135114842787,22.99,25.97,28.7,80.16,88.28,97.41,0.0,52.24,119.48,88,37.42556676235942,16.99182556263122,88,13,736.0,837.0,954.0,1140.0,646.0,900.2857142857143
2023-03-30,2023,3,14,520.0,745.0,48.11,6.98,oeste,4.026997816422451,0.1904944512085413,3.849996084576594,80.21665439813331,13.495730857709011,6.205626445313336,22.31,25.31,27.54,83.05,93.36,96.7,0.0,50.92,127.81,89,37.37094489771561,16.2382238566799,89,13,712.0,855.0,985.0,1123.0,618.5714285714286,866.0
2023-03-31,2023,3,14,570.0,750.0,47.67,7.05,oeste,4.026997816422451,0.1904944512085413,3.849996084576594,80.21665439813331,13.495730857709011,6.090569554482082,23.93,24.94,27.41,83.64,89.34,94.26,0.0,52.98,121.33,90,37.31462103007519,13.225809353655086,90,13,717.0,826.0,1021.0,1131.0,597.5714285714286,827.2857142857143
2023-04-01,2023,4,14,525.0,787.0,44.28,6.81,oeste,4.026997816422451,0.1904944512085413,3.849996084576594,80.21665439813331,13.495730857709011,6.321566551348691,21.92,25.94,27.32,84.01,96.85,97.11,0.0,51.73,127.04,91,37.256630655253694,16.449551347250203,91,13,731.0,863.0,979.0,1124.0,568.1428571428571,799.8571428571429
2023-04-02,2023,4,14,565.0,743.0,43.99,6.93,oeste,4.026997816422451,0.1904944512085413,3.849996084576594,80.21665439813331,13.495730857709011,6.603965451915393,22.38,24.61,28.09,79.52,96.05,100.66,0.0,50.62,124.96,92,37.19701130726928,16.888057610393144,92,13,699.0,860.0,1028.0,1169.0,549.0,759.1428571428571
2023-04-03,2023,4,15,828.0,1076.0,45.63,6.59,oeste,4.026997816422451,0.1904944512085413,3.849996084576594,80.21665439813331,13.495730857709011,6.31001236002024,23.89,26.99,28.19,80.72,93.89,94.09,0.0,28.58,84.28,93,37.13580251350512,14.631223427671124,93,14,545.0,691.0,787.0,957.0,589.4285714285714,800.4285714285714
2023-04-04,2023,4,15,815.0,1096.0,45.28,6.63,oeste,4.026997816422451,0.1904944512085413,3.849996084576594,80.21665439813331,13.495730857709011,6.41186318091312,23.97,24.75,28.11,85.08,92.94,95.86,0.0,28.39,87.97,94,37.073045747326205,14.33217289505832,94,14,557.0,691.0,765.0,952.0,626.2857142857143,847.7142857142857
2023-04-05,2023,4,15,828.0,1126.0,46.61,6.49,oeste,4.026997816422451,0.1904944512085413,3.849996084576594,80.21665439813331,13.495730857709011,6.1624225805429145,22.63,25.26,27.81,79.52,93.49,91.56,0.0,26.84,87.44,95,37.00878437824253,16.00380683949257,95,14,561.0,736.0,737.0,954.0,664.4285714285714,903.2857142857143
2023-04-06,2023,4,15,843.0,1092.0,46.8,6.71,oeste,4.026997816422451,0.1904944512085413,3.849996084576594,80.21665439813331,13.495730857709011,6.445867103625737,22.48,25.08,27.76,80.67,91.95,93.29,0.0,26.86,82.76,96,36.94306361971505,16.128852492205475,96,14,520.0,712.0,745.0,985.0,710.5714285714286,952.8571428571429
2023-04-07,2023,4,15,835.0,1160.0,46.18,6.84,oeste,4.026997816422451,0.1904944512085413,3.849996084576594,80.21665439813331,13.495730857709011,6.342155837068447,22.83,26.86,28.77,81.45,93.95,99.82,0.0,28.71,86.89,97,36.87593047470398,17.0761440968413,97,14,570.0,717.0,750.0,1021.0,748.4285714285714,1011.4285714285714
2023-04-08,2023,4,15,847.0,1146.0,48.29,6.66,oeste,4.026997816422451,0.1904944512085413,3.849996084576594,80.21665439813331,13.495730857709011,6.535272692668714,23.84,26.65,28.15,79.39,95.96,92.23,0.0,27.32,87.34,98,36.80743367906239,14.518701429392232,98,14,525.0,731.0,787.0,979.0,794.4285714285714,1062.7142857142858
2023-04-09,2023,4,15,815.0,1140.0,47.78,6.81,oeste,4.026997816422451,0.1904944512085413,3.849996084576594,80.21665439813331,13.495730857709011,6.187152398462051,22.22,24.7,28.8,84.25,93.12,96.51,0.0,28.48,82.6,99,36.73762364288063,17.905135357169645,99,14,565.0,699.0,743.0,1028.0,830.1428571428571,1119.4285714285713
2023-04-10,2023,4,16,717.0,791.0,47.61,6.81,oeste,4.026997816422451,0.1904944512085413,3.849996084576594,80.21665439813331,13.495730857709011,6.408357561069462,23.94,26.05,27.33,80.65,94.66,91.71,0.0,48.46,204.59,100,36.666552389890384,12.826953695087036,100,15,828.0,545.0,1076.0,787.0,814.2857142857143,1078.7142857142858
2023-04-11,2023,4,16,682.0,828.0,46.56,6.64,oeste,4.026997816422451,0.1904944512085413,3.849996084576594,80.21665439813331,13.495730857709011,6.508489963621772,24.13,26.25,27.4,83.72,95.04,91.42,0.0,47.89,192.02,101,36.59427349503859,12.573048963174218,101,15,815.0,557.0,1096.0,765.0,795.2857142857143,1040.4285714285713
2023-04-12,2023,4,16,682.0,830.0,46.9,6.61,oeste,4.026997816422451,0.1904944512085413,3.849996084576594,80.21665439813331,13.495730857709011,6.097805415621686,22.21,26.79,28.02,82.69,90.82,95.2,0.0,51.51,197.68,102,36.52084202034448,16.72562861213759,102,15,828.0,561.0,1126.0,737.0,774.4285714285714,998.1428571428571
2023-04-13,2023,4,16,667.0,810.0,47.63,6.89,oeste,4.026997816422451,0.1904944512085413,3.849996084576594,80.21665439813331,13.495730857709011,6.61216972884141,22.55,25.66,27.99,82.32,91.63,100.24,0.0,52.17,199.42,103,36.44631444915352,16.151269678603867,103,15,843.0,520.0,1092.0,745.0,749.2857142857143,957.8571428571429
2023-04-14,2023,4,16,731.0,806.0,46.02,6.47,oeste,4.026997816422451,0.1904944512085413,3.849996084576594,80.21665439813331,13.495730857709011,6.4873063928189225,23.44,25.55,28.77,85.51,93.18,93.45,0.0,51.16,193.09,104,36.3707486189048,15.953994782773767,104,15,835.0,570.0,1160.0,750.0,734.4285714285714,907.2857142857143
2023-04-15,2023,4,16,672.0,799.0,48.19,6.76,oeste,4.026997816422451,0.1904944512085413,3.849996084576594,80.21665439813331,13.495730857709011,6.475316731241384,22.37,24.92,28.08,83.25,93.35,95.76,0.0,48.07,197.59,105,36.29420365252813,16.47816802118862,105,15,847.0,525.0,1146.0,787.0,709.4285714285714,857.7142857142857
2023-04-16,2023,4,16,704.0,782.0,47.96,6.9,oeste,4.026997816422451,0.1904944512085413,3.849996084576594,80.21665439813331,13.495730857709011,6.481397062809053,22.99,24.75,29.06,80.89,92.96,93.46,0.0,48.67,210.15,106,36.21673988858884,16.95341918853105,106,15,815.0,565.0,1140.0,743.0,693.5714285714286,806.5714285714286
2023-04-17,2023,4,17,786.0,834.0,47.44,7.1,oeste,4.026997816422451,0.1904944512085413,3.849996084576594,80.21665439813331,13.495730857709011,6.292291883508763,23.65,26.41,27.53,85.91,95.73,98.61,0.0,27.73,62.11,107,36.1384188102982,13.525041625686464,107,16,717.0,828.0,791.0,1076.0,703.4285714285714,812.7142857142857
2023-04-18,2023,4,17,771.0,844.0,47.16,7.1,oeste,4.026997816422451,0.1904944512085413,3.849996084576594,80.21665439813331,13.495730857709011,6.203808928787115,23.87,25.58,28.33,83.51,89.68,94.87,0.0,28.63,61.0,108,36.05930297350803,14.468994710088188,108,16,682.0,815.0,828.0,1096.0,716.1428571428571,815.0
2023-04-19,2023,4,17,743.0,836.0,47.92,6.81,oeste,4.026997816422451,0.1904944512085413,3.849996084576594,80.21665439813331,13.495730857709011,6.274330833477969,23.29,26.77,28.61,82.06,87.99,100.07,0.0,27.04,60.43,109,35.97945593380731,15.767542451795633,109,16,682.0,828.0,830.0,1126.0,724.8571428571429,815.8571428571429
2023-04-20,2023,4,17,743.0,829.0,46.32,7.05,oeste,4.026997816422451,0.1904944512085413,3.849996084576594,80.21665439813331,13.495730857709011,6.113936775675619,22.53,25.11,28.89,85.12,88.44,91.61,0.0,25.92,60.16,110,35.89894217283866,17.20140060413044,110,16,667.0,843.0,810.0,1092.0,735.7142857142857,818.5714285714286
2023-04-21,2023,4,17,801.0,808.0,46.39,6.48,oeste,4.026997816422451,0.1904944512085413,3.849996084576594,80.21665439813331,13.495730857709011,6.683189372195989,23.31,25.0,27.68,84.95,93.87,91.27,0.0,27.07,59.68,111,35.81782702395176,14.22635213269202,111,16,731.0,835.0,806.0,1160.0,745.7142857142857,818.8571428571429
2023-04-22,2023,4,17,740.0,859.0,44.28,6.79,oeste,4.026997816422451,0.1904944512085413,3.849996084576594,80.21665439813331,13.495730857709011,6.403383145285186,22.3,25.68,28.43,86.6,96.96,92.09,0.0,26.64,58.78,112,35.73617659730955,16.81093712461053,112,16,672.0,847.0,799.0,1146.0,755.4285714285714,827.4285714285714
2023-04-23,2023,4,17,742.0,856.0,47.74,6.96,oeste,4.026997816422451,0.1904944512085413,3.849996084576594,80.21665439813331,13.495730857709011,6.590289414907848,23.17,26.17,26.7,83.86,88.09,94.72,0.0,26.46,58.82,113,35.65405770456217,12.727699604970573,113,16,704.0,815.0,782.0,1140.0,760.8571428571429,838.0
2023-04-24,2023,4,18,924.0,1115.0,27.34,6.5,norte,4.026997816422451,0.1904944512085413,3.849996084576594,80.21665439813331,13.495730857709011,6.174914606096504,22.9,27.95,28.91,75.95,86.08,95.47,0.0,4.55,32.39,114,35.571537783201656,16.56889239264617,114,17,786.0,717.0,834.0,791.0,780.5714285714286,878.1428571428571
2023-04-25,2023,4,18,885.0,1088.0,28.02,6.18,norte,4.026997816422451,0.1904944512085413,3.849996084576594,80.21665439813331,13.495730857709011,6.607103664097976,23.87,26.57,28.16,79.09,83.09,94.64,0.0,4.76,30.46,115,35.488684820709075,13.966003679391337,115,17,771.0,682.0,844.0,828.0,796.8571428571429,913.0
2023-04-26,2023,4,18,927.0,1115.0,27.94,6.44,norte,4.026997816422451,0.1904944512085413,3.849996084576594,80.21665439813331,13.495730857709011,6.344296167703319,23.37,27.19,29.79,80.41,86.31,93.54,0.0,4.39,32.57,116,35.40556727860358,17.04482992534475,116,17,743.0,682.0,836.0,830.0,823.1428571428571,952.8571428571429
2023-04-27,2023,4,18,969.0,1053.0,26.61,6.18,norte,4.026997816422451,0.1904944512085413,3.849996084576594,80.21665439813331,13.495730857709011,6.258395077891249,24.31,27.88,28.66,75.59,85.76,89.49,0.0,4.44,33.51,117,35.32225401650027,13.997376321281672,117,17,743.0,667.0,829.0,810.0,855.4285714285714,984.8571428571429
2023-04-28,2023,4,18,965.0,1078.0,26.14,6.48,norte,4.026997816422451,0.1904944512085413,3.849996084576594,80.21665439813331,13.495730857709011,6.536833512572091,23.41,26.63,27.66,78.64,89.78,94.1,0.0,4.45,31.09,118,35.23881421628238,13.8028685478487,118,17,801.0,731.0,808.0,806.0,878.8571428571429,1023.4285714285714
2023-04-29,2023,4,18,909.0,1046.0,27.48,6.08,norte,4.026997816422451,0.1904944512085413,3.849996084576594,80.21665439813331,13.495730857709011,6.489638018384579,24.44,28.03,29.09,74.79,88.83,90.61,0.0,4.77,32.56,119,35.15531730648941,14.403601572569896,119,17,740.0,672.0,859.0,799.0,903.0,1050.142857142857
2023-04-30,2023,4,18,910.0,1113.0,28.29,6.61,norte,4.026997816422451,0.1904944512085413,3.849996084576594,80.21665439813331,13.495730857709011,6.409189301641653,24.93,26.3,28.39,77.6,90.23,92.02,0.0,4.65,32.1,120,35.071832887020726,12.395102242880268,120,17,742.0,704.0,856.0,782.0,927.0,1086.857142857143
2023-05-01,2023,5,19,866.0,1013.0,28.21,6.19,norte,4.026997816422451,0.1904944512085413,3.849996084576594,80.21665439813331,13.495730857709011,6.154713193078816,24.38,26.4,29.85,77.79,86.51,93.31,0.0,6.03,43.98,121,34.98843065425123,15.547899599338905,121,18,924.0,786.0,1115.0,834.0,918.7142857142857,1072.2857142857142
2023-05-02,2023,5,19,872.0,1044.0,27.73,6.04,norte,4.026997816422451,0.1904944512085413,3.849996084576594,80.21665439813331,13.495730857709011,6.112206343134242,24.49,26.9,28.31,80.42,86.95,93.08,0.0,6.07,40.71,122,34.90518032665224,12.962094053957754,122,18,885.0,771.0,1088.0,844.0,916.8571428571429,1066.0
2023-05-03,2023,5,19,854.0,1061.0,25.95,6.15,norte,4.026997816422451,0.1904944512085413,3.849996084576594,80.21665439813331,13.495730857709011,6.60836393953807,23.55,26.58,30.12,76.03,91.07,94.93,0.0,6.3,41.91,123,34.82215157100733,16.95867382623398,123,18,927.0,743.0,1115.0,836.0,906.4285714285714,1058.2857142857142
2023-05-04,2023,5,19,900.0,1054.0,26.67,6.51,norte,4.026997816422451,0.1904944512085413,3.849996084576594,80.21665439813331,13.495730857709011,6.258564087718423,25.05,28.4,27.83,74.82,87.27,87.83,0.0,5.94,41.0,124,34.73941392931027,11.005213856999324,124,18,969.0,743.0,1053.0,829.0,896.5714285714286,1058.4285714285713
2023-05-05,2023,5,19,859.0,988.0,26.0,6.08,norte,4.026997816422451,0.1904944512085413,3.849996084576594,80.21665439813331,13.495730857709011,6.472267876780736,23.59,26.05,30.18,78.54,90.84,89.78,0.0,6.16,41.89,125,34.657036746427444,16.903931925102114,125,18,965.0,801.0,1078.0,808.0,881.4285714285714,1045.5714285714287
2023-05-06,2023,5,19,828.0,1071.0,27.14,6.1,norte,4.026997816422451,0.1904944512085413,3.849996084576594,80.21665439813331,13.495730857709011,6.566534190208161,24.21,26.02,29.4,79.79,85.69,93.09,0.0,6.02,41.1,126,34.57508909860481,14.965822423817391,126,18,909.0,740.0,1046.0,859.0,869.8571428571429,1049.142857142857
2023-05-07,2023,5,19,838.0,1009.0,27.23,6.54,norte,4.026997816422451,0.1904944512085413,3.849996084576594,80.21665439813331,13.495730857709011,6.692757342884545,23.31,27.71,28.37,80.19,85.52,92.64,0.0,5.96,41.05,127,34.49363972289474,14.742389536616804,127,18,910.0,742.0,1113.0,856.0,859.5714285714286,1034.2857142857142
2023-05-08,2023,5,20,991.0,1304.0,26.44,6.32,norte,4.026997816422451,0.1904944512085413,3.849996084576594,80.21665439813331,13.495730857709011,6.60444222569775,24.88,27.26,30.28,78.03,88.36,95.89,0.0,17.01,113.31,128,34.41275694757495,15.193923939274718,128,19,866.0,924.0,1013.0,1115.0,877.4285714285714,1075.857142857143
2023-05-09,2023,5,20,1057.0,1277.0,26.51,6.0,norte,4.026997816422451,0.1904944512085413,3.849996084576594,80.21665439813331,13.495730857709011,6.493439733479315,23.99,28.61,29.07,77.58,89.49,94.57,0.0,17.15,114.24,129,34.332508623627625,14.70249346067578,129,19,872.0,885.0,1044.0,1088.0,903.8571428571429,1109.142857142857
2023-05-10,2023,5,20,1087.0,1235.0,27.36,6.27,norte,4.026997816422451,0.1904944512085413,3.849996084576594,80.21665439813331,13.495730857709011,6.204429553616352,23.5,28.29,30.12,80.37,90.77,89.21,0.0,17.19,114.29,130,34.252962057343225,16.744829474836532,130,19,854.0,927.0,1061.0,1115.0,937.1428571428571,1134.0
2023-05-11,2023,5,20,1067.0,1264.0,27.17,6.41,norte,4.026997816422451,0.1904944512085413,3.849996084576594,80.21665439813331,13.495730857709011,6.542416202443514,22.91,26.17,29.92,74.83,83.14,94.2,0.0,17.21,111.0,131,34.17418394410936,17.191380891945126,131,19,900.0,969.0,1054.0,1053.0,961.0,1164.0
2023-05-12,2023,5,20,1048.0,1343.0,26.27,5.99,norte,4.026997816422451,0.1904944512085413,3.849996084576594,80.21665439813331,13.495730857709011,6.158411733141617,23.89,27.8,28.5,77.57,83.36,93.05,0.0,16.09,118.58,132,34.09624030344148,13.909469189605186,132,19,859.0,965.0,988.0,1078.0,988.0,1214.7142857142858
2023-05-13,2023,5,20,991.0,1325.0,25.86,6.22,norte,4.026997816422451,0.1904944512085413,3.849996084576594,80.21665439813331,13.495730857709011,6.374330323869807,24.29,28.43,27.8,74.77,86.07,92.8,0.0,17.22,117.38,133,34.01919641530805,12.109639370681084,133,19,828.0,909.0,1071.0,1046.0,1011.2857142857143,1251.0
2023-05-14,2023,5,20,1038.0,1272.0,25.8,6.17,norte,4.026997816422451,0.1904944512085413,3.849996084576594,80.21665439813331,13.495730857709011,6.299308333495703,23.25,28.07,27.86,79.77,88.61,91.58,0.0,16.59,118.08,134,33.943116757799416,13.847002852514748,134,19,838.0,910.0,1009.0,1113.0,1039.857142857143,1288.5714285714287
2023-05-15,2023,5,21,836.0,990.0,25.94,6.34,norte,4.026997816422451,0.1904944512085413,3.849996084576594,80.21665439813331,13.495730857709011,6.638904374105839,25.04,26.91,28.52,75.84,85.82,95.13,0.0,24.66,164.65,135,33.86806494618528,12.004210622812606,135,20,991.0,866.0,1304.0,1013.0,1017.7142857142857,1243.7142857142858
2023-05-16,2023,5,21,809.0,965.0,27.14,6.06,norte,4.026997816422451,0.1904944512085413,3.849996084576594,80.21665439813331,13.495730857709011,6.260296794085472,23.76,28.05,27.62,75.22,83.53,96.55,0.0,24.38,168.57,136,33.79410367340253,12.615027028454396,136,20,1057.0,872.0,1277.0,1044.0,982.2857142857143,1199.142857142857
2023-05-17,2023,5,21,863.0,972.0,26.2,6.59,norte,4.026997816422451,0.1904944512085413,3.849996084576594,80.21665439813331,13.495730857709011,6.625986562093032,22.91,26.04,30.27,80.45,90.68,87.51,0.0,24.27,171.47,137,33.72129465201088,17.38188003189827,137,20,1087.0,854.0,1235.0,1061.0,950.2857142857143,1161.5714285714287
2023-05-18,2023,5,21,856.0,1002.0,25.86,6.55,norte,4.026997816422451,0.1904944512085413,3.849996084576594,80.21665439813331,13.495730857709011,6.114699017866101,23.48,27.32,29.57,74.34,84.39,94.1,0.0,25.19,171.27,138,33.64969855765084,15.777690237496836,138,20,1067.0,900.0,1264.0,1054.0,920.1428571428571,1124.142857142857
2023-05-19,2023,5,21,827.0,993.0,26.63,6.1,norte,4.026997816422451,0.1904944512085413,3.849996084576594,80.21665439813331,13.495730857709011,6.686993613177056,24.45,27.99,30.04,76.2,86.55,90.08,0.0,24.81,162.14,139,33.57937497403438,15.08454146195707,139,20,1048.0,859.0,1343.0,988.0,888.5714285714286,1074.142857142857
2023-05-20,2023,5,21,796.0,933.0,25.7,6.19,norte,4.026997816422451,0.1904944512085413,3.849996084576594,80.21665439813331,13.495730857709011,6.094448224230471,23.19,27.57,28.83,78.45,90.64,88.98,0.0,24.79,166.81,140,33.510382339495884,15.120722247931106,140,20,991.0,828.0,1325.0,1071.0,860.7142857142857,1018.1428571428571
2023-05-21,2023,5,21,826.0,1003.0,26.22,6.22,norte,4.026997816422451,0.1904944512085413,3.849996084576594,80.21665439813331,13.495730857709011,6.673408780859397,24.39,27.75,29.17,81.26,90.79,89.59,0.0,25.11,172.11,141,33.442777895126866,13.892163750706532,141,20,1038.0,838.0,1272.0,1009.0,830.4285714285714,979.7142857142857
2023-05-22,2023,5,22,551.0,692.0,28.32,6.48,norte,4.026997816422451,0.1904944512085413,3.849996084576594,80.21665439813331,13.495730857709011,6.5287904896963305,27.0,26.43,29.43,74.62,81.4,89.26,0.0,11.61,86.24,142,33.37661763451573,9.885509577250485,142,21,836.0,991.0,990.0,1304.0,789.7142857142857,937.1428571428571
2023-05-23,2023,5,22,587.0,692.0,26.64,6.23,norte,4.026997816422451,0.1904944512085413,3.849996084576594,80.21665439813331,13.495730857709011,6.235080688556608,26.52,26.64,30.29,72.06,89.0,96.08,0.0,12.37,86.37,143,33.31195625510986,12.289222676859003,143,21,809.0,1057.0,965.0,1277.0,758.0,898.1428571428571
2023-05-24,2023,5,22,543.0,657.0,26.54,6.13,norte,4.026997816422451,0.1904944512085413,3.849996084576594,80.21665439813331,13.495730857709011,6.241269184205295,25.48,27.24,28.68,73.31,82.29,95.52,0.0,12.45,83.46,144,33.24884711121499,11.300695711754482,144,21,863.0,1087.0,972.0,1235.0,712.2857142857143,853.1428571428571
2023-05-25,2023,5,22,594.0,689.0,27.88,6.46,norte,4.026997816422451,0.1904944512085413,3.849996084576594,80.21665439813331,13.495730857709011,6.393281924684011,25.71,26.82,29.45,74.99,86.92,89.47,0.0,11.91,87.33,145,33.18734216864364,12.194440389990774,145,21,856.0,1067.0,1002.0,1264.0,674.8571428571429,808.4285714285714
2023-05-26,2023,5,22,559.0,662.0,27.52,6.5,norte,4.026997816422451,0.1904944512085413,3.849996084576594,80.21665439813331,13.495730857709011,6.443899449720921,26.57,28.65,27.85,70.71,82.11,90.15,0.0,12.58,87.41,146,33.12749196102216,7.121100959639851,146,21,827.0,1048.0,993.0,1343.0,636.5714285714286,761.1428571428571
2023-05-27,2023,5,22,563.0,654.0,26.9,6.23,norte,4.026997816422451,0.1904944512085413,3.849996084576594,80.21665439813331,13.495730857709011,6.08848447019686,27.3,27.81,29.01,76.99,84.18,93.36,0.0,11.96,84.22,147,33.06934554776287,8.21631831618833,147,21,796.0,991.0,933.0,1325.0,603.2857142857143,721.2857142857143
2023-05-28,2023,5,22,541.0,702.0,27.36,6.4,norte,4.026997816422451,0.1904944512085413,3.849996084576594,80.21665439813331,13.495730857709011,6.436993538183771,25.03,27.56,29.36,74.14,82.94,94.57,0.0,12.05,85.76,148,33.012950473706034,13.052144989393955,148,21,826.0,1038.0,1003.0,1272.0,562.5714285714286,678.2857142857143
2023-05-29,2023,5,23,815.0,1055.0,11.15,5.54,sur,4.026997816422451,0.1904944512085413,3.849996084576594,80.21665439813331,13.495730857709011,6.709340144090658,24.45,25.85,26.61,75.42,74.43,79.19,0.0,5.59,42.69,149,32.95835273043358,9.20335075255388,149,22,551.0,836.0,692.0,990.0,600.2857142857143,730.1428571428571
2023-05-30,2023,5,23,804.0,1023.0,10.75,5.76,sur,4.026997816422451,0.1904944512085413,3.849996084576594,80.21665439813331,13.495730857709011,6.122683660550385,22.97,25.3,26.15,71.67,78.5,83.41,0.0,5.82,42.06,150,32.90559671925526,11.149026090251075,150,22,587.0,809.0,692.0,965.0,631.2857142857143,777.4285714285714
2023-05-31,2023,5,23,806.0,1013.0,10.93,5.61,sur,4.026997816422451,0.1904944512085413,3.849996084576594,80.21665439813331,13.495730857709011,6.442641232753885,25.05,24.98,26.54,70.68,78.34,77.68,0.0,5.9,41.08,151,32.85472521586502,7.6198175811549875,151,22,543.0,863.0,657.0,972.0,668.8571428571429,828.2857142857143
2023-06-01,2023,6,23,763.0,1065.0,10.93,6.0,sur,4.026997816422451,0.1904944512085413,3.849996084576594,80.21665439813331,13.495730857709011,6.221953969879518,24.48,26.73,26.32,74.04,79.07,82.47,0.0,5.61,40.96,152,32.805779336664905,8.454985590964442,152,22,594.0,856.0,689.0,1002.0,693.0,882.0
2023-06-02,2023,6,23,772.0,1029.0,10.98,5.76,sur,4.026997816422451,0.1904944512085413,3.849996084576594,80.21665439813331,13.495730857709011,6.587626528616731,23.12,24.67,25.82,71.47,74.04,78.36,0.0,5.87,42.67,153,32.75879850675103,10.22735775238103,153,22,559.0,827.0,662.0,993.0,723.4285714285714,934.4285714285714
2023-06-03,2023,6,23,763.0,970.0,10.75,5.99,sur,4.026997816422451,0.1904944512085413,3.849996084576594,80.21665439813331,13.495730857709011,6.613809298215076,24.6,25.38,27.43,73.23,73.32,81.07,0.0,6.07,39.16,154,32.713820429555774,10.456301183190607,154,22,563.0,796.0,654.0,933.0,752.0,979.5714285714286
2023-06-04,2023,6,23,776.0,980.0,10.56,5.88,sur,4.026997816422451,0.1904944512085413,3.849996084576594,80.21665439813331,13.495730857709011,6.417434607492975,23.71,24.88,26.13,69.46,72.32,76.97,0.0,5.82,43.03,155,32.67088105813863,9.65655304520346,155,22,541.0,826.0,702.0,1003.0,785.5714285714286,1019.2857142857143
2023-06-05,2023,6,24,729.0,1051.0,10.69,5.86,sur,4.026997816422451,0.1904944512085413,3.849996084576594,80.21665439813331,13.495730857709011,6.6961714652541735,23.84,24.66,26.59,70.18,72.27,82.04,0.0,0.3,2.07,156,32.630014568117225,10.281043946496167,156,23,815.0,551.0,1055.0,692.0,773.2857142857143,1018.7142857142857
2023-06-06,2023,6,24,770.0,1036.0,10.47,5.57,sur,4.026997816422451,0.1904944512085413,3.849996084576594,80.21665439813331,13.495730857709011,6.696279464120363,24.8,26.55,27.51,73.94,71.72,79.46,0.0,0.27,2.01,157,32.59125333222912,10.193875107822157,157,23,804.0,587.0,1023.0,692.0,768.4285714285714,1020.5714285714286
2023-06-07,2023,6,24,787.0,978.0,11.43,5.72,sur,4.026997816422451,0.1904944512085413,3.849996084576594,80.21665439813331,13.495730857709011,6.388895834243854,23.96,26.89,26.59,68.71,73.53,79.8,0.0,0.28,1.93,158,32.55462789651448,10.030999548608946,158,23,806.0,543.0,1013.0,657.0,765.7142857142857,1015.5714285714286
2023-06-08,2023,6,24,766.0,971.0,10.72,5.8,sur,4.026997816422451,0.1904944512085413,3.849996084576594,80.21665439813331,13.495730857709011,6.428270957064385,24.46,24.52,25.85,71.62,75.96,82.68,0.0,0.3,2.06,159,32.52016695810872,7.284735164336541,159,23,763.0,594.0,1065.0,689.0,766.1428571428571,1002.1428571428571
2023-06-09,2023,6,24,746.0,1026.0,11.36,6.08,sur,4.026997816422451,0.1904944512085413,3.849996084576594,80.21665439813331,13.495730857709011,6.163184187083124,24.43,24.77,27.52,71.66,77.21,80.05,0.0,0.29,2.03,160,32.48789734463429,10.850617265729063,160,23,772.0,559.0,1029.0,662.0,762.4285714285714,1001.7142857142857
2023-06-10,2023,6,24,753.0,1017.0,10.56,5.71,sur,4.026997816422451,0.1904944512085413,3.849996084576594,80.21665439813331,13.495730857709011,6.693653266767079,24.83,24.71,27.81,68.78,78.24,80.67,0.0,0.29,1.96,161,32.45784399518007,10.645875955755455,161,23,763.0,563.0,970.0,654.0,761.0,1008.4285714285714
2023-06-11,2023,6,24,753.0,1002.0,10.49,5.93,sur,4.026997816422451,0.1904944512085413,3.849996084576594,80.21665439813331,13.495730857709011,6.3770421942540265,22.92,26.3,27.61,74.76,75.26,76.06,0.0,0.27,1.92,162,32.43002994285702,13.3440411318384,162,23,776.0,541.0,980.0,702.0,757.7142857142857,1011.5714285714286
2023-06-12,2023,6,25,757.0,1009.0,11.29,6.03,sur,4.026997816422451,0.1904944512085413,3.849996084576594,80.21665439813331,13.495730857709011,6.508070743744884,24.26,24.55,27.98,73.9,75.03,80.06,0.0,0.41,3.03,163,32.40447629891851,11.874903195746455,163,24,729.0,815.0,1051.0,1055.0,761.7142857142857,1005.5714285714286
2023-06-13,2023,6,25,755.0,1056.0,11.2,5.76,sur,4.026997816422451,0.1904944512085413,3.849996084576594,80.21665439813331,13.495730857709011,6.308766601136853,24.41,25.6,27.59,73.44,74.91,83.99,0.0,0.42,3.13,164,32.38120223843398,10.971351520233664,164,24,770.0,804.0,1036.0,1023.0,759.5714285714286,1008.4285714285714
2023-06-14,2023,6,25,735.0,1023.0,11.02,5.77,sur,4.026997816422451,0.1904944512085413,3.849996084576594,80.21665439813331,13.495730857709011,6.670524112469484,23.25,25.87,26.77,72.92,78.21,79.03,0.0,0.43,3.06,165,32.36022498750479,11.535501104734657,165,24,787.0,806.0,978.0,1013.0,752.1428571428571,1014.8571428571429
2023-06-15,2023,6,25,769.0,991.0,10.58,5.52,sur,4.026997816422451,0.1904944512085413,3.849996084576594,80.21665439813331,13.495730857709011,6.488848370123778,24.16,25.45,27.58,68.85,74.65,80.11,0.0,0.41,3.1,166,32.34155981201148,11.363905558432268,166,24,766.0,763.0,971.0,1065.0,752.5714285714286,1017.7142857142857
2023-06-16,2023,6,25,756.0,1044.0,10.89,5.95,sur,4.026997816422451,0.1904944512085413,3.849996084576594,80.21665439813331,13.495730857709011,6.360962849743499,24.42,24.94,25.9,73.91,73.17,80.66,0.0,0.43,3.0,167,32.32522000788189,7.471812207808423,167,24,746.0,772.0,1026.0,1029.0,754.0,1020.2857142857143
2023-06-17,2023,6,25,745.0,967.0,11.19,6.02,sur,4.026997816422451,0.1904944512085413,3.849996084576594,80.21665439813331,13.495730857709011,6.1615446697859255,24.64,25.99,26.16,75.25,72.3,82.07,0.0,0.44,2.99,168,32.311216892870654,7.568829278960424,168,24,753.0,763.0,1017.0,970.0,752.8571428571429,1013.1428571428571
2023-06-18,2023,6,25,769.0,1010.0,10.76,5.66,sur,4.026997816422451,0.1904944512085413,3.849996084576594,80.21665439813331,13.495730857709011,6.227682420850842,23.16,25.58,25.96,70.77,73.99,83.08,0.0,0.43,2.9,169,32.29955979984046,10.269025212485923,169,24,753.0,776.0,1002.0,980.0,755.1428571428571,1014.2857142857143
2023-06-19,2023,6,26,927.0,1114.0,10.76,6.05,sur,4.026997816422451,0.1904944512085413,3.849996084576594,80.21665439813331,13.495730857709011,6.608533842320526,24.39,24.69,26.82,75.54,78.04,82.51,0.0,2.52,17.97,170,32.29025607153692,9.563750262008242,170,25,757.0,729.0,1009.0,1051.0,779.4285714285714,1029.2857142857142
2023-06-20,2023,6,26,940.0,1139.0,10.8,5.95,sur,4.026997816422451,0.1904944512085413,3.849996084576594,80.21665439813331,13.495730857709011,6.1070277792270256,23.98,26.44,27.57,69.55,75.12,79.63,0.0,2.52,17.65,171,32.2833110568489,11.621947142447087,171,25,755.0,770.0,1056.0,1036.0,805.8571428571429,1041.142857142857
2023-06-21,2023,6,26,973.0,1226.0,10.9,5.83,sur,4.026997816422451,0.1904944512085413,3.849996084576594,80.21665439813331,13.495730857709011,6.599246014528953,24.19,26.65,25.74,70.7,78.14,82.07,0.0,2.57,17.95,172,32.278728108547696,7.635471557941709,172,25,735.0,787.0,1023.0,978.0,839.8571428571429,1070.142857142857
2023-06-22,2023,6,26,927.0,1225.0,10.57,5.85,sur,4.026997816422451,0.1904944512085413,3.849996084576594,80.21665439813331,13.495730857709011,6.706171044760102,24.07,24.97,27.78,71.02,77.72,80.9,0.0,2.52,17.5,173,32.27650858249868,11.812099749983735,173,25,769.0,766.0,991.0,971.0,862.4285714285714,1103.5714285714287
2023-06-23,2023,6,26,899.0,1223.0,11.2,5.58,sur,4.026997816422451,0.1904944512085413,3.849996084576594,80.21665439813331,13.495730857709011,6.493864803229672,23.91,26.31,27.14,68.42,78.74,77.09,0.0,2.46,17.2,174,32.27665183834032,11.021566864594911,174,25,756.0,746.0,1044.0,1026.0,882.8571428571429,1129.142857142857
2023-06-24,2023,6,26,948.0,1144.0,11.35,5.59,sur,4.026997816422451,0.1904944512085413,3.849996084576594,80.21665439813331,13.495730857709011,6.335860838031124,24.2,25.01,26.64,74.05,79.25,78.96,0.0,2.49,17.37,175,32.27915524162619,9.580113947049162,175,25,745.0,753.0,967.0,1017.0,911.8571428571429,1154.4285714285713
2023-06-25,2023,6,26,901.0,1153.0,10.6,5.93,sur,4.026997816422451,0.1904944512085413,3.849996084576594,80.21665439813331,13.495730857709011,6.603256467557826,24.45,24.92,26.62,70.03,79.18,80.19,0.0,2.54,18.23,176,32.28401416742657,9.035891285359172,176,25,769.0,753.0,1010.0,1002.0,930.7142857142857,1174.857142857143
2023-06-26,2023,6,27,908.0,1197.0,7.34,5.58,este,4.249809101324528,0.2447274319519028,3.8129623775166457,79.43743361382859,17.60548178233333,6.377017603843668,24.7,25.9,27.01,46.99,55.35,70.47,0.0,36.27,264.25,177,32.29122200538712,9.324897599661483,177,26,927.0,757.0,1114.0,1009.0,928.0,1186.7142857142858
2023-06-27,2023,6,27,919.0,1203.0,6.67,5.4,este,4.249809101324528,0.2447274319519028,3.8129623775166457,79.43743361382859,17.60548178233333,6.441019734964811,22.85,25.79,26.79,44.85,51.66,67.53,0.0,36.28,258.3,178,32.3007701662432,12.181887640078198,178,26,940.0,755.0,1139.0,1056.0,925.0,1195.857142857143
2023-06-28,2023,6,27,870.0,1135.0,7.32,5.45,este,4.249809101324528,0.2447274319519028,3.8129623775166457,79.43743361382859,17.60548178233333,5.932841410267392,23.1,23.98,25.68,48.02,52.79,69.33,0.0,36.54,251.03,179,32.31264808978886,9.861341636344369,179,26,973.0,735.0,1226.0,1023.0,910.2857142857143,1182.857142857143
2023-06-29,2023,6,27,918.0,1131.0,6.66,5.48,este,4.249809101324528,0.2447274319519028,3.8129623775166457,79.43743361382859,17.60548178233333,6.41289052014528,23.25,25.08,27.28,45.01,50.99,69.6,0.0,36.31,274.2,180,32.32684325430104,12.330180137376916,180,26,927.0,769.0,1225.0,991.0,909.0,1169.4285714285713
2023-06-30,2023,6,27,858.0,1206.0,7.11,5.78,este,4.249809101324528,0.2447274319519028,3.8129623775166457,79.43743361382859,17.60548178233333,6.498678433294463,24.22,24.33,25.86,44.46,53.29,68.55,0.0,36.17,272.58,181,32.34334118741973,7.869740411315644,181,26,899.0,756.0,1223.0,1044.0,903.1428571428571,1167.0
2023-07-01,2023,7,27,945.0,1244.0,6.96,5.6,este,4.249809101324528,0.2447274319519028,3.8129623775166457,79.43743361382859,17.60548178233333,6.424260968574616,24.43,25.49,27.87,45.63,52.26,66.1,0.0,38.21,262.18,182,32.36212547848593,11.404332204851915,182,26,948.0,745.0,1144.0,967.0,902.7142857142857,1181.2857142857142
2023-07-02,2023,7,27,943.0,1236.0,7.34,5.65,este,4.249809101324528,0.2447274319519028,3.8129623775166457,79.43743361382859,17.60548178233333,6.454827324765209,23.69,25.75,26.91,45.46,52.84,69.29,0.0,39.41,273.24,183,32.38317779234004,11.040811647939046,183,26,901.0,769.0,1153.0,1010.0,908.7142857142857,1193.142857142857
2023-07-03,2023,7,28,708.0,908.0,7.13,5.4,este,4.249809101324528,0.2447274319519028,3.8129623775166457,79.43743361382859,17.60548178233333,6.31769342194393,24.2,23.81,26.22,46.79,50.04,66.49,0.0,1.5,11.31,184,32.406477884583715,8.751069193158058,184,27,908.0,927.0,1197.0,1114.0,880.1428571428571,1151.857142857143
2023-07-04,2023,7,28,698.0,876.0,7.19,5.67,este,4.249809101324528,0.2447274319519028,3.8129623775166457,79.43743361382859,17.60548178233333,6.028264925770354,24.22,25.11,28.18,46.44,53.99,67.0,0.0,1.55,10.71,185,32.4320036183089,12.262385740957244,185,27,919.0,940.0,1203.0,1139.0,848.5714285714286,1105.142857142857
2023-07-05,2023,7,28,708.0,860.0,6.93,5.36,este,4.249809101324528,0.2447274319519028,3.8129623775166457,79.43743361382859,17.60548178233333,6.130092336858759,24.53,24.45,28.33,46.27,52.67,67.91,0.0,1.53,11.21,186,32.4597309822984,12.02237625014688,186,27,870.0,973.0,1135.0,1226.0,825.4285714285714,1065.857142857143
2023-07-06,2023,7,28,729.0,915.0,6.87,5.78,este,4.249809101324528,0.2447274319519028,3.8129623775166457,79.43743361382859,17.60548178233333,6.052555257039261,24.11,24.56,27.06,46.99,54.07,68.87,0.0,1.51,11.41,187,32.48963411070249,10.60252803313043,187,27,918.0,927.0,1131.0,1225.0,798.4285714285714,1035.0
2023-07-07,2023,7,28,732.0,904.0,6.69,5.71,este,4.249809101324528,0.2447274319519028,3.8129623775166457,79.43743361382859,17.60548178233333,6.248929959794255,23.72,25.62,25.87,46.48,53.33,65.74,0.0,1.64,10.95,188,32.521685304196446,9.060368759944597,188,27,858.0,899.0,1206.0,1223.0,780.4285714285714,991.8571428571429
2023-07-08,2023,7,28,695.0,857.0,6.86,5.68,este,4.249809101324528,0.2447274319519028,3.8129623775166457,79.43743361382859,17.60548178233333,6.496950758262264,24.61,26.02,25.69,47.97,53.03,70.98,0.0,1.64,10.57,189,32.55585505262423,6.42827703398922,189,27,945.0,948.0,1244.0,1144.0,744.7142857142857,936.5714285714286
2023-07-09,2023,7,28,698.0,920.0,7.27,5.66,este,4.249809101324528,0.2447274319519028,3.8129623775166457,79.43743361382859,17.60548178233333,5.893907307352611,25.13,24.88,28.14,47.84,53.34,67.13,0.0,1.63,11.34,190,32.59211205913328,10.743588201726322,190,27,943.0,901.0,1236.0,1153.0,709.7142857142857,891.4285714285714
2023-07-10,2023,7,29,919.0,1211.0,7.32,5.85,este,4.249809101324528,0.2447274319519028,3.8129623775166457,79.43743361382859,17.60548178233333,5.918021583681252,24.16,24.37,25.78,48.01,53.87,66.89,0.0,3.21,22.62,191,32.630423265805646,7.891032198969557,191,28,708.0,908.0,908.0,1197.0,739.8571428571429,934.7142857142857
2023-07-11,2023,7,29,859.0,1163.0,7.1,5.39,este,4.249809101324528,0.2447274319519028,3.8129623775166457,79.43743361382859,17.60548178233333,6.374709661464269,22.82,23.71,28.02,46.92,53.39,67.64,0.0,3.21,22.38,192,32.670753880790414,14.155148463849018,192,28,698.0,919.0,876.0,1203.0,762.8571428571429,975.7142857142857
2023-07-12,2023,7,29,928.0,1133.0,7.16,5.76,este,4.249809101324528,0.2447274319519028,3.8129623775166457,79.43743361382859,17.60548178233333,6.180644354114724,24.09,24.22,27.93,45.77,55.06,65.01,0.0,3.23,21.0,193,32.713067406941754,12.179809106378336,193,28,708.0,870.0,860.0,1135.0,794.2857142857143,1014.7142857142857
2023-07-13,2023,7,29,893.0,1175.0,6.86,5.71,este,4.249809101324528,0.2447274319519028,3.8129623775166457,79.43743361382859,17.60548178233333,6.074947346105641,24.49,24.67,28.12,47.74,50.12,69.05,0.0,3.26,22.38,194,32.75732567196704,11.858106648240794,194,28,729.0,918.0,915.0,1131.0,817.7142857142857,1051.857142857143
2023-07-14,2023,7,29,914.0,1147.0,6.69,5.36,este,4.249809101324528,0.2447274319519028,3.8129623775166457,79.43743361382859,17.60548178233333,6.459941282291608,23.5,25.94,26.57,46.27,53.68,70.01,0.0,3.27,22.61,195,32.80348886008833,10.920507585192462,195,28,732.0,858.0,904.0,1206.0,843.7142857142857,1086.5714285714287
2023-07-15,2023,7,29,929.0,1234.0,7.34,5.46,este,4.249809101324528,0.2447274319519028,3.8129623775166457,79.43743361382859,17.60548178233333,5.912972823163202,23.87,24.68,27.04,43.98,53.32,67.79,0.0,3.05,22.47,196,32.85151554522007,11.113187501279915,196,28,695.0,945.0,857.0,1244.0,877.1428571428571,1140.4285714285713
2023-07-16,2023,7,29,866.0,1211.0,6.87,5.56,este,4.249809101324528,0.2447274319519028,3.8129623775166457,79.43743361382859,17.60548178233333,5.900849421854386,24.57,24.59,27.39,47.18,52.32,67.01,0.0,3.16,21.41,197,32.90136272566487,10.497648847455594,197,28,698.0,943.0,920.0,1236.0,901.1428571428571,1182.0
2023-07-17,2023,7,30,1126.0,1489.0,6.71,5.46,este,4.249809101324528,0.2447274319519028,3.8129623775166457,79.43743361382859,17.60548178233333,5.89688336426347,24.89,24.63,26.12,44.04,54.85,66.28,0.0,0.0,0.0,198,32.952985860328155,6.943859560904094,198,29,919.0,708.0,1211.0,908.0,930.7142857142857,1221.7142857142858
2023-07-18,2023,7,30,1159.0,1533.0,6.95,5.37,este,4.249809101324528,0.2447274319519028,3.8129623775166457,79.43743361382859,17.60548178233333,6.256699724563565,23.32,24.23,26.41,47.07,52.88,68.11,0.0,0.0,0.0,199,33.006338906451326,11.023771314519868,199,29,859.0,698.0,1163.0,876.0,973.5714285714286,1274.5714285714287
2023-07-19,2023,7,30,1183.0,1491.0,6.97,5.49,este,4.249809101324528,0.2447274319519028,3.8129623775166457,79.43743361382859,17.60548178233333,6.051489336759252,23.71,25.31,27.79,46.42,52.61,69.49,0.0,0.0,0.0,200,33.06137435886172,12.688333517041729,200,29,928.0,708.0,1133.0,860.0,1010.0,1325.7142857142858
2023-07-20,2023,7,30,1144.0,1480.0,7.08,5.37,este,4.249809101324528,0.2447274319519028,3.8129623775166457,79.43743361382859,17.60548178233333,5.9310936733148525,25.19,24.87,26.96,47.76,53.08,65.29,0.0,0.0,0.0,201,33.11804329073593,8.371531267130097,201,29,893.0,729.0,1175.0,915.0,1045.857142857143,1369.2857142857142
2023-07-21,2023,7,30,1147.0,1442.0,7.1,5.33,este,4.249809101324528,0.2447274319519028,3.8129623775166457,79.43743361382859,17.60548178233333,6.225253016911545,23.45,25.6,27.97,45.44,54.64,66.21,0.0,0.0,0.0,202,33.17629539587189,13.401416588210065,202,29,914.0,732.0,1147.0,904.0,1079.142857142857,1411.4285714285713
2023-07-22,2023,7,30,1117.0,1471.0,7.11,5.62,este,4.249809101324528,0.2447274319519028,3.8129623775166457,79.43743361382859,17.60548178233333,5.982346390073015,23.92,23.94,27.56,47.11,54.76,69.9,0.0,0.0,0.0,203,33.23607903246254,12.047975502373962,203,29,929.0,695.0,1234.0,857.0,1106.0,1445.2857142857142
2023-07-23,2023,7,30,1203.0,1474.0,6.68,5.43,este,4.249809101324528,0.2447274319519028,3.8129623775166457,79.43743361382859,17.60548178233333,6.386078999573405,23.87,24.11,27.75,44.54,53.76,68.7,0.0,0.0,0.0,204,33.29734126836285,12.461749614539348,204,29,866.0,698.0,1211.0,920.0,1154.142857142857,1482.857142857143
2023-07-24,2023,7,31,1165.0,1416.0,1.01,6.29,oeste,4.249809101324528,0.2447274319519028,3.8129623775166457,79.43743361382859,17.60548178233333,6.155576270257681,23.19,25.3,27.3,32.15,40.3,52.89,0.0,0.0,0.0,205,33.360027927839006,12.849934603263112,205,30,1126.0,919.0,1489.0,1211.0,1159.7142857142858,1472.4285714285713
2023-07-25,2023,7,31,1142.0,1509.0,0.98,5.74,oeste,4.249809101324528,0.2447274319519028,3.8129623775166457,79.43743361382859,17.60548178233333,5.951512895290676,24.34,25.58,28.07,31.38,38.47,54.53,0.0,0.0,0.0,206,33.42408363978677,12.264999257893294,206,30,1159.0,859.0,1533.0,1163.0,1157.2857142857142,1469.0
2023-07-26,2023,7,31,1209.0,1433.0,1.05,5.88,oeste,4.249809101324528,0.2447274319519028,3.8129623775166457,79.43743361382859,17.60548178233333,6.201728659263231,23.73,25.43,27.15,32.15,39.57,52.83,0.0,0.0,0.0,207,33.489451887403895,11.767242231488696,207,30,1183.0,928.0,1491.0,1133.0,1161.0,1460.7142857142858
2023-07-27,2023,7,31,1148.0,1532.0,0.95,6.07,oeste,4.249809101324528,0.2447274319519028,3.8129623775166457,79.43743361382859,17.60548178233333,6.0687569858197055,24.63,24.44,27.93,32.05,38.82,55.07,0.0,0.0,0.0,208,33.556075059297875,11.581951129036195,208,30,1144.0,893.0,1480.0,1175.0,1161.5714285714287,1468.142857142857
2023-07-28,2023,7,31,1198.0,1494.0,1.05,5.74,oeste,4.249809101324528,0.2447274319519028,3.8129623775166457,79.43743361382859,17.60548178233333,6.347734076311623,24.45,25.78,27.46,32.03,38.58,52.12,0.0,0.0,0.0,209,33.62389450200935,11.08370257234212,209,30,1147.0,914.0,1442.0,1147.0,1168.857142857143,1475.5714285714287
2023-07-29,2023,7,31,1211.0,1402.0,1.0,5.73,oeste,4.249809101324528,0.2447274319519028,3.8129623775166457,79.43743361382859,17.60548178233333,6.457951309668657,24.1,25.69,28.23,30.89,39.3,53.03,0.0,0.0,0.0,210,33.69285057392693,13.009673060860116,210,30,1117.0,929.0,1471.0,1234.0,1182.2857142857142,1465.7142857142858
2023-07-30,2023,7,31,1243.0,1420.0,1.02,6.09,oeste,4.249809101324528,0.2447274319519028,3.8129623775166457,79.43743361382859,17.60548178233333,6.092931600633619,24.65,25.78,25.89,33.08,37.8,54.8,0.0,0.0,0.0,211,33.762882700567644,7.143383453291976,211,30,1203.0,866.0,1474.0,1211.0,1188.0,1458.0
2023-07-31,2023,7,32,1170.0,1239.0,0.96,6.23,oeste,4.249809101324528,0.2447274319519028,3.8129623775166457,79.43743361382859,17.60548178233333,6.2242140681149865,24.72,24.16,27.02,31.12,39.13,52.72,0.0,0.0,0.0,212,33.833929431193624,9.749221961063707,212,31,1165.0,1126.0,1416.0,1489.0,1188.7142857142858,1432.7142857142858
2023-08-01,2023,8,32,1100.0,1292.0,0.99,6.03,oeste,4.249809101324528,0.2447274319519028,3.8129623775166457,79.43743361382859,17.60548178233333,5.971956162480468,24.16,23.68,26.37,31.31,37.33,54.16,0.0,0.0,0.0,213,33.90592849673267,9.576909415507778,213,31,1142.0,1159.0,1509.0,1533.0,1182.7142857142858,1401.7142857142858
2023-08-02,2023,8,32,1092.0,1295.0,0.99,6.02,oeste,4.249809101324528,0.2447274319519028,3.8129623775166457,79.43743361382859,17.60548178233333,6.064616435089474,24.88,25.67,27.88,30.72,38.77,54.36,0.0,0.0,0.0,214,33.978816868967336,11.182077067644672,214,31,1209.0,1183.0,1433.0,1491.0,1166.0,1382.0
2023-08-03,2023,8,32,1179.0,1270.0,1.04,5.8,oeste,4.249809101324528,0.2447274319519028,3.8129623775166457,79.43743361382859,17.60548178233333,6.146511161473773,23.45,25.29,26.01,30.43,40.25,52.73,0.0,0.0,0.0,215,34.0525308209535,10.35196936956987,215,31,1148.0,1144.0,1532.0,1480.0,1170.4285714285713,1344.5714285714287
2023-08-04,2023,8,32,1106.0,1353.0,1.03,6.17,oeste,4.249809101324528,0.2447274319519028,3.8129623775166457,79.43743361382859,17.60548178233333,6.364685234768785,23.92,24.75,27.21,33.42,37.37,52.59,0.0,0.0,0.0,216,34.12700598862685,11.761148636751653,216,31,1198.0,1147.0,1494.0,1442.0,1157.2857142857142,1324.4285714285713
2023-08-05,2023,8,32,1116.0,1287.0,0.99,6.19,oeste,4.249809101324528,0.2447274319519028,3.8129623775166457,79.43743361382859,17.60548178233333,6.25193510672015,24.26,25.98,27.76,31.63,39.9,56.32,0.0,0.0,0.0,217,34.20217743355145,12.157418834610077,217,31,1211.0,1117.0,1402.0,1471.0,1143.7142857142858,1308.0
2023-08-06,2023,8,32,1128.0,1264.0,1.02,5.71,oeste,4.249809101324528,0.2447274319519028,3.8129623775166457,79.43743361382859,17.60548178233333,6.036713496295122,24.8,24.3,27.89,31.16,39.15,51.56,0.0,0.0,0.0,218,34.277979706762,11.448486016037336,218,31,1243.0,1203.0,1420.0,1474.0,1127.2857142857142,1285.7142857142858
2023-08-07,2023,8,33,1243.0,1504.0,1.03,6.07,oeste,4.249809101324528,0.2447274319519028,3.8129623775166457,79.43743361382859,17.60548178233333,6.1553981518290914,22.96,24.72,27.96,32.08,37.13,54.41,0.0,0.0,0.0,219,34.35434691364722,14.595544454089804,219,32,1170.0,1165.0,1239.0,1416.0,1137.7142857142858,1323.5714285714287
2023-08-08,2023,8,33,1255.0,1392.0,1.05,6.02,oeste,4.249809101324528,0.2447274319519028,3.8129623775166457,79.43743361382859,17.60548178233333,6.006767116315075,22.9,25.52,26.83,31.17,39.03,56.69,0.0,0.0,0.0,220,34.4312127798191,12.968871776178148,220,32,1100.0,1142.0,1292.0,1509.0,1159.857142857143,1337.857142857143
2023-08-09,2023,8,33,1222.0,1399.0,0.99,5.99,oeste,4.249809101324528,0.2447274319519028,3.8129623775166457,79.43743361382859,17.60548178233333,6.005275342719716,23.84,25.07,28.34,31.11,36.84,52.2,0.0,0.0,0.0,221,34.50851071790864,13.908685104250656,221,32,1092.0,1209.0,1295.0,1433.0,1178.4285714285713,1352.7142857142858
2023-08-10,2023,8,33,1290.0,1508.0,1.02,5.79,oeste,4.249809101324528,0.2447274319519028,3.8129623775166457,79.43743361382859,17.60548178233333,6.119311031910027,23.69,25.36,27.71,32.33,37.5,54.45,0.0,0.0,0.0,222,34.58617389522569,13.17556197666268,222,32,1179.0,1148.0,1270.0,1532.0,1194.2857142857142,1386.7142857142858
2023-08-11,2023,8,33,1222.0,1467.0,1.01,6.23,oeste,4.249809101324528,0.2447274319519028,3.8129623775166457,79.43743361382859,17.60548178233333,5.934417429364324,23.47,23.79,27.2,30.6,37.1,54.54,0.0,0.0,0.0,223,34.66413530221696,12.720037393968058,223,32,1106.0,1198.0,1353.0,1494.0,1210.857142857143,1403.0
2023-08-12,2023,8,33,1207.0,1437.0,1.0,6.17,oeste,4.249809101324528,0.2447274319519028,3.8129623775166457,79.43743361382859,17.60548178233333,6.269909871191166,22.8,23.78,25.76,31.74,37.85,56.38,0.0,0.0,0.0,224,34.74232782165292,11.356862569331152,224,32,1116.0,1211.0,1287.0,1402.0,1223.857142857143,1424.4285714285713
2023-08-13,2023,8,33,1259.0,1493.0,0.98,5.84,oeste,4.249809101324528,0.2447274319519028,3.8129623775166457,79.43743361382859,17.60548178233333,6.486724757502997,25.01,23.81,28.32,30.79,38.67,55.74,0.0,0.0,0.0,225,34.82068429847086,12.036629688316031,225,32,1128.0,1243.0,1264.0,1420.0,1242.5714285714287,1457.142857142857
2023-08-14,2023,8,34,951.0,1111.0,0.96,6.12,oeste,4.249809101324528,0.2447274319519028,3.8129623775166457,79.43743361382859,17.60548178233333,6.259147375200781,23.61,25.39,28.02,31.95,38.78,53.29,0.0,0.0,0.0,226,34.89913761019836,13.924755906469146,226,33,1243.0,1170.0,1504.0,1239.0,1200.857142857143,1401.0
2023-08-15,2023,8,34,958.0,1068.0,0.99,5.8,oeste,4.249809101324528,0.2447274319519028,3.8129623775166457,79.43743361382859,17.60548178233333,6.112366009594352,23.25,24.72,25.82,30.79,37.24,55.86,0.0,0.0,0.0,227,34.977620737878034,10.653944424930142,227,33,1255.0,1100.0,1392.0,1292.0,1158.4285714285713,1354.7142857142858
2023-08-16,2023,8,34,908.0,1053.0,1.01,6.29,oeste,4.249809101324528,0.2447274319519028,3.8129623775166457,79.43743361382859,17.60548178233333,6.486397688308296,23.68,25.37,26.81,33.28,39.07,53.97,0.0,0.0,0.0,228,35.056066837411365,11.783897547228088,228,33,1222.0,1092.0,1399.0,1295.0,1113.5714285714287,1305.2857142857142
2023-08-17,2023,8,34,937.0,1026.0,1.01,5.81,oeste,4.249809101324528,0.2447274319519028,3.8129623775166457,79.43743361382859,17.60548178233333,6.151723007097169,22.88,26.07,26.5,32.03,38.43,51.31,0.0,0.0,0.0,229,35.13440931123666,12.70107681717868,229,33,1290.0,1179.0,1508.0,1270.0,1063.142857142857,1236.4285714285713
2023-08-18,2023,8,34,941.0,1019.0,0.95,5.96,oeste,4.249809101324528,0.2447274319519028,3.8129623775166457,79.43743361382859,17.60548178233333,6.357485053286155,24.34,23.93,26.81,33.16,37.7,55.92,0.0,0.0,0.0,230,35.212581880252884,10.51477411773687,230,33,1222.0,1106.0,1467.0,1353.0,1023.0,1172.4285714285713
2023-08-19,2023,8,34,901.0,1077.0,1.03,6.08,oeste,4.249809101324528,0.2447274319519028,3.8129623775166457,79.43743361382859,17.60548178233333,6.111117163899773,24.39,25.96,27.44,31.92,37.27,54.35,0.0,0.0,0.0,231,35.29051865589894,11.710125829575611,231,33,1207.0,1116.0,1437.0,1287.0,979.2857142857143,1121.0
2023-08-20,2023,8,34,902.0,1014.0,0.98,6.14,oeste,4.249809101324528,0.2447274319519028,3.8129623775166457,79.43743361382859,17.60548178233333,6.26216569260092,22.9,25.32,26.6,33.28,39.12,52.24,0.0,0.0,0.0,232,35.36815421229483,12.9260805666923,232,33,1259.0,1128.0,1493.0,1264.0,928.2857142857143,1052.5714285714287
2023-08-21,2023,8,35,1184.0,1370.0,1.02,6.23,oeste,4.249809101324528,0.2447274319519028,3.8129623775166457,79.43743361382859,17.60548178233333,6.290280692273134,24.69,25.88,27.84,32.24,36.28,55.35,0.0,0.0,0.0,233,35.44542365834922,11.952783395587954,233,34,951.0,1243.0,1111.0,1504.0,961.5714285714286,1089.5714285714287
2023-08-22,2023,8,35,1256.0,1449.0,1.04,6.12,oeste,4.249809101324528,0.2447274319519028,3.8129623775166457,79.43743361382859,17.60548178233333,6.398259369501529,23.23,24.33,26.4,32.59,36.36,53.55,0.0,0.0,0.0,234,35.522262709735344,12.016662227336765,234,34,958.0,1255.0,1068.0,1392.0,1004.1428571428571,1144.0
2023-08-23,2023,8,35,1270.0,1447.0,0.97,6.07,oeste,4.249809101324528,0.2447274319519028,3.8129623775166457,79.43743361382859,17.60548178233333,6.079646342481334,24.09,24.06,27.85,30.93,37.1,52.96,0.0,0.0,0.0,235,35.59860776063529,13.11536968829052,235,34,908.0,1222.0,1053.0,1399.0,1055.857142857143,1200.2857142857142
2023-08-24,2023,8,35,1241.0,1485.0,1.04,6.1,oeste,4.249809101324528,0.2447274319519028,3.8129623775166457,79.43743361382859,17.60548178233333,6.302541962155856,24.25,24.83,26.31,32.66,36.18,54.59,0.0,0.0,0.0,236,35.674395955150665,9.728454217674884,236,34,937.0,1290.0,1026.0,1508.0,1099.2857142857142,1265.857142857143
2023-08-25,2023,8,35,1209.0,1437.0,0.98,5.91,oeste,4.249809101324528,0.2447274319519028,3.8129623775166457,79.43743361382859,17.60548178233333,6.419740253648343,24.03,24.99,28.02,32.9,35.14,53.74,0.0,0.0,0.0,237,35.74956525827639,13.567843128207954,237,34,941.0,1222.0,1019.0,1467.0,1137.5714285714287,1325.5714285714287
2023-08-26,2023,8,35,1194.0,1385.0,1.02,6.17,oeste,4.249809101324528,0.2447274319519028,3.8129623775166457,79.43743361382859,17.60548178233333,5.907483728874054,23.19,23.98,28.12,30.7,38.62,53.42,0.0,0.0,0.0,238,35.82405452633241,15.113038818310844,238,34,901.0,1207.0,1077.0,1437.0,1179.4285714285713,1369.5714285714287
2023-08-27,2023,8,35,1237.0,1435.0,1.04,6.04,oeste,4.249809101324528,0.2447274319519028,3.8129623775166457,79.43743361382859,17.60548178233333,6.204581803971653,23.08,23.78,25.71,31.85,35.82,56.44,0.0,0.0,0.0,239,35.89780357674738,11.061126320321405,239,34,902.0,1259.0,1014.0,1493.0,1227.2857142857142,1429.7142857142858
2023-08-28,2023,8,36,1218.0,1343.0,3.04,7.27,oeste,4.249809101324528,0.2447274319519028,3.8129623775166457,79.43743361382859,17.60548178233333,6.499409116683274,23.92,24.29,27.09,25.93,32.98,39.53,0.0,0.0,0.0,240,35.97075325708702,12.16838002368653,240,35,1184.0,951.0,1370.0,1111.0,1232.142857142857,1425.857142857143
2023-08-29,2023,8,36,1184.0,1350.0,2.87,6.99,oeste,4.249809101324528,0.2447274319519028,3.8129623775166457,79.43743361382859,17.60548178233333,6.176003360353698,24.42,24.97,26.01,24.53,31.99,41.7,0.0,0.0,0.0,241,36.042845513219575,8.635176791570775,241,35,1256.0,958.0,1449.0,1068.0,1221.857142857143,1411.7142857142858
2023-08-30,2023,8,36,1243.0,1383.0,2.94,7.07,oeste,4.249809101324528,0.2447274319519028,3.8129623775166457,79.43743361382859,17.60548178233333,5.894761017987436,23.15,26.64,25.85,24.13,31.06,42.04,0.0,0.0,0.0,242,36.11402345650973,11.274865214958616,242,35,1270.0,908.0,1447.0,1053.0,1218.0,1402.5714285714287
2023-08-31,2023,8,36,1147.0,1357.0,2.93,7.43,oeste,4.249809101324528,0.2447274319519028,3.8129623775166457,79.43743361382859,17.60548178233333,5.893951897557248,23.29,25.98,28.08,23.92,32.15,39.27,0.0,0.0,0.0,243,36.18423142993297,15.046680874376516,243,35,1241.0,937.0,1485.0,1026.0,1204.5714285714287,1384.2857142857142
2023-09-01,2023,9,36,1211.0,1419.0,2.96,7.51,oeste,4.249809101324528,0.2447274319519028,3.8129623775166457,79.43743361382859,17.60548178233333,6.109371127680726,23.22,25.33,26.2,24.3,30.81,42.55,0.0,0.0,0.0,244,36.25341507300143,11.890788553207695,244,35,1209.0,941.0,1437.0,1019.0,1204.857142857143,1381.7142857142858
2023-09-02,2023,9,36,1207.0,1408.0,2.94,7.27,oeste,4.249809101324528,0.2447274319519028,3.8129623775166457,79.43743361382859,17.60548178233333,6.230267379249957,25.08,24.71,26.36,25.09,30.29,41.02,0.0,0.0,0.0,245,36.32152138539364,7.807690998685713,245,35,1194.0,901.0,1385.0,1077.0,1206.7142857142858,1385.0
2023-09-03,2023,9,36,1227.0,1340.0,3.03,6.87,oeste,4.249809101324528,0.2447274319519028,3.8129623775166457,79.43743361382859,17.60548178233333,6.156493369326991,23.52,26.37,26.81,26.09,30.7,43.03,0.0,0.0,0.0,246,36.388498789180304,12.540524154695326,246,35,1237.0,902.0,1435.0,1014.0,1205.2857142857142,1371.4285714285713
2023-09-04,2023,9,37,846.0,967.0,3.01,6.87,oeste,4.249809101324528,0.2447274319519028,3.8129623775166457,79.43743361382859,17.60548178233333,6.398289964613493,23.81,24.34,27.53,25.11,31.26,40.73,0.0,0.0,0.0,247,36.45429718953992,13.358995411668063,247,36,1218.0,1184.0,1343.0,1370.0,1152.142857142857,1317.7142857142858
2023-09-05,2023,9,37,790.0,943.0,3.08,6.99,oeste,4.249809101324528,0.2447274319519028,3.8129623775166457,79.43743361382859,17.60548178233333,6.459187178195768,25.18,25.86,27.23,24.01,30.72,39.27,0.0,0.0,0.0,248,36.51886803385843,9.934541740901569,248,36,1184.0,1256.0,1350.0,1449.0,1095.857142857143,1259.5714285714287
2023-09-06,2023,9,37,790.0,943.0,3.12,7.42,oeste,4.249809101324528,0.2447274319519028,3.8129623775166457,79.43743361382859,17.60548178233333,6.404010146435555,24.59,24.4,27.24,23.81,32.32,42.88,0.0,0.0,0.0,249,36.58216436910934,11.314775324853477,249,36,1243.0,1270.0,1383.0,1447.0,1031.142857142857,1196.7142857142858
2023-09-07,2023,9,37,839.0,890.0,2.85,6.84,oeste,4.249809101324528,0.2447274319519028,3.8129623775166457,79.43743361382859,17.60548178233333,5.91077513668481,23.57,26.36,28.2,25.29,32.4,41.84,0.0,0.0,0.0,250,36.64414089741174,14.981270332656884,250,36,1147.0,1241.0,1357.0,1485.0,987.1428571428571,1130.0
2023-09-08,2023,9,37,801.0,903.0,2.93,7.2,oeste,4.249809101324528,0.2447274319519028,3.8129623775166457,79.43743361382859,17.60548178233333,6.382836148667603,24.92,25.99,25.99,25.06,30.02,39.84,0.0,0.0,0.0,251,36.7047540296665,7.213861631023234,251,36,1211.0,1209.0,1419.0,1437.0,928.5714285714286,1056.2857142857142
2023-09-09,2023,9,37,859.0,885.0,2.98,7.48,oeste,4.249809101324528,0.2447274319519028,3.8129623775166457,79.43743361382859,17.60548178233333,5.9572331747968015,23.76,24.67,26.44,24.61,30.65,38.99,0.0,0.0,0.0,252,36.76396193717215,11.43518791440292,252,36,1207.0,1194.0,1408.0,1385.0,878.8571428571429,981.5714285714286
2023-09-10,2023,9,37,858.0,889.0,2.99,7.44,oeste,4.249809101324528,0.2447274319519028,3.8129623775166457,79.43743361382859,17.60548178233333,6.406501741775679,24.85,24.31,26.83,24.83,31.13,40.87,0.0,0.0,0.0,253,36.82172460112562,9.84442425026086,253,36,1227.0,1237.0,1340.0,1435.0,826.1428571428571,917.1428571428571
2023-09-11,2023,9,38,883.0,930.0,2.88,7.52,oeste,4.249809101324528,0.2447274319519028,3.8129623775166457,79.43743361382859,17.60548178233333,6.020620398485689,24.83,26.56,29.05,25.13,29.48,40.83,0.0,0.0,0.0,254,36.87800385991513,14.393858595000296,254,37,846.0,1218.0,967.0,1343.0,831.4285714285714,911.8571428571429
2023-09-12,2023,9,38,930.0,956.0,3.14,6.94,oeste,4.249809101324528,0.2447274319519028,3.8129623775166457,79.43743361382859,17.60548178233333,6.244356221656412,23.92,25.69,28.78,24.93,31.82,39.13,0.0,0.0,0.0,255,36.93276345411582,15.469758718347498,255,37,790.0,1184.0,943.0,1350.0,851.4285714285714,913.7142857142857
2023-09-13,2023,9,38,915.0,936.0,3.09,6.89,oeste,4.249809101324528,0.2447274319519028,3.8129623775166457,79.43743361382859,17.60548178233333,6.412307802750413,24.51,24.67,27.74,26.21,30.08,41.62,0.0,0.0,0.0,256,36.98596906910211,12.629665963764015,256,37,790.0,1243.0,943.0,1383.0,869.2857142857143,912.7142857142857
2023-09-14,2023,9,38,866.0,977.0,2.96,7.24,oeste,4.249809101324528,0.2447274319519028,3.8129623775166457,79.43743361382859,17.60548178233333,6.250142327342075,24.86,24.59,27.48,24.14,29.7,41.0,0.0,0.0,0.0,257,37.03758837519439,11.390609080623127,257,37,839.0,1147.0,890.0,1357.0,873.1428571428571,925.1428571428571
2023-09-15,2023,9,38,909.0,936.0,3.05,7.21,oeste,4.249809101324528,0.2447274319519028,3.8129623775166457,79.43743361382859,17.60548178233333,6.264367655662419,23.14,24.87,27.59,26.08,30.06,40.44,0.0,0.0,0.0,258,37.087591065261456,14.864908221511504,258,37,801.0,1211.0,903.0,1419.0,888.5714285714286,929.8571428571429
2023-09-16,2023,9,38,874.0,949.0,2.98,7.28,oeste,4.249809101324528,0.2447274319519028,3.8129623775166457,79.43743361382859,17.60548178233333,6.183608334349077,24.63,24.78,27.0,25.77,30.51,41.72,0.0,0.0,0.0,259,37.1359488897041,10.862312660324998,259,37,859.0,1207.0,885.0,1408.0,890.7142857142857,939.0
2023-09-17,2023,9,38,848.0,929.0,2.95,7.56,oeste,4.249809101324528,0.2447274319519028,3.8129623775166457,79.43743361382859,17.60548178233333,5.910397242763978,23.42,26.66,27.84,24.33,30.11,40.01,0.0,0.0,0.0,260,37.18263568874978,14.852682831198688,260,37,858.0,1227.0,889.0,1340.0,889.2857142857143,944.7142857142857
2023-09-18,2023,9,39,920.0,960.0,2.95,7.36,oeste,4.249809101324528,0.2447274319519028,3.8129623775166457,79.43743361382859,17.60548178233333,6.061747477842613,23.19,24.47,28.97,25.6,31.15,40.77,0.0,0.0,0.0,261,37.22762742199263,17.005244437234907,261,38,883.0,846.0,930.0,967.0,894.5714285714286,949.0
2023-09-19,2023,9,39,876.0,987.0,2.93,7.3,oeste,4.249809101324528,0.2447274319519028,3.8129623775166457,79.43743361382859,17.60548178233333,6.500468490371578,22.86,25.14,28.72,24.42,30.48,41.0,0.0,0.0,0.0,262,37.27090219511763,17.142427230254246,262,38,930.0,790.0,956.0,943.0,886.8571428571429,953.4285714285714
2023-09-20,2023,9,39,859.0,971.0,3.07,7.34,oeste,4.249809101324528,0.2447274319519028,3.8129623775166457,79.43743361382859,17.60548178233333,6.365743587290975,24.88,25.62,26.91,24.06,31.85,39.76,0.0,0.0,0.0,263,37.31244028375322,10.100788402167986,263,38,915.0,790.0,936.0,943.0,878.8571428571429,958.4285714285714
2023-09-21,2023,9,39,848.0,1011.0,2.92,7.24,oeste,4.249809101324528,0.2447274319519028,3.8129623775166457,79.43743361382859,17.60548178233333,6.45770518574569,24.18,24.92,27.5,26.07,32.35,39.88,0.0,0.0,0.0,264,37.3522241544009,12.931208373295192,264,38,866.0,839.0,977.0,890.0,876.2857142857143,963.2857142857143
2023-09-22,2023,9,39,904.0,978.0,3.08,7.1,oeste,4.249809101324528,0.2447274319519028,3.8129623775166457,79.43743361382859,17.60548178233333,6.36907037510695,23.67,24.64,27.66,25.06,29.83,42.24,0.0,0.0,0.0,265,37.390238482396256,14.190519145907386,265,38,909.0,801.0,936.0,903.0,875.5714285714286,969.2857142857143
2023-09-23,2023,9,39,896.0,1012.0,3.15,7.37,oeste,4.249809101324528,0.2447274319519028,3.8129623775166457,79.43743361382859,17.60548178233333,6.468389098120675,23.07,24.96,29.21,24.07,31.06,41.51,0.0,0.0,0.0,266,37.4264701668608,17.620436211398925,266,38,874.0,859.0,949.0,885.0,878.7142857142857,978.2857142857143
2023-09-24,2023,9,39,889.0,993.0,3.06,7.37,oeste,4.249809101324528,0.2447274319519028,3.8129623775166457,79.43743361382859,17.60548178233333,5.958555559054667,24.5,24.69,28.5,24.89,30.19,39.9,0.0,0.0,0.0,267,37.46090834260974,14.235145170191702,267,38,848.0,858.0,929.0,889.0,884.5714285714286,987.4285714285714
2023-09-25,2023,9,40,1059.0,1311.0,6.29,8.55,oeste,4.249809101324528,0.2447274319519028,3.8129623775166457,79.43743361382859,17.60548178233333,6.267995682628775,25.23,25.54,26.88,29.82,38.11,37.62,0.0,0.0,0.0,268,37.49354438898603,9.150652659625576,268,39,920.0,883.0,960.0,930.0,904.4285714285714,1037.5714285714287
2023-09-26,2023,9,40,1136.0,1293.0,5.76,8.6,oeste,4.249809101324528,0.2447274319519028,3.8129623775166457,79.43743361382859,17.60548178233333,5.963609184841479,25.34,27.51,27.38,29.49,38.74,37.32,0.0,0.0,0.0,269,37.52437193559734,10.18314942715543,269,39,876.0,930.0,987.0,956.0,941.5714285714286,1081.2857142857142
2023-09-27,2023,9,40,1141.0,1239.0,5.8,9.02,oeste,4.249809101324528,0.2447274319519028,3.8129623775166457,79.43743361382859,17.60548178233333,6.465214381136936,25.03,25.86,28.66,27.8,38.31,37.96,0.0,0.0,0.0,270,37.553386864937465,13.594274175689533,270,39,859.0,915.0,971.0,936.0,981.8571428571429,1119.5714285714287
2023-09-28,2023,9,40,1141.0,1270.0,6.1,8.39,oeste,4.249809101324528,0.2447274319519028,3.8129623775166457,79.43743361382859,17.60548178233333,6.157728703158304,25.43,26.07,28.15,28.29,36.98,38.12,0.0,0.0,0.0,271,37.58058731188056,11.776103552931907,271,39,848.0,866.0,1011.0,977.0,1023.7142857142857,1156.5714285714287
2023-09-29,2023,9,40,1109.0,1312.0,6.17,8.6,oeste,4.249809101324528,0.2447274319519028,3.8129623775166457,79.43743361382859,17.60548178233333,5.976928878906617,25.67,26.56,28.21,29.34,38.18,38.52,0.0,0.0,0.0,272,37.60597366004136,11.387471335665753,272,39,904.0,909.0,978.0,936.0,1053.0,1204.2857142857142
2023-09-30,2023,9,40,1128.0,1231.0,6.03,9.18,oeste,4.249809101324528,0.2447274319519028,3.8129623775166457,79.43743361382859,17.60548178233333,6.172669580307649,25.95,27.39,28.17,28.3,37.19,37.52,0.0,0.0,0.0,273,37.62954853500125,10.652685267616796,273,39,896.0,874.0,1012.0,949.0,1086.142857142857,1235.5714285714287
2023-10-01,2023,10,40,1093.0,1317.0,6.18,8.71,oeste,4.249809101324528,0.2447274319519028,3.8129623775166457,79.43743361382859,17.60548178233333,5.924310957311308,26.24,25.92,28.51,28.58,36.08,38.42,0.0,0.0,0.0,274,37.6513167944056,10.778211441289042,274,39,889.0,848.0,993.0,929.0,1115.2857142857142,1281.857142857143
2023-10-02,2023,10,41,988.0,1165.0,5.97,9.12,oeste,4.249809101324528,0.2447274319519028,3.8129623775166457,79.43743361382859,17.60548178233333,6.396866012888567,25.59,26.64,29.39,28.52,36.55,39.52,0.0,0.0,0.0,275,37.67128551494343,13.95262235951191,275,40,1059.0,920.0,1311.0,960.0,1105.142857142857,1261.0
2023-10-03,2023,10,41,998.0,1150.0,6.22,9.17,oeste,4.249809101324528,0.2447274319519028,3.8129623775166457,79.43743361382859,17.60548178233333,6.346609197718937,26.04,27.63,27.82,30.05,37.92,37.84,0.0,0.0,0.0,276,37.689463976226754,9.553963175428365,276,40,1136.0,876.0,1293.0,987.0,1085.4285714285713,1240.5714285714287
2023-10-04,2023,10,41,1057.0,1169.0,6.19,8.81,oeste,4.249809101324528,0.2447274319519028,3.8129623775166457,79.43743361382859,17.60548178233333,6.236551613716259,24.13,25.15,28.96,30.42,36.17,39.4,0.0,0.0,0.0,277,37.705863641592536,15.744760505840675,277,40,1141.0,859.0,1239.0,971.0,1073.4285714285713,1230.5714285714287
2023-10-05,2023,10,41,1058.0,1223.0,5.99,9.14,oeste,4.249809101324528,0.2447274319519028,3.8129623775166457,79.43743361382859,17.60548178233333,6.0008011933314656,25.32,25.73,26.73,29.52,36.88,39.05,0.0,0.0,0.0,278,37.720498135855664,8.510215872613898,278,40,1141.0,848.0,1270.0,1011.0,1061.5714285714287,1223.857142857143
2023-10-06,2023,10,41,1039.0,1247.0,6.21,8.57,oeste,4.249809101324528,0.2447274319519028,3.8129623775166457,79.43743361382859,17.60548178233333,6.323411310049229,23.92,26.18,27.16,28.3,36.24,40.05,0.0,0.0,0.0,279,37.73338322004756,12.904817061256262,279,40,1109.0,904.0,1312.0,978.0,1051.5714285714287,1214.5714285714287
2023-10-07,2023,10,41,989.0,1168.0,6.12,8.94,oeste,4.249809101324528,0.2447274319519028,3.8129623775166457,79.43743361382859,17.60548178233333,6.185344570080021,24.83,27.12,26.76,29.3,35.88,40.28,0.0,0.0,0.0,280,37.74453676317992,9.962913394913922,280,40,1128.0,896.0,1231.0,1012.0,1031.7142857142858,1205.5714285714287
2023-10-08,2023,10,41,1014.0,1188.0,6.2,9.08,oeste,4.249809101324528,0.2447274319519028,3.8129623775166457,79.43743361382859,17.60548178233333,6.072186039486991,25.51,27.37,28.9,29.78,35.59,39.96,0.0,0.0,0.0,281,37.75397871107917,13.20736489165629,281,40,1093.0,889.0,1317.0,993.0,1020.4285714285714,1187.142857142857
2023-10-09,2023,10,42,903.0,1014.0,5.76,8.37,oeste,4.249809101324528,0.2447274319519028,3.8129623775166457,79.43743361382859,17.60548178233333,6.190820855702731,26.21,27.18,27.67,27.79,36.62,37.5,0.0,0.0,0.0,282,37.76173105234202,8.669257914611288,282,41,988.0,1059.0,1165.0,1311.0,1008.2857142857143,1165.5714285714287
2023-10-10,2023,10,42,899.0,924.0,5.73,8.45,oeste,4.249809101324528,0.2447274319519028,3.8129623775166457,79.43743361382859,17.60548178233333,6.070369163645924,24.2,27.54,29.31,27.56,36.6,38.98,0.0,0.0,0.0,283,37.7678177814679,16.221310712500816,283,41,998.0,1136.0,1150.0,1293.0,994.1428571428571,1133.2857142857142
2023-10-11,2023,10,42,868.0,932.0,5.73,8.82,oeste,4.249809101324528,0.2447274319519028,3.8129623775166457,79.43743361382859,17.60548178233333,6.442336682381708,24.84,26.78,28.01,27.97,34.89,40.78,0.0,0.0,0.0,284,37.77226485922906,12.777805065060274,284,41,1057.0,1141.0,1169.0,1239.0,967.1428571428571,1099.4285714285713
2023-10-12,2023,10,42,872.0,940.0,6.06,8.36,oeste,4.249809101324528,0.2447274319519028,3.8129623775166457,79.43743361382859,17.60548178233333,6.007084612482834,26.2,25.67,27.56,28.87,34.99,38.9,0.0,0.0,0.0,285,37.77510017034398,8.370062092817053,285,41,1058.0,1141.0,1223.0,1270.0,940.5714285714286,1059.0
2023-10-13,2023,10,42,893.0,1017.0,5.94,8.85,oeste,4.249809101324528,0.2447274319519028,3.8129623775166457,79.43743361382859,17.60548178233333,6.461043695230514,24.01,27.32,28.81,28.42,36.04,39.8,0.0,0.0,0.0,286,37.776353478524165,15.725130314762088,286,41,1039.0,1109.0,1247.0,1312.0,919.7142857142857,1026.142857142857
2023-10-14,2023,10,42,939.0,984.0,6.17,9.18,oeste,4.249809101324528,0.2447274319519028,3.8129623775166457,79.43743361382859,17.60548178233333,6.484425931606331,24.58,27.72,27.31,29.42,37.38,40.56,0.0,0.0,0.0,287,37.77605637896929,11.859094843809542,287,41,989.0,1128.0,1168.0,1231.0,912.5714285714286,999.8571428571429
2023-10-15,2023,10,42,885.0,969.0,6.28,9.18,oeste,4.249809101324528,0.2447274319519028,3.8129623775166457,79.43743361382859,17.60548178233333,6.003889794165295,23.97,26.76,27.18,27.71,38.29,39.75,0.0,0.0,0.0,288,37.77424224838939,12.858842540101556,288,41,1014.0,1093.0,1188.0,1317.0,894.1428571428571,968.5714285714286
2023-10-16,2023,10,43,890.0,1016.0,6.16,8.45,oeste,4.249809101324528,0.2447274319519028,3.8129623775166457,79.43743361382859,17.60548178233333,5.957755938347725,23.77,26.7,27.29,28.3,35.48,38.49,0.0,0.56,4.15,289,37.77094619263745,13.464269537689598,289,42,903.0,988.0,1014.0,1165.0,892.2857142857143,968.8571428571429
2023-10-17,2023,10,43,910.0,1011.0,5.78,9.11,oeste,4.249809101324528,0.2447274319519028,3.8129623775166457,79.43743361382859,17.60548178233333,6.2127808142762575,25.37,26.85,28.08,30.0,38.54,39.25,0.0,0.56,4.1,290,37.76620499203883,11.812493771282703,290,42,899.0,998.0,924.0,1150.0,893.8571428571429,981.2857142857143
2023-10-18,2023,10,43,923.0,989.0,5.98,8.39,oeste,4.249809101324528,0.2447274319519028,3.8129623775166457,79.43743361382859,17.60548178233333,6.338047279078426,24.39,25.6,27.25,30.14,36.94,39.22,0.0,0.55,4.15,291,37.7600570445083,12.133029659315712,291,42,868.0,1057.0,932.0,1169.0,901.7142857142857,989.4285714285714
2023-10-19,2023,10,43,940.0,953.0,6.25,8.43,oeste,4.249809101324528,0.2447274319519028,3.8129623775166457,79.43743361382859,17.60548178233333,6.312487448909436,26.12,27.62,28.89,28.55,36.51,38.84,0.0,0.6,4.15,292,37.75254230654842,11.938223037681151,292,42,872.0,1058.0,940.0,1223.0,911.4285714285714,991.2857142857143
2023-10-20,2023,10,43,888.0,959.0,5.83,8.6,oeste,4.249809101324528,0.2447274319519028,3.8129623775166457,79.43743361382859,17.60548178233333,6.196312844190444,25.1,26.2,29.36,29.14,34.88,40.83,0.0,0.59,3.89,293,37.74370223222586,14.801403491951891,293,42,893.0,1039.0,1017.0,1247.0,910.7142857142857,983.0
2023-10-21,2023,10,43,873.0,1000.0,6.08,8.66,oeste,4.249809101324528,0.2447274319519028,3.8129623775166457,79.43743361382859,17.60548178233333,6.277939423344935,25.42,27.71,29.02,28.87,35.34,39.4,0.0,0.58,3.85,294,37.73357971022576,13.602942401764588,294,42,939.0,989.0,984.0,1168.0,901.2857142857143,985.2857142857143
2023-10-22,2023,10,43,936.0,1032.0,6.06,8.91,oeste,4.249809101324528,0.2447274319519028,3.8129623775166457,79.43743361382859,17.60548178233333,6.022853464254648,23.97,25.36,29.35,28.6,35.53,40.34,0.0,0.57,3.9,295,37.722218999086536,16.624246537857704,295,42,885.0,1014.0,969.0,1188.0,908.5714285714286,994.2857142857143
2023-10-23,2023,10,44,787.0,902.0,8.6,9.13,oeste,4.249809101324528,0.2447274319519028,3.8129623775166457,79.43743361382859,17.60548178233333,6.427195090362358,22.73,27.0,26.86,41.46,49.24,55.51,0.0,0.0,0.0,296,37.70966566071922,14.560668305695152,296,43,890.0,903.0,1016.0,1014.0,893.8571428571429,978.0
2023-10-24,2023,10,44,804.0,852.0,8.99,9.16,oeste,4.249809101324528,0.2447274319519028,3.8129623775166457,79.43743361382859,17.60548178233333,6.466834609335061,22.2,27.68,27.94,40.33,47.99,53.26,0.0,0.0,0.0,297,37.69596649231899,17.159492130216226,297,43,910.0,899.0,1011.0,924.0,878.7142857142857,955.2857142857143
2023-10-25,2023,10,44,821.0,862.0,8.84,9.81,oeste,4.249809101324528,0.2447274319519028,3.8129623775166457,79.43743361382859,17.60548178233333,6.375469141210181,23.2,26.78,28.54,40.22,51.19,53.78,0.0,0.0,0.0,298,37.681169456776864,16.5443078387857,298,43,923.0,868.0,989.0,932.0,864.1428571428571,937.1428571428571
2023-10-26,2023,10,44,860.0,926.0,9.43,9.74,oeste,4.249809101324528,0.2447274319519028,3.8129623775166457,79.43743361382859,17.60548178233333,6.17520029829481,23.34,27.66,28.3,42.48,52.35,54.12,0.0,0.0,0.0,299,37.665323611702064,15.938085135496816,299,43,940.0,872.0,953.0,940.0,852.7142857142857,933.2857142857143
2023-10-27,2023,10,44,795.0,861.0,9.17,9.22,oeste,4.249809101324528,0.2447274319519028,3.8129623775166457,79.43743361382859,17.60548178233333,6.293256377064011,23.36,25.89,28.92,42.47,51.38,54.79,0.0,0.0,0.0,300,37.648479037166446,16.867022821815407,300,43,888.0,893.0,959.0,1017.0,839.4285714285714,919.2857142857143
2023-10-28,2023,10,44,813.0,885.0,8.75,9.25,oeste,4.249809101324528,0.2447274319519028,3.8129623775166457,79.43743361382859,17.60548178233333,6.440302968731198,22.1,27.41,28.25,40.64,52.24,54.18,0.0,0.0,0.0,301,37.63068676228361,17.731002993780095,301,43,873.0,939.0,1000.0,984.0,830.8571428571429,902.8571428571429
2023-10-29,2023,10,44,800.0,908.0,9.07,9.56,oeste,4.249809101324528,0.2447274319519028,3.8129623775166457,79.43743361382859,17.60548178233333,5.984716321380522,24.11,26.11,27.98,40.92,51.47,51.93,0.0,0.0,0.0,302,37.611998690736144,14.058387043865888,302,43,936.0,885.0,1032.0,969.0,811.4285714285714,885.1428571428571
2023-10-30,2023,10,45,812.0,899.0,9.43,9.95,oeste,4.249809101324528,0.2447274319519028,3.8129623775166457,79.43743361382859,17.60548178233333,5.947256468576743,23.15,27.22,27.88,42.92,50.89,52.36,0.0,0.0,0.0,303,37.59246752536474,15.534060939805164,303,44,787.0,890.0,902.0,1016.0,815.0,884.7142857142857
2023-10-31,2023,10,45,806.0,883.0,9.12,9.64,oeste,4.249809101324528,0.2447274319519028,3.8129623775166457,79.43743361382859,17.60548178233333,6.508526773777422,22.32,28.15,28.88,43.12,48.68,52.33,0.0,0.0,0.0,304,37.57214669193354,18.28401335829816,304,44,804.0,910.0,852.0,1011.0,815.2857142857143,889.1428571428571
2023-11-01,2023,11,45,815.0,917.0,8.79,9.5,oeste,4.249809101324528,0.2447274319519028,3.8129623775166457,79.43743361382859,17.60548178233333,6.472948305087684,23.77,27.53,29.03,40.57,51.29,50.75,0.0,0.0,0.0,305,37.55109026218615,16.363229588246803,305,44,821.0,923.0,862.0,989.0,814.4285714285714,897.0
2023-11-02,2023,11,45,750.0,870.0,9.13,9.84,oeste,4.249809101324528,0.2447274319519028,3.8129623775166457,79.43743361382859,17.60548178233333,5.89217695568154,23.8,25.55,28.35,42.5,51.97,54.81,0.0,0.0,0.0,306,37.529352876306135,15.21004066473892,306,44,860.0,940.0,926.0,953.0,798.7142857142857,889.0
2023-11-03,2023,11,45,816.0,898.0,9.04,9.44,oeste,4.249809101324528,0.2447274319519028,3.8129623775166457,79.43743361382859,17.60548178233333,5.922169261382003,23.44,27.91,28.93,40.65,50.99,52.37,0.0,0.0,0.0,307,37.506989664896246,16.697520370845936,307,44,795.0,888.0,861.0,959.0,801.7142857142857,894.2857142857143
2023-11-04,2023,11,45,814.0,920.0,8.67,9.36,oeste,4.249809101324528,0.2447274319519028,3.8129623775166457,79.43743361382859,17.60548178233333,5.995022504650229,22.51,26.81,27.43,40.11,48.31,53.3,0.0,0.0,0.0,308,37.48405617058897,15.797295147992289,308,44,813.0,873.0,885.0,1000.0,801.8571428571429,899.2857142857143
2023-11-05,2023,11,45,792.0,921.0,9.22,9.15,oeste,4.249809101324528,0.2447274319519028,3.8129623775166457,79.43743361382859,17.60548178233333,6.168964137873373,22.74,28.04,28.51,43.52,48.69,54.24,0.0,0.0,0.0,309,37.46060826940131,17.09685909803536,309,44,800.0,936.0,908.0,1032.0,800.7142857142857,901.1428571428571
2023-11-06,2023,11,46,903.0,1055.0,8.99,9.27,oeste,4.249809101324528,0.2447274319519028,3.8129623775166457,79.43743361382859,17.60548178233333,6.349434582791788,21.96,27.88,28.51,42.99,51.74,51.4,0.0,0.0,0.0,310,37.43670209194459,18.20420990108772,310,45,812.0,787.0,899.0,902.0,813.7142857142857,923.4285714285714
2023-11-07,2023,11,46,839.0,986.0,8.75,9.72,oeste,4.249809101324528,0.2447274319519028,3.8129623775166457,79.43743361382859,17.60548178233333,6.420060045007223,22.78,27.54,28.56,43.29,50.27,53.49,0.0,0.0,0.0,311,37.41239394460002,17.08964411828738,311,45,806.0,804.0,883.0,852.0,818.4285714285714,938.1428571428571
2023-11-08,2023,11,46,893.0,1015.0,9.19,9.16,oeste,4.249809101324528,0.2447274319519028,3.8129623775166457,79.43743361382859,17.60548178233333,6.409169461871809,22.31,27.65,28.01,39.95,47.11,51.53,0.0,0.0,0.0,312,37.38774023076799,16.959781210633533,312,45,815.0,821.0,917.0,862.0,829.5714285714286,952.1428571428571
2023-11-09,2023,11,46,908.0,996.0,9.03,9.27,oeste,4.249809101324528,0.2447274319519028,3.8129623775166457,79.43743361382859,17.60548178233333,6.4377974294456575,22.95,26.42,28.88,41.48,51.32,53.95,0.0,0.0,0.0,313,37.36279737229912,17.287027874139365,313,45,750.0,860.0,870.0,926.0,852.1428571428571,970.1428571428571
2023-11-10,2023,11,46,877.0,1018.0,9.03,9.12,oeste,4.249809101324528,0.2447274319519028,3.8129623775166457,79.43743361382859,17.60548178233333,6.479149491009977,22.58,27.44,26.9,42.83,47.28,50.8,0.0,0.0,0.0,314,37.337621731211776,14.744909994872232,314,45,816.0,795.0,898.0,861.0,860.8571428571429,987.2857142857143
2023-11-11,2023,11,46,889.0,1017.0,9.05,9.19,oeste,4.249809101324528,0.2447274319519028,3.8129623775166457,79.43743361382859,17.60548178233333,6.47469806918358,24.12,27.9,29.0,41.25,51.29,55.16,0.0,0.0,0.0,315,37.31226953180009,15.660844519274493,315,45,814.0,813.0,920.0,885.0,871.5714285714286,1001.1428571428571
2023-11-12,2023,11,46,883.0,1065.0,8.64,9.41,oeste,4.249809101324528,0.2447274319519028,3.8129623775166457,79.43743361382859,17.60548178233333,6.099709753525072,22.29,26.75,26.76,42.15,48.59,51.43,0.0,0.0,0.0,316,37.28679678323379,14.978297016840402,316,45,792.0,800.0,921.0,908.0,884.5714285714286,1021.7142857142857
2023-11-13,2023,11,47,735.0,964.0,9.42,9.04,oeste,4.249809101324528,0.2447274319519028,3.8129623775166457,79.43743361382859,17.60548178233333,6.079992319580416,24.01,28.01,28.03,43.59,51.5,55.58,0.0,0.29,2.02,317,37.26125920274963,14.19463255581705,317,46,903.0,812.0,1055.0,899.0,860.5714285714286,1008.7142857142857
2023-11-14,2023,11,47,748.0,932.0,9.3,9.3,oeste,4.249809101324528,0.2447274319519028,3.8129623775166457,79.43743361382859,17.60548178233333,6.008971249603726,22.79,27.39,28.9,41.62,51.84,50.85,0.0,0.28,1.97,318,37.23571213953113,17.48774735018753,318,46,839.0,806.0,986.0,883.0,847.5714285714286,1001.0
2023-11-15,2023,11,47,746.0,954.0,9.42,9.37,oeste,4.249809101324528,0.2447274319519028,3.8129623775166457,79.43743361382859,17.60548178233333,6.327422772480006,22.03,28.05,26.76,43.47,51.08,51.2,0.0,0.28,1.94,319,37.21021049937182,15.376103659335715,319,46,893.0,815.0,1015.0,917.0,826.5714285714286,992.2857142857143
2023-11-16,2023,11,47,779.0,933.0,8.9,9.05,oeste,4.249809101324528,0.2447274319519028,3.8129623775166457,79.43743361382859,17.60548178233333,6.257422667565503,23.06,27.49,28.32,42.01,51.55,51.78,0.0,0.29,2.02,320,37.184808670214245,16.203619048538442,320,46,908.0,750.0,996.0,870.0,808.1428571428571,983.2857142857143
2023-11-17,2023,11,47,785.0,945.0,9.03,9.48,oeste,4.249809101324528,0.2447274319519028,3.8129623775166457,79.43743361382859,17.60548178233333,6.309050002850174,22.14,27.9,28.16,41.75,47.92,52.33,0.0,0.29,2.0,321,37.15956044865456,17.32297245302654,321,46,877.0,816.0,1018.0,898.0,795.0,972.8571428571429
2023-11-18,2023,11,47,780.0,917.0,9.36,9.06,oeste,4.249809101324528,0.2447274319519028,3.8129623775166457,79.43743361382859,17.60548178233333,6.452753492430539,23.47,26.47,27.88,41.91,48.37,55.41,0.0,0.28,1.92,322,37.1345189675,14.8166730680325,322,46,889.0,814.0,1017.0,920.0,779.4285714285714,958.5714285714286
2023-11-19,2023,11,47,791.0,967.0,8.99,9.3,oeste,4.249809101324528,0.2447274319519028,3.8129623775166457,79.43743361382859,17.60548178233333,6.312497440266249,22.04,27.55,29.14,43.8,48.53,52.74,0.0,0.3,1.97,323,37.10973662446371,18.787571543164187,323,46,883.0,792.0,1065.0,921.0,766.2857142857143,944.5714285714286
2023-11-20,2023,11,48,946.0,1080.0,9.31,9.95,oeste,4.249809101324528,0.2447274319519028,3.8129623775166457,79.43743361382859,17.60548178233333,6.208166634688339,23.45,27.6,27.02,40.56,50.27,60.44,0.0,0.0,0.0,324,37.08526501207903,13.313403534585593,324,47,735.0,903.0,964.0,1055.0,796.4285714285714,961.1428571428571
2023-11-21,2023,11,48,920.0,1061.0,9.0,9.31,oeste,4.249809101324528,0.2447274319519028,3.8129623775166457,79.43743361382859,17.60548178233333,6.3893195789748285,23.06,25.72,29.17,42.53,49.66,55.79,0.0,0.0,0.0,325,37.06115484891205,17.405766541413392,325,47,748.0,839.0,932.0,986.0,821.0,979.5714285714286
2023-11-22,2023,11,48,911.0,1104.0,8.84,9.2,oeste,4.249809101324528,0.2447274319519028,3.8129623775166457,79.43743361382859,17.60548178233333,6.182099191422569,23.04,25.46,27.93,42.38,50.47,57.42,0.0,0.0,0.0,326,37.037455912149134,15.561418338619006,326,47,746.0,893.0,954.0,1015.0,844.5714285714286,1001.0
2023-11-23,2023,11,48,929.0,1122.0,8.78,9.55,oeste,4.249809101324528,0.2447274319519028,3.8129623775166457,79.43743361382859,17.60548178233333,6.338917484278888,22.56,26.51,26.87,40.22,51.82,57.99,0.0,0.0,0.0,327,37.0142169716326,14.600267150914448,327,47,779.0,908.0,933.0,996.0,866.0,1028.0
2023-11-24,2023,11,48,883.0,1157.0,8.62,9.5,oeste,4.249809101324528,0.2447274319519028,3.8129623775166457,79.43743361382859,17.60548178233333,6.506604217573162,22.88,25.92,29.09,40.88,51.53,58.14,0.0,0.0,0.0,328,36.99148572541555,17.51463840893722,328,47,785.0,877.0,945.0,1018.0,880.0,1058.2857142857142
2023-11-25,2023,11,48,917.0,1131.0,8.8,9.96,oeste,4.249809101324528,0.2447274319519028,3.8129623775166457,79.43743361382859,17.60548178233333,6.396239461460102,22.87,26.2,29.05,42.47,49.21,55.28,0.0,0.0,0.0,329,36.96930873690382,17.461806388553214,329,47,780.0,889.0,917.0,1017.0,899.5714285714286,1088.857142857143
2023-11-26,2023,11,48,956.0,1091.0,9.26,9.51,oeste,4.249809101324528,0.2447274319519028,3.8129623775166457,79.43743361382859,17.60548178233333,6.198522443004309,21.99,27.4,28.64,42.37,51.14,55.46,0.0,0.0,0.0,330,36.94773137364985,18.103068763161165,330,47,791.0,883.0,967.0,1065.0,923.1428571428571,1106.5714285714287
2023-11-27,2023,11,49,867.0,1057.0,11.13,9.78,oeste,4.249809101324528,0.2447274319519028,3.8129623775166457,79.43743361382859,17.60548178233333,6.4113712731940495,27.74,27.55,30.0,46.43,59.65,64.92,0.0,5.01,32.51,331,36.926797747861336,10.547498402108824,331,48,946.0,735.0,1080.0,964.0,911.8571428571429,1103.2857142857142
2023-11-28,2023,11,49,899.0,1125.0,10.5,9.37,oeste,4.249809101324528,0.2447274319519028,3.8129623775166457,79.43743361382859,17.60548178233333,6.148164230910192,27.56,29.2,28.42,45.95,59.02,62.36,0.0,4.97,32.78,332,36.90655065868384,6.502888145073084,332,48,920.0,748.0,1061.0,932.0,908.8571428571429,1112.4285714285713
2023-11-29,2023,11,49,885.0,1107.0,10.93,9.95,oeste,4.249809101324528,0.2447274319519028,3.8129623775166457,79.43743361382859,17.60548178233333,6.429167393000794,26.77,27.94,30.25,47.25,60.28,61.9,0.0,5.07,33.69,333,36.88703153631436,13.074254360732914,333,48,911.0,746.0,1104.0,954.0,905.1428571428571,1112.857142857143
2023-11-30,2023,11,49,941.0,1072.0,11.51,10.07,oeste,4.249809101324528,0.2447274319519028,3.8129623775166457,79.43743361382859,17.60548178233333,6.447467496511281,26.31,28.61,28.18,47.27,59.4,63.36,0.0,4.69,34.2,334,36.86828038800015,9.579156881351548,334,48,929.0,779.0,1122.0,933.0,906.8571428571429,1105.7142857142858
2023-12-01,2023,12,49,881.0,1034.0,10.51,9.9,oeste,4.249809101324528,0.2447274319519028,3.8129623775166457,79.43743361382859,17.60548178233333,6.24869213589092,25.9,28.91,30.2,45.37,61.01,64.06,0.0,4.85,35.12,335,36.85033574597404,14.51875169488971,335,48,883.0,785.0,1157.0,945.0,906.5714285714286,1088.142857142857
2023-12-02,2023,12,49,907.0,1027.0,10.99,9.69,oeste,4.249809101324528,0.2447274319519028,3.8129623775166457,79.43743361382859,17.60548178233333,6.419796215133491,27.58,28.16,29.02,47.19,57.86,60.38,0.0,4.85,35.12,336,36.833234617375474,8.397977492761612,336,48,917.0,780.0,1131.0,917.0,905.1428571428571,1073.2857142857142
2023-12-03,2023,12,49,929.0,1114.0,10.51,10.18,oeste,4.249809101324528,0.2447274319519028,3.8129623775166457,79.43743361382859,17.60548178233333,6.217929331534573,26.35,27.29,28.7,44.49,57.81,61.39,0.0,5.06,34.49,337,36.817012436203264,10.72348815241856,337,48,956.0,791.0,1091.0,967.0,901.2857142857143,1076.5714285714287
2023-12-04,2023,12,50,1189.0,1355.0,10.74,9.54,oeste,4.249809101324528,0.2447274319519028,3.8129623775166457,79.43743361382859,17.60548178233333,6.441993066721047,26.66,29.31,28.05,47.42,56.93,63.06,0.0,2.25,15.67,338,36.8017030173441,8.243827912177121,338,49,867.0,946.0,1057.0,1080.0,947.2857142857143,1119.142857142857
2023-12-05,2023,12,50,1196.0,1455.0,10.56,9.81,oeste,4.249809101324528,0.2447274319519028,3.8129623775166457,79.43743361382859,17.60548178233333,6.452713749220309,27.36,28.03,29.33,44.79,57.1,61.52,0.0,2.22,16.26,339,36.78733851271808,9.810363121845104,339,49,899.0,920.0,1125.0,1061.0,989.7142857142857,1166.2857142857142
2023-12-06,2023,12,50,1207.0,1394.0,11.39,9.87,oeste,4.249809101324528,0.2447274319519028,3.8129623775166457,79.43743361382859,17.60548178233333,6.017311255232488,26.22,27.36,28.39,46.73,59.27,62.0,0.0,2.29,15.27,340,36.77394936958032,10.29256792273665,340,49,885.0,911.0,1107.0,1104.0,1035.7142857142858,1207.2857142857142
2023-12-07,2023,12,50,1199.0,1401.0,10.62,9.56,oeste,4.249809101324528,0.2447274319519028,3.8129623775166457,79.43743361382859,17.60548178233333,6.224661326320343,26.77,27.28,29.38,47.88,59.34,64.28,0.0,2.32,16.19,341,36.761564291015,11.284123689685629,341,49,941.0,929.0,1072.0,1122.0,1072.5714285714287,1254.2857142857142
2023-12-08,2023,12,50,1201.0,1467.0,10.75,9.44,oeste,4.249809101324528,0.2447274319519028,3.8129623775166457,79.43743361382859,17.60548178233333,6.481555717220433,28.26,29.54,27.67,46.34,59.7,62.51,0.0,2.21,15.51,342,36.7502101986565,0.0,342,49,881.0,883.0,1034.0,1157.0,1118.2857142857142,1316.142857142857
2023-12-09,2023,12,50,1182.0,1352.0,11.52,9.49,oeste,4.249809101324528,0.2447274319519028,3.8129623775166457,79.43743361382859,17.60548178233333,6.509888882705898,28.18,27.96,28.21,44.06,59.05,63.53,0.0,2.27,16.44,343,36.73991219766951,1.2090724972477025,343,49,907.0,917.0,1027.0,1131.0,1157.5714285714287,1362.5714285714287
2023-12-10,2023,12,50,1202.0,1482.0,11.18,9.25,oeste,4.249809101324528,0.2447274319519028,3.8129623775166457,79.43743361382859,17.60548178233333,6.143403909690458,25.84,27.53,29.78,45.98,57.18,59.16,0.0,2.32,15.51,344,36.730693544018,13.85258553874954,344,49,929.0,956.0,1114.0,1091.0,1196.5714285714287,1415.142857142857
2023-12-11,2023,12,51,1179.0,1284.0,10.78,9.91,oeste,4.249809101324528,0.2447274319519028,3.8129623775166457,79.43743361382859,17.60548178233333,6.425249021796139,27.9,28.59,28.97,47.15,57.14,59.38,0.0,0.0,0.0,345,36.722575614051024,7.217364241167197,345,50,1189.0,867.0,1355.0,1057.0,1195.142857142857,1405.0
2023-12-12,2023,12,51,1074.0,1327.0,11.27,10.06,oeste,4.249809101324528,0.2447274319519028,3.8129623775166457,79.43743361382859,17.60548178233333,6.321030845474996,25.98,28.32,29.15,45.85,58.1,59.06,0.0,0.0,0.0,346,36.71557787643095,12.420343304922207,346,50,1196.0,899.0,1455.0,1125.0,1177.7142857142858,1386.7142857142858
2023-12-13,2023,12,51,1136.0,1253.0,10.93,9.8,oeste,4.249809101324528,0.2447274319519028,3.8129623775166457,79.43743361382859,17.60548178233333,6.031215536374993,26.97,29.1,29.17,47.36,55.5,60.77,0.0,0.0,0.0,347,36.70971786642788,10.345369055903028,347,50,1207.0,885.0,1394.0,1107.0,1167.5714285714287,1366.5714285714287
2023-12-14,2023,12,51,1148.0,1260.0,11.33,9.87,oeste,4.249809101324528,0.2447274319519028,3.8129623775166457,79.43743361382859,17.60548178233333,6.225446381410396,26.48,29.52,28.93,47.64,58.48,61.92,0.0,0.0,0.0,348,36.70501116260207,10.915961709904083,348,50,1199.0,941.0,1401.0,1072.0,1160.2857142857142,1346.4285714285713
2023-12-15,2023,12,51,1161.0,1253.0,11.13,9.98,oeste,4.249809101324528,0.2447274319519028,3.8129623775166457,79.43743361382859,17.60548178233333,6.407356402546967,27.1,27.78,30.07,46.91,55.85,61.39,0.0,0.0,0.0,349,36.70147136589411,12.017532384445516,349,50,1201.0,881.0,1467.0,1034.0,1154.5714285714287,1315.857142857143
2023-12-16,2023,12,51,1162.0,1319.0,11.49,9.37,oeste,4.249809101324528,0.2447274319519028,3.8129623775166457,79.43743361382859,17.60548178233333,6.412285309483352,25.68,29.23,28.17,43.82,59.12,59.28,0.0,0.0,0.0,350,36.699110081140894,11.002941594306945,350,50,1182.0,907.0,1352.0,1027.0,1151.7142857142858,1311.142857142857
2023-12-17,2023,12,51,1140.0,1280.0,11.16,9.87,oeste,4.249809101324528,0.2447274319519028,3.8129623775166457,79.43743361382859,17.60548178233333,6.2694067693587225,27.41,27.34,27.64,44.17,60.08,61.72,0.0,0.0,0.0,351,36.697936901033465,3.3439453299798334,351,50,1202.0,929.0,1482.0,1114.0,1142.857142857143,1282.2857142857142
2023-12-18,2023,12,52,1088.0,1294.0,10.48,9.6,oeste,4.249809101324528,0.2447274319519028,3.8129623775166457,79.43743361382859,17.60548178233333,5.974980255529806,28.22,27.51,30.06,43.85,57.05,61.3,0.0,12.69,88.48,352,36.69795939253109,9.45811147168413,352,51,1179.0,1189.0,1284.0,1355.0,1129.857142857143,1283.7142857142858
2023-12-19,2023,12,52,1095.0,1253.0,11.33,9.42,oeste,4.249809101324528,0.2447274319519028,3.8129623775166457,79.43743361382859,17.60548178233333,6.190771388134068,27.91,28.19,30.33,45.75,57.53,59.73,0.0,12.34,87.78,353,36.699183085744046,10.847200831605353,353,51,1074.0,1196.0,1327.0,1455.0,1132.857142857143,1273.142857142857
2023-12-20,2023,12,52,1077.0,1253.0,10.87,9.53,oeste,4.249809101324528,0.2447274319519028,3.8129623775166457,79.43743361382859,17.60548178233333,6.4265923900690325,26.14,27.77,29.79,46.03,59.37,61.98,0.0,11.83,87.96,354,36.70161146529589,13.322482747632437,354,51,1136.0,1207.0,1253.0,1394.0,1124.4285714285713,1273.142857142857
2023-12-21,2023,12,52,1129.0,1338.0,11.06,9.74,oeste,4.249809101324528,0.2447274319519028,3.8129623775166457,79.43743361382859,17.60548178233333,6.319763026781126,26.45,27.22,29.41,46.57,58.89,61.37,0.0,11.87,85.27,355,36.70524596417429,11.998517662043977,355,51,1148.0,1199.0,1260.0,1401.0,1121.7142857142858,1284.2857142857142
2023-12-22,2023,12,52,1137.0,1251.0,11.51,9.75,oeste,4.249809101324528,0.2447274319519028,3.8129623775166457,79.43743361382859,17.60548178233333,6.4063539362236925,27.74,27.27,28.44,47.47,58.37,60.79,0.0,12.89,88.94,356,36.71008596007762,5.835633683751092,356,51,1161.0,1201.0,1253.0,1467.0,1118.2857142857142,1284.0
2023-12-23,2023,12,52,1158.0,1278.0,10.99,10.01,oeste,4.249809101324528,0.2447274319519028,3.8129623775166457,79.43743361382859,17.60548178233333,6.391431057309248,26.23,29.29,30.38,46.03,58.32,59.41,0.0,12.04,85.39,357,36.71612877426296,14.211323763622016,357,51,1162.0,1182.0,1319.0,1352.0,1117.7142857142858,1278.142857142857
2023-12-24,2023,12,52,1106.0,1237.0,10.91,9.63,oeste,4.249809101324528,0.2447274319519028,3.8129623775166457,79.43743361382859,17.60548178233333,6.411422098550828,27.92,28.88,27.58,46.42,60.28,60.78,0.0,12.31,87.28,358,36.72336967289923,0.0,358,51,1140.0,1202.0,1280.0,1482.0,1112.857142857143,1272.0
2023-12-25,2023,12,1,1112.0,1332.0,26.39,8.8,oeste,4.3183616234087285,0.21483442278684,3.793473952499754,82.12908622180562,15.51422350800142,6.632220961968734,28.17,28.03,28.3,71.42,80.77,83.49,0.0,26.07,73.39,359,36.73180187092755,2.5163295066304445,359,52,1088.0,1179.0,1294.0,1284.0,1116.2857142857142,1277.4285714285713
2023-12-26,2023,12,1,1213.0,1372.0,25.19,9.6,oeste,4.3183616234087285,0.21483442278684,3.793473952499754,82.12908622180562,15.51422350800142,6.29722138208947,26.51,27.7,29.28,67.88,77.69,77.96,0.0,26.46,67.79,360,36.74141653842925,11.61848179109338,360,52,1095.0,1074.0,1253.0,1327.0,1133.142857142857,1294.4285714285713
2023-12-27,2023,12,1,1204.0,1282.0,26.02,8.95,oeste,4.3183616234087285,0.21483442278684,3.793473952499754,82.12908622180562,15.51422350800142,6.193738703147945,25.84,28.68,30.06,66.68,77.46,83.09,0.0,26.74,70.93,361,36.75220280949984,14.34475717026866,361,52,1077.0,1136.0,1253.0,1253.0,1151.2857142857142,1298.5714285714287
2023-12-28,2023,12,1,1129.0,1346.0,26.93,9.39,oeste,4.3183616234087285,0.21483442278684,3.793473952499754,82.12908622180562,15.51422350800142,6.33898172363695,26.12,27.67,29.01,70.86,74.48,80.67,0.0,25.14,67.14,362,36.76414779362595,11.874819737341184,362,52,1129.0,1148.0,1338.0,1260.0,1151.2857142857142,1299.7142857142858
2023-12-29,2023,12,1,1135.0,1341.0,25.12,9.56,oeste,4.3183616234087285,0.21483442278684,3.793473952499754,82.12908622180562,15.51422350800142,6.42360564474541,27.49,28.12,29.04,67.5,75.11,84.24,0.0,26.72,72.44,363,36.77723658955991,8.699585157598472,363,52,1137.0,1161.0,1251.0,1253.0,1151.0,1312.5714285714287
2023-12-30,2023,12,1,1113.0,1342.0,26.66,9.64,oeste,4.3183616234087285,0.21483442278684,3.793473952499754,82.12908622180562,15.51422350800142,6.365145529438779,28.18,29.11,28.43,72.75,79.64,84.91,0.0,26.96,70.63,364,36.79145230168498,3.4951879686600726,364,52,1158.0,1162.0,1278.0,1319.0,1144.5714285714287,1321.7142857142858
2023-12-31,2023,12,1,1177.0,1249.0,25.98,9.46,oeste,4.3183616234087285,0.21483442278684,3.793473952499754,82.12908622180562,15.51422350800142,6.582077735316138,27.87,28.05,28.83,71.95,79.94,83.66,0.0,26.21,67.81,365,36.80677605886264,6.851994352003703,365,52,1106.0,1140.0,1237.0,1280.0,1154.7142857142858,1323.4285714285713
2024-01-01,2024,1,2,841.0,1018.0,26.02,9.49,oeste,4.3183616234087285,0.21483442278684,3.793473952499754,82.12908622180562,15.51422350800142,6.72168241091525,27.2,28.87,27.88,67.53,73.84,82.55,0.0,38.24,82.15,1,36.82318703575061,5.769383805570436,1,1,1112.0,1088.0,1332.0,1294.0,1116.0,1278.5714285714287
2024-01-02,2024,1,2,882.0,1012.0,24.75,8.93,oeste,4.3183616234087285,0.21483442278684,3.793473952499754,82.12908622180562,15.51422350800142,6.562330734248577,27.69,27.19,27.82,69.21,78.18,79.32,0.0,36.82,83.92,2,36.8406624765791,2.523787054045984,2,1,1213.0,1095.0,1372.0,1253.0,1068.7142857142858,1227.142857142857
2024-01-03,2024,1,2,848.0,1012.0,25.61,9.08,oeste,4.3183616234087285,0.21483442278684,3.793473952499754,82.12908622180562,15.51422350800142,6.493224926355457,25.85,29.22,28.64,67.92,76.35,84.38,0.0,36.73,80.85,3,36.85917772137,11.69772332113494,3,1,1204.0,1077.0,1282.0,1253.0,1017.8571428571429,1188.5714285714287
2024-01-04,2024,1,2,839.0,951.0,26.7,9.65,oeste,4.3183616234087285,0.21483442278684,3.793473952499754,82.12908622180562,15.51422350800142,6.62134147699858,27.5,28.85,28.35,70.8,77.45,81.46,0.0,37.84,79.48,4,36.87870623458231,6.460092561486349,4,1,1129.0,1129.0,1346.0,1338.0,976.4285714285714,1132.142857142857
2024-01-05,2024,1,2,805.0,1010.0,26.34,8.78,oeste,4.3183616234087285,0.21483442278684,3.793473952499754,82.12908622180562,15.51422350800142,6.346822162084499,26.79,28.05,28.98,71.8,78.5,77.9,0.0,38.91,77.55,5,36.899219636164034,10.375113106036377,5,1,1135.0,1137.0,1341.0,1251.0,929.2857142857143,1084.857142857143
2024-01-06,2024,1,2,878.0,956.0,27.14,9.04,oeste,4.3183616234087285,0.21483442278684,3.793473952499754,82.12908622180562,15.51422350800142,6.633502463470699,25.81,28.59,28.64,67.8,75.12,78.05,0.0,37.59,82.37,6,36.9206877349893,11.800939962939758,6,1,1113.0,1158.0,1342.0,1278.0,895.7142857142857,1029.7142857142858
2024-01-07,2024,1,2,875.0,1001.0,25.57,9.53,oeste,4.3183616234087285,0.21483442278684,3.793473952499754,82.12908622180562,15.51422350800142,6.285865943510248,27.32,27.29,28.31,69.63,74.38,78.71,0.0,38.16,84.37,7,36.94307856465669,6.984000821376485,7,1,1177.0,1106.0,1249.0,1237.0,852.5714285714286,994.2857142857143
2024-01-08,2024,1,3,1158.0,1309.0,25.9,9.2,oeste,4.3183616234087285,0.21483442278684,3.793473952499754,82.12908622180562,15.51422350800142,6.613936687788577,27.09,28.18,27.75,68.86,78.89,77.6,0.0,65.2,123.09,8,36.96635842162235,5.706006194439163,8,2,841.0,1112.0,1018.0,1332.0,897.8571428571429,1035.857142857143
2024-01-09,2024,1,3,1100.0,1401.0,25.3,9.66,oeste,4.3183616234087285,0.21483442278684,3.793473952499754,82.12908622180562,15.51422350800142,6.314500080847671,25.87,27.5,27.75,69.04,75.87,81.63,0.0,65.93,114.19,9,36.99049190563928,9.63657336815175,9,2,882.0,1213.0,1012.0,1372.0,929.0,1091.4285714285713
2024-01-10,2024,1,3,1156.0,1393.0,25.46,8.78,oeste,4.3183616234087285,0.21483442278684,3.793473952499754,82.12908622180562,15.51422350800142,6.408416787693641,27.52,28.14,28.87,68.05,79.58,84.92,0.0,61.39,123.5,10,37.015441962471165,8.171530845570011,10,2,848.0,1204.0,1012.0,1282.0,973.0,1145.857142857143
2024-01-11,2024,1,3,1194.0,1406.0,26.27,9.65,oeste,4.3183616234087285,0.21483442278684,3.793473952499754,82.12908622180562,15.51422350800142,6.384377794180918,26.85,28.55,30.01,73.33,77.77,84.28,0.0,62.8,116.68,11,37.041169928847104,12.510706551351843,11,2,839.0,1129.0,951.0,1346.0,1023.7142857142857,1210.857142857143
2024-01-12,2024,1,3,1196.0,1316.0,25.66,8.79,oeste,4.3183616234087285,0.21483442278684,3.793473952499754,82.12908622180562,15.51422350800142,6.409692100329528,26.18,27.72,29.34,67.4,77.71,83.86,0.0,61.91,114.09,12,37.06763557962014,12.519645361631,12,2,805.0,1135.0,1010.0,1341.0,1079.5714285714287,1254.5714285714287
2024-01-13,2024,1,3,1112.0,1308.0,26.59,9.03,oeste,4.3183616234087285,0.21483442278684,3.793473952499754,82.12908622180562,15.51422350800142,6.720820045818517,27.71,27.35,28.48,67.14,77.75,84.19,0.0,63.75,117.57,13,37.094797177090456,6.184604959543548,13,2,878.0,1113.0,956.0,1342.0,1113.0,1304.857142857143
2024-01-14,2024,1,3,1132.0,1405.0,25.37,9.17,oeste,4.3183616234087285,0.21483442278684,3.793473952499754,82.12908622180562,15.51422350800142,6.74476513922429,27.89,29.74,30.35,70.86,78.61,79.8,0.0,65.27,122.08,14,37.12261152245078,11.06266280551084,14,2,875.0,1177.0,1001.0,1249.0,1149.7142857142858,1362.5714285714287
2024-01-15,2024,1,4,1085.0,1290.0,26.06,9.46,oeste,4.3183616234087285,0.21483442278684,3.793473952499754,82.12908622180562,15.51422350800142,6.354785165548371,25.89,29.66,29.7,69.01,77.65,78.07,0.0,62.93,407.34,15,37.15103400930886,13.778025829815371,15,3,1158.0,841.0,1309.0,1018.0,1139.2857142857142,1359.857142857143
2024-01-16,2024,1,4,1079.0,1315.0,26.03,8.97,oeste,4.3183616234087285,0.21483442278684,3.793473952499754,82.12908622180562,15.51422350800142,6.19697457134585,27.77,28.92,29.14,68.33,73.83,77.12,0.0,62.46,411.37,16,37.18001867923871,8.26843826499335,16,3,1100.0,882.0,1401.0,1012.0,1136.2857142857142,1347.5714285714287
2024-01-17,2024,1,4,1128.0,1362.0,25.44,8.93,oeste,4.3183616234087285,0.21483442278684,3.793473952499754,82.12908622180562,15.51422350800142,6.240196421451447,27.44,28.12,27.58,72.86,76.97,80.46,0.0,65.26,377.67,17,37.20951827930973,2.645280109633478,17,3,1156.0,848.0,1393.0,1012.0,1132.2857142857142,1343.142857142857
2024-01-18,2024,1,4,1100.0,1362.0,27.17,9.13,oeste,4.3183616234087285,0.21483442278684,3.793473952499754,82.12908622180562,15.51422350800142,6.427952235974001,26.8,27.26,29.71,68.75,80.53,85.02,0.0,66.85,387.56,18,37.23948432153915,12.069902276112517,18,3,1194.0,839.0,1406.0,951.0,1118.857142857143,1336.857142857143
2024-01-19,2024,1,4,1121.0,1334.0,24.7,9.59,oeste,4.3183616234087285,0.21483442278684,3.793473952499754,82.12908622180562,15.51422350800142,6.823416600563045,28.3,29.28,28.6,68.64,74.39,79.89,0.0,66.23,388.0,19,37.26986714421054,3.878573920519908,19,3,1196.0,805.0,1316.0,1010.0,1108.142857142857,1339.4285714285713
2024-01-20,2024,1,4,1134.0,1285.0,26.2,9.29,oeste,4.3183616234087285,0.21483442278684,3.793473952499754,82.12908622180562,15.51422350800142,6.79021980173365,26.53,27.47,29.99,72.01,75.06,84.69,0.0,64.31,405.35,20,37.30061597499794,13.182799719133452,20,3,1112.0,878.0,1308.0,956.0,1111.2857142857142,1336.142857142857
2024-01-21,2024,1,4,1108.0,1323.0,25.02,9.37,oeste,4.3183616234087285,0.21483442278684,3.793473952499754,82.12908622180562,15.51422350800142,6.481450316527731,26.55,27.13,30.13,72.41,79.22,80.53,0.0,62.18,377.02,21,37.33167899583191,13.420621774741033,21,3,1132.0,875.0,1405.0,1001.0,1107.857142857143,1324.4285714285713
2024-01-22,2024,1,5,1054.0,1308.0,53.74,9.32,oeste,4.3183616234087285,0.21483442278684,3.793473952499754,82.12908622180562,15.51422350800142,6.499263562883839,26.74,27.98,29.28,73.34,88.21,87.49,0.0,59.98,217.43,22,37.36300340944033,11.313897472397366,22,4,1085.0,1158.0,1290.0,1309.0,1103.4285714285713,1327.0
2024-01-23,2024,1,5,1108.0,1282.0,53.88,8.97,oeste,4.3183616234087285,0.21483442278684,3.793473952499754,82.12908622180562,15.51422350800142,6.507499985621851,27.26,29.04,30.27,71.28,89.49,95.45,0.0,59.26,203.2,23,37.39453550749423,12.326647925069588,23,4,1079.0,1100.0,1315.0,1401.0,1107.5714285714287,1322.2857142857142
2024-01-24,2024,1,5,1113.0,1293.0,53.86,8.97,oeste,4.3183616234087285,0.21483442278684,3.793473952499754,82.12908622180562,15.51422350800142,6.508627102476631,27.98,29.17,30.18,69.51,86.69,93.65,0.0,64.33,216.96,24,37.4262207402849,10.547290702008748,24,4,1128.0,1156.0,1362.0,1393.0,1105.4285714285713,1312.4285714285713
2024-01-25,2024,1,5,1058.0,1374.0,53.98,9.19,oeste,4.3183616234087285,0.21483442278684,3.793473952499754,82.12908622180562,15.51422350800142,6.18737718615832,26.22,26.73,28.18,69.32,87.05,93.15,0.0,62.74,207.84,25,37.45800378785598,9.963829007569691,25,4,1100.0,1194.0,1362.0,1406.0,1099.4285714285713,1314.142857142857
2024-01-26,2024,1,5,1113.0,1322.0,55.02,9.39,oeste,4.3183616234087285,0.21483442278684,3.793473952499754,82.12908622180562,15.51422350800142,6.766433662365609,27.99,28.02,28.14,71.62,83.09,93.83,0.0,59.33,213.87,26,37.48982863251055,2.758752156971803,26,4,1121.0,1196.0,1334.0,1316.0,1098.2857142857142,1312.4285714285713
2024-01-27,2024,1,5,1105.0,1384.0,57.01,8.89,oeste,4.3183616234087285,0.21483442278684,3.793473952499754,82.12908622180562,15.51422350800142,6.666149580619266,27.21,27.53,29.81,71.71,85.05,95.45,0.0,60.59,211.57,27,37.52163863261035,11.495346628195591,27,4,1134.0,1112.0,1285.0,1308.0,1094.142857142857,1326.5714285714287
2024-01-28,2024,1,5,1119.0,1316.0,52.8,9.34,oeste,4.3183616234087285,0.21483442278684,3.793473952499754,82.12908622180562,15.51422350800142,6.445104361951106,27.37,29.5,28.58,71.72,82.86,90.26,0.0,64.09,208.19,28,37.55337659758075,7.848655708894368,28,4,1108.0,1132.0,1323.0,1405.0,1095.7142857142858,1325.5714285714287
2024-01-29,2024,1,6,1017.0,1263.0,54.89,9.44,oeste,4.3183616234087285,0.21483442278684,3.793473952499754,82.12908622180562,15.51422350800142,6.754291226407845,27.35,27.97,27.89,67.86,81.43,96.13,0.0,26.27,48.58,29,37.58498486403285,5.247649989705235,29,5,1054.0,1085.0,1308.0,1290.0,1090.4285714285713,1319.142857142857
2024-01-30,2024,1,6,1007.0,1268.0,54.56,9.33,oeste,4.3183616234087285,0.21483442278684,3.793473952499754,82.12908622180562,15.51422350800142,6.594659863368587,25.93,27.13,29.65,72.38,84.65,94.04,0.0,26.73,50.67,30,37.61640537290953,13.78486009941058,30,5,1108.0,1079.0,1282.0,1315.0,1076.0,1317.142857142857
2024-01-31,2024,1,6,1072.0,1204.0,52.64,9.16,oeste,4.3183616234087285,0.21483442278684,3.793473952499754,82.12908622180562,15.51422350800142,6.800095954115445,25.66,29.49,29.52,70.05,85.1,90.09,0.0,26.28,47.88,31,37.64757974756102,14.053494084684424,31,5,1113.0,1128.0,1293.0,1362.0,1070.142857142857,1304.4285714285713
2024-02-01,2024,2,6,1088.0,1209.0,55.16,8.96,oeste,4.3183616234087285,0.21483442278684,3.793473952499754,82.12908622180562,15.51422350800142,6.362107666927399,25.83,29.37,28.5,69.73,86.23,95.7,0.0,27.32,52.39,32,37.67844937265135,11.697747778567194,32,5,1058.0,1100.0,1374.0,1362.0,1074.4285714285713,1280.857142857143
2024-02-02,2024,2,6,1020.0,1192.0,54.13,9.65,oeste,4.3183616234087285,0.21483442278684,3.793473952499754,82.12908622180562,15.51422350800142,6.730084621802092,28.01,27.16,28.59,70.87,84.26,88.22,0.0,26.64,49.51,33,37.70895547379505,5.456474130003403,33,5,1113.0,1121.0,1322.0,1334.0,1061.142857142857,1262.2857142857142
2024-02-03,2024,2,6,1074.0,1283.0,55.95,8.98,oeste,4.3183616234087285,0.21483442278684,3.793473952499754,82.12908622180562,15.51422350800142,6.2983741547538905,26.39,28.08,28.37,71.16,83.83,87.81,0.0,26.82,52.36,34,37.73903919782025,10.089671700200864,34,5,1105.0,1134.0,1384.0,1285.0,1056.7142857142858,1247.857142857143
2024-02-04,2024,2,6,1039.0,1288.0,52.42,8.91,oeste,4.3183616234087285,0.21483442278684,3.793473952499754,82.12908622180562,15.51422350800142,6.434118791002732,25.96,27.86,28.15,70.95,82.21,93.03,0.0,26.5,50.33,35,37.76864169355223,10.619572264555936,35,5,1119.0,1108.0,1316.0,1323.0,1045.2857142857142,1243.857142857143
2024-02-05,2024,2,7,1250.0,1431.0,56.71,9.08,oeste,4.3183616234087285,0.21483442278684,3.793473952499754,82.12908622180562,15.51422350800142,6.2459602151600455,27.95,28.1,29.61,68.23,85.19,93.55,0.0,41.17,89.05,36,37.79770419300876,9.252797696859266,36,6,1017.0,1054.0,1263.0,1308.0,1078.5714285714287,1267.857142857143
2024-02-06,2024,2,7,1194.0,1523.0,53.74,8.87,oeste,4.3183616234087285,0.21483442278684,3.793473952499754,82.12908622180562,15.51422350800142,6.654819383167755,27.58,26.82,29.06,70.81,83.28,92.74,0.0,37.99,88.18,37,37.8261680928962,8.74332872172878,37,6,1007.0,1108.0,1268.0,1282.0,1105.2857142857142,1304.2857142857142
2024-02-07,2024,2,7,1241.0,1494.0,54.37,8.95,oeste,4.3183616234087285,0.21483442278684,3.793473952499754,82.12908622180562,15.51422350800142,6.296128679525952,25.7,28.67,30.2,73.31,87.27,95.73,0.0,38.93,89.38,38,37.85397503629379,15.257077392526885,38,6,1072.0,1113.0,1204.0,1293.0,1129.4285714285713,1345.7142857142858
2024-02-08,2024,2,7,1197.0,1521.0,52.61,9.44,oeste,4.3183616234087285,0.21483442278684,3.793473952499754,82.12908622180562,15.51422350800142,6.322226829193061,25.86,27.41,30.01,72.84,86.65,89.25,0.0,39.28,89.89,39,37.881066994410766,14.662224083558336,39,6,1088.0,1058.0,1209.0,1374.0,1145.0,1390.2857142857142
2024-02-09,2024,2,7,1248.0,1523.0,54.36,8.76,oeste,4.3183616234087285,0.21483442278684,3.793473952499754,82.12908622180562,15.51422350800142,6.423860220777766,26.79,28.43,28.91,72.3,86.45,92.18,0.0,39.61,92.38,40,37.907386348299966,10.486857652779369,40,6,1020.0,1113.0,1192.0,1322.0,1177.5714285714287,1437.5714285714287
2024-02-10,2024,2,7,1272.0,1423.0,56.74,9.18,oeste,4.3183616234087285,0.21483442278684,3.793473952499754,82.12908622180562,15.51422350800142,6.345593682004152,25.88,26.65,27.71,71.77,86.26,92.22,0.0,41.67,94.13,41,37.93287597040934,9.749782260825503,41,6,1074.0,1105.0,1283.0,1384.0,1205.857142857143,1457.5714285714287
2024-02-11,2024,2,7,1238.0,1416.0,56.22,9.04,oeste,4.3183616234087285,0.21483442278684,3.793473952499754,82.12908622180562,15.51422350800142,6.349537021931233,27.17,27.8,29.94,67.46,84.43,89.15,0.0,40.05,90.79,42,37.957479305852246,12.00302883503636,42,6,1039.0,1119.0,1288.0,1316.0,1234.2857142857142,1475.857142857143
2024-02-12,2024,2,8,765.0,832.0,56.32,8.86,oeste,4.3183616234087285,0.21483442278684,3.793473952499754,82.12908622180562,15.51422350800142,6.400992465363428,27.41,27.83,29.21,73.41,87.71,87.42,0.0,106.41,427.96,43,37.981140453275295,9.681838958479943,43,7,1250.0,1017.0,1431.0,1263.0,1165.0,1390.2857142857142
2024-02-13,2024,2,8,772.0,843.0,52.28,9.5,oeste,4.3183616234087285,0.21483442278684,3.793473952499754,82.12908622180562,15.51422350800142,6.557203640768878,26.45,28.54,29.13,67.4,88.55,93.39,0.0,105.87,439.02,44,38.00380424520246,11.820832687966304,44,7,1194.0,1007.0,1523.0,1268.0,1104.7142857142858,1293.142857142857
2024-02-14,2024,2,8,771.0,863.0,56.62,9.12,oeste,4.3183616234087285,0.21483442278684,3.793473952499754,82.12908622180562,15.51422350800142,6.314971712402629,26.54,27.27,30.41,67.07,88.22,94.1,0.0,103.19,460.18,45,38.02541632773303,14.21291180601564,45,7,1241.0,1072.0,1494.0,1204.0,1037.5714285714287,1203.0
2024-02-15,2024,2,8,762.0,842.0,56.32,9.28,oeste,4.3183616234087285,0.21483442278684,3.793473952499754,82.12908622180562,15.51422350800142,6.513415526735643,27.13,26.93,28.43,67.98,87.13,91.81,0.0,108.08,446.04,46,38.045923239470525,8.242015073541973,46,7,1197.0,1088.0,1521.0,1209.0,975.4285714285714,1106.0
2024-02-16,2024,2,8,783.0,876.0,54.89,9.45,oeste,4.3183616234087285,0.21483442278684,3.793473952499754,82.12908622180562,15.51422350800142,6.4862782922910025,27.67,27.07,29.58,72.58,85.72,91.33,0.0,105.41,422.44,47,38.065272489559945,9.995378113212691,47,7,1248.0,1020.0,1523.0,1192.0,909.0,1013.5714285714286
2024-02-17,2024,2,8,781.0,851.0,55.44,9.46,oeste,4.3183616234087285,0.21483442278684,3.793473952499754,82.12908622180562,15.51422350800142,6.193233094396527,27.99,28.83,29.48,67.54,83.3,93.97,0.0,107.71,457.35,48,38.08341263471033,8.832478592888023,48,7,1272.0,1074.0,1423.0,1283.0,838.8571428571429,931.8571428571429
2024-02-18,2024,2,8,781.0,869.0,52.98,9.01,oeste,4.3183616234087285,0.21483442278684,3.793473952499754,82.12908622180562,15.51422350800142,6.290323873966032,25.87,28.62,29.07,71.08,83.49,96.06,0.0,103.97,451.9,49,38.10029335508021,12.949616577505711,49,7,1238.0,1039.0,1416.0,1288.0,773.5714285714286,853.7142857142857
2024-02-19,2024,2,9,927.0,1076.0,62.6,6.62,oeste,4.3183616234087285,0.21483442278684,3.793473952499754,82.12908622180562,15.51422350800142,6.781395422855182,23.08,26.45,27.46,91.44,94.5,94.62,0.0,75.79,114.15,50,38.11586552890423,15.156413396940543,50,8,765.0,1250.0,832.0,1431.0,796.7142857142857,888.5714285714286
2024-02-20,2024,2,9,933.0,1003.0,61.11,6.54,oeste,4.3183616234087285,0.21483442278684,3.793473952499754,82.12908622180562,15.51422350800142,6.4095433600355625,23.55,27.13,29.37,86.26,89.95,91.37,0.0,77.98,117.4,51,38.13008130573993,17.477641408283038,51,8,772.0,1194.0,843.0,1523.0,819.7142857142857,911.4285714285714
2024-02-21,2024,2,9,948.0,1027.0,63.51,6.91,oeste,4.3183616234087285,0.21483442278684,3.793473952499754,82.12908622180562,15.51422350800142,6.281678625761644,22.05,27.41,27.56,84.86,93.94,94.61,0.0,77.57,123.14,52,38.14289417821506,17.011516996679692,52,8,771.0,1241.0,863.0,1494.0,845.0,934.8571428571429
2024-02-22,2024,2,9,953.0,1075.0,61.69,6.87,oeste,4.3183616234087285,0.21483442278684,3.793473952499754,82.12908622180562,15.51422350800142,6.309171051555689,23.9,27.31,28.59,87.11,90.8,98.93,0.0,77.92,122.94,53,38.15425905215714,15.69939969355296,53,8,762.0,1197.0,842.0,1521.0,872.2857142857143,968.1428571428571
2024-02-23,2024,2,9,991.0,1025.0,63.27,6.62,oeste,4.3183616234087285,0.21483442278684,3.793473952499754,82.12908622180562,15.51422350800142,6.22010462379207,24.09,25.98,27.77,87.16,91.0,95.46,0.0,79.43,123.14,54,38.1641323149889,13.910184910023704,54,8,783.0,1248.0,876.0,1523.0,902.0,989.4285714285714
2024-02-24,2024,2,9,942.0,1061.0,60.72,7.09,oeste,4.3183616234087285,0.21483442278684,3.793473952499754,82.12908622180562,15.51422350800142,6.412904718975475,22.3,26.87,27.51,92.46,88.68,91.93,0.0,80.29,121.46,55,38.17247190227519,16.554754575013774,55,8,781.0,1272.0,851.0,1423.0,925.0,1019.4285714285714
2024-02-25,2024,2,9,913.0,1049.0,61.27,7.13,oeste,4.3183616234087285,0.21483442278684,3.793473952499754,82.12908622180562,15.51422350800142,6.757511676277608,22.3,26.71,26.69,89.22,95.61,91.29,0.0,75.68,122.39,56,38.17923736230927,15.19893333444752,56,8,781.0,1238.0,869.0,1416.0,943.8571428571429,1045.142857142857
2024-02-26,2024,2,10,1174.0,1435.0,63.06,6.87,oeste,4.3183616234087285,0.21483442278684,3.793473952499754,82.12908622180562,15.51422350800142,6.326491035703526,21.91,26.19,26.89,90.97,93.64,93.58,0.0,91.99,256.77,57,38.18438991862909,16.19027138277166,57,9,927.0,765.0,1076.0,832.0,979.1428571428571,1096.4285714285713
2024-02-27,2024,2,10,1187.0,1353.0,64.65,6.49,oeste,4.3183616234087285,0.21483442278684,3.793473952499754,82.12908622180562,15.51422350800142,6.700535361360234,23.92,26.72,26.79,92.76,94.76,98.3,0.0,97.73,239.14,58,38.1878925303572,12.291934603073626,58,9,933.0,772.0,1003.0,843.0,1015.4285714285714,1146.4285714285713
2024-02-28,2024,2,10,1226.0,1443.0,64.53,6.76,oeste,4.3183616234087285,0.21483442278684,3.793473952499754,82.12908622180562,15.51422350800142,6.328242060185733,24.12,27.02,27.71,92.53,91.44,97.78,0.0,97.59,255.29,59,38.18970995026074,13.748242540727729,59,9,948.0,771.0,1027.0,863.0,1055.142857142857,1205.857142857143
2024-02-29,2024,2,10,1284.0,1376.0,59.8,6.82,oeste,4.3183616234087285,0.21483442278684,3.793473952499754,82.12908622180562,15.51422350800142,6.428028773935682,22.95,25.3,27.08,85.47,94.14,91.22,0.0,91.69,250.45,60,38.18980878043198,14.74606386895207,60,9,953.0,762.0,1075.0,842.0,1102.4285714285713,1248.857142857143
2024-03-01,2024,3,10,1282.0,1377.0,60.76,7.1,oeste,4.3183616234087285,0.21483442278684,3.793473952499754,82.12908622180562,15.51422350800142,6.659004781959765,22.16,26.43,29.01,89.43,92.07,94.92,0.0,91.68,242.1,61,38.188157525493125,18.990114882599404,61,9,991.0,783.0,1025.0,876.0,1144.0,1299.142857142857
2024-03-02,2024,3,10,1188.0,1400.0,62.05,6.58,oeste,4.3183616234087285,0.21483442278684,3.793473952499754,82.12908622180562,15.51422350800142,6.697644322993359,22.31,25.74,27.84,92.64,95.89,90.83,0.0,91.78,261.54,62,38.18472664323334,17.061053802291184,62,9,942.0,781.0,1061.0,851.0,1179.142857142857,1347.5714285714287
2024-03-03,2024,3,10,1242.0,1420.0,62.61,6.78,oeste,4.3183616234087285,0.21483442278684,3.793473952499754,82.12908622180562,15.51422350800142,6.175618174905997,23.89,26.39,27.94,86.54,89.51,92.22,0.0,95.65,247.53,63,38.1794885925903,14.59860034450486,63,9,913.0,781.0,1049.0,869.0,1226.142857142857,1400.5714285714287
2024-03-04,2024,3,11,1115.0,1241.0,59.02,6.52,oeste,4.3183616234087285,0.21483442278684,3.793473952499754,82.12908622180562,15.51422350800142,6.632891909627214,23.57,25.78,29.05,85.08,93.5,96.4,0.0,103.16,242.23,64,38.17241787889271,16.978274453283053,64,10,1174.0,927.0,1435.0,1076.0,1217.7142857142858,1372.857142857143
2024-03-05,2024,3,11,1106.0,1293.0,59.02,6.63,oeste,4.3183616234087285,0.21483442278684,3.793473952499754,82.12908622180562,15.51422350800142,6.457872961473228,23.9,25.93,29.29,90.1,94.67,96.93,0.0,103.16,256.53,65,38.16349109628534,16.834339427307523,65,10,1187.0,933.0,1353.0,1003.0,1206.142857142857,1364.2857142857142
2024-03-06,2024,3,11,1068.0,1250.0,60.07,6.87,oeste,4.3183616234087285,0.21483442278684,3.793473952499754,82.12908622180562,15.51422350800142,6.768550571141454,22.57,25.77,27.13,87.92,95.37,92.0,0.0,101.39,241.15,66,38.152686967262966,15.479650522439426,66,10,1226.0,948.0,1443.0,1027.0,1183.5714285714287,1336.7142857142858
2024-03-07,2024,3,11,1143.0,1226.0,64.34,6.95,oeste,4.3183616234087285,0.21483442278684,3.793473952499754,82.12908622180562,15.51422350800142,6.187305642359686,23.19,26.08,28.83,91.4,87.38,92.33,0.0,109.77,247.23,67,38.13998637924461,17.20971532756045,67,10,1284.0,953.0,1376.0,1075.0,1163.4285714285713,1315.2857142857142
2024-03-08,2024,3,11,1071.0,1199.0,63.15,6.76,oeste,4.3183616234087285,0.21483442278684,3.793473952499754,82.12908622180562,15.51422350800142,6.728321586553886,24.11,27.27,29.3,89.0,87.96,96.94,0.0,107.63,239.49,68,38.125372418124975,16.50256205629238,68,10,1282.0,991.0,1377.0,1025.0,1133.2857142857142,1289.857142857143
2024-03-09,2024,3,11,1062.0,1280.0,60.39,6.59,oeste,4.3183616234087285,0.21483442278684,3.793473952499754,82.12908622180562,15.51422350800142,6.379374649241146,24.14,26.65,27.55,93.38,92.62,90.48,0.0,103.29,251.05,69,38.10883039874548,13.370769759617923,69,10,1188.0,942.0,1400.0,1061.0,1115.2857142857142,1272.7142857142858
2024-03-10,2024,3,11,1125.0,1191.0,59.21,6.58,oeste,4.3183616234087285,0.21483442278684,3.793473952499754,82.12908622180562,15.51422350800142,6.234398036608954,23.17,27.23,28.11,87.73,91.93,95.5,0.0,105.93,246.33,70,38.09034789223307,16.085405539537735,70,10,1242.0,913.0,1420.0,1049.0,1098.5714285714287,1240.0
2024-03-11,2024,3,12,1166.0,1367.0,59.58,7.1,oeste,4.3183616234087285,0.21483442278684,3.793473952499754,82.12908622180562,15.51422350800142,6.268266511504378,21.95,25.12,26.81,85.99,95.37,92.21,0.0,56.86,86.22,71,38.06991475016074,15.946069032844438,71,11,1115.0,1174.0,1241.0,1435.0,1105.857142857143,1258.0
2024-03-12,2024,3,12,1111.0,1398.0,63.05,6.8,oeste,4.3183616234087285,0.21483442278684,3.793473952499754,82.12908622180562,15.51422350800142,6.747239136928568,23.05,26.1,28.28,85.4,89.7,94.27,0.0,53.27,93.6,72,38.04752312548959,16.53220702326077,72,11,1106.0,1187.0,1293.0,1353.0,1106.5714285714287,1273.0
2024-03-13,2024,3,12,1173.0,1403.0,61.87,6.74,oeste,4.3183616234087285,0.21483442278684,3.793473952499754,82.12908622180562,15.51422350800142,6.727323940519986,23.3,25.37,27.18,88.52,95.4,99.52,0.0,54.98,93.38,73,38.02316749025859,14.230421251846463,73,11,1068.0,1226.0,1250.0,1443.0,1121.5714285714287,1294.857142857143
2024-03-14,2024,3,12,1151.0,1293.0,62.38,7.04,oeste,4.3183616234087285,0.21483442278684,3.793473952499754,82.12908622180562,15.51422350800142,6.533710800052125,23.69,27.45,29.21,87.19,90.98,95.1,0.0,53.79,89.5,74,37.99684464999441,16.961750594886094,74,11,1143.0,1284.0,1226.0,1376.0,1122.7142857142858,1304.4285714285713
2024-03-15,2024,3,12,1099.0,1331.0,64.74,7.02,oeste,4.3183616234087285,0.21483442278684,3.793473952499754,82.12908622180562,15.51422350800142,6.486475651042428,22.16,25.91,29.31,87.76,90.44,94.97,0.0,56.43,86.1,75,37.96855375481967,19.289931115106537,75,11,1071.0,1282.0,1199.0,1377.0,1126.7142857142858,1323.2857142857142
2024-03-16,2024,3,12,1156.0,1319.0,63.88,7.02,oeste,4.3183616234087285,0.21483442278684,3.793473952499754,82.12908622180562,15.51422350800142,6.31952877577113,23.74,27.3,28.44,86.07,87.61,98.04,0.0,57.41,90.63,76,37.938296307244514,15.627170627165956,76,11,1062.0,1188.0,1280.0,1400.0,1140.142857142857,1328.857142857143
2024-03-17,2024,3,12,1109.0,1396.0,62.48,6.57,oeste,4.3183616234087285,0.21483442278684,3.793473952499754,82.12908622180562,15.51422350800142,6.506002682973329,23.2,25.75,26.65,90.04,88.64,95.17,0.0,52.92,91.25,77,37.90607616663306,13.377408200623686,77,11,1125.0,1242.0,1191.0,1420.0,1137.857142857143,1358.142857142857
2024-03-18,2024,3,13,1015.0,1197.0,63.85,6.58,oeste,4.3183616234087285,0.21483442278684,3.793473952499754,82.12908622180562,15.51422350800142,6.629567403984946,22.65,25.25,29.15,93.29,87.91,92.66,0.0,78.32,173.4,78,37.87189955034202,18.34540770828188,78,12,1166.0,1115.0,1367.0,1241.0,1116.2857142857142,1333.857142857143
2024-03-19,2024,3,13,952.0,1172.0,63.1,7.01,oeste,4.3183616234087285,0.21483442278684,3.793473952499754,82.12908622180562,15.51422350800142,6.808077850749328,24.08,25.54,28.02,88.61,91.0,95.42,0.0,82.72,185.56,79,37.83577503153597,14.269355121790111,79,12,1111.0,1106.0,1398.0,1293.0,1093.5714285714287,1301.5714285714287
2024-03-20,2024,3,13,1033.0,1141.0,64.75,7.11,oeste,4.3183616234087285,0.21483442278684,3.793473952499754,82.12908622180562,15.51422350800142,6.258258044663581,22.76,27.27,26.83,85.52,94.16,90.92,0.0,80.0,182.69,80,37.79771353368969,14.488263460790396,80,12,1173.0,1068.0,1403.0,1250.0,1073.5714285714287,1264.142857142857
2024-03-21,2024,3,13,959.0,1165.0,61.47,6.7,oeste,4.3183616234087285,0.21483442278684,3.793473952499754,82.12908622180562,15.51422350800142,6.747995649113365,22.62,27.44,29.4,91.89,91.64,91.03,0.0,79.37,169.48,81,37.75772832179421,18.67988959876025,81,12,1151.0,1143.0,1293.0,1226.0,1046.142857142857,1245.857142857143
2024-03-22,2024,3,13,981.0,1156.0,59.73,7.03,oeste,4.3183616234087285,0.21483442278684,3.793473952499754,82.12908622180562,15.51422350800142,6.320264538736367,23.9,27.0,26.65,88.71,95.1,95.31,0.0,77.57,177.67,82,37.71583499029042,11.883480965186328,82,12,1099.0,1071.0,1331.0,1199.0,1029.2857142857142,1220.857142857143
2024-03-23,2024,3,13,968.0,1139.0,60.77,6.77,oeste,4.3183616234087285,0.21483442278684,3.793473952499754,82.12908622180562,15.51422350800142,6.80285840195041,22.71,25.39,27.62,84.57,94.8,97.27,0.0,82.72,171.43,83,37.67205144775879,15.860381064733234,83,12,1156.0,1062.0,1319.0,1280.0,1002.4285714285714,1195.142857142857
2024-03-24,2024,3,13,951.0,1144.0,61.49,6.86,oeste,4.3183616234087285,0.21483442278684,3.793473952499754,82.12908622180562,15.51422350800142,6.382521772916141,22.7,26.89,27.6,87.17,95.1,92.32,0.0,76.0,173.33,84,37.62639789840188,15.825020628394125,84,12,1109.0,1125.0,1396.0,1191.0,979.8571428571429,1159.142857142857
2024-03-25,2024,3,14,1064.0,1261.0,49.85,7.1,oeste,4.3183616234087285,0.21483442278684,3.793473952499754,82.12908622180562,15.51422350800142,6.403044157150536,22.16,26.28,28.05,80.09,92.57,91.72,0.0,53.87,129.72,85,37.57889682036032,17.328272741526284,85,13,1015.0,1166.0,1197.0,1367.0,986.8571428571429,1168.2857142857142
2024-03-26,2024,3,14,1103.0,1301.0,51.54,7.04,oeste,4.3183616234087285,0.21483442278684,3.793473952499754,82.12908622180562,15.51422350800142,6.577810769092966,23.5,26.34,29.03,82.37,94.45,92.47,0.0,50.76,128.98,86,37.52957294091051,16.76832910457279,86,13,952.0,1111.0,1172.0,1398.0,1008.4285714285714,1186.7142857142858
2024-03-27,2024,3,14,1071.0,1271.0,53.97,7.43,oeste,4.3183616234087285,0.21483442278684,3.793473952499754,82.12908622180562,15.51422350800142,6.754060694503259,22.83,25.67,28.23,81.72,91.36,91.84,0.0,55.27,119.57,87,37.47845320859714,16.54749046351022,87,13,1033.0,1173.0,1141.0,1403.0,1013.8571428571429,1205.2857142857142
2024-03-28,2024,3,14,1087.0,1301.0,50.1,7.47,oeste,4.3183616234087285,0.21483442278684,3.793473952499754,82.12908622180562,15.51422350800142,6.810095757219387,22.61,24.39,28.95,80.49,91.59,95.89,0.0,54.13,119.9,88,37.42556676235942,17.904682154950766,88,13,959.0,1151.0,1165.0,1293.0,1032.142857142857,1224.7142857142858
2024-03-29,2024,3,14,1117.0,1255.0,51.5,6.92,oeste,4.3183616234087285,0.21483442278684,3.793473952499754,82.12908622180562,15.51422350800142,6.536116958322297,23.34,25.62,29.14,81.42,96.73,95.22,0.0,52.73,126.84,89,37.37094489771561,17.100219164417762,89,13,981.0,1099.0,1156.0,1331.0,1051.5714285714287,1238.857142857143
2024-03-30,2024,3,14,1125.0,1198.0,51.39,7.55,oeste,4.3183616234087285,0.21483442278684,3.793473952499754,82.12908622180562,15.51422350800142,6.259371945553727,23.07,24.53,29.01,80.76,88.93,99.48,0.0,51.21,123.51,90,37.31462103007519,17.279288615257748,90,13,968.0,1156.0,1139.0,1319.0,1074.0,1247.2857142857142
2024-03-31,2024,3,14,1073.0,1294.0,51.57,7.28,oeste,4.3183616234087285,0.21483442278684,3.793473952499754,82.12908622180562,15.51422350800142,6.663985088762161,23.06,26.08,27.09,79.61,93.89,98.52,0.0,52.41,126.21,91,37.256630655253694,14.210511174173403,91,13,951.0,1109.0,1144.0,1396.0,1091.4285714285713,1268.7142857142858
2024-04-01,2024,4,15,997.0,1107.0,51.62,7.16,oeste,4.3183616234087285,0.21483442278684,3.793473952499754,82.12908622180562,15.51422350800142,6.392709550462571,22.01,25.52,29.35,85.96,90.06,95.37,0.0,26.81,89.11,92,37.19701130726928,19.147394163234623,92,14,1064.0,1015.0,1261.0,1197.0,1081.857142857143,1246.7142857142858
2024-04-02,2024,4,15,1018.0,1151.0,53.4,7.5,oeste,4.3183616234087285,0.21483442278684,3.793473952499754,82.12908622180562,15.51422350800142,6.456399752448227,22.74,25.98,26.95,81.41,96.1,92.13,0.0,28.44,85.63,93,37.13580251350512,14.477296281288645,93,14,1103.0,952.0,1301.0,1172.0,1069.7142857142858,1225.2857142857142
2024-04-03,2024,4,15,934.0,1093.0,52.39,7.38,oeste,4.3183616234087285,0.21483442278684,3.793473952499754,82.12908622180562,15.51422350800142,6.557295606558408,23.11,26.23,28.72,82.67,91.77,99.91,0.0,28.48,87.09,94,37.073045747326205,16.683735601605154,94,14,1071.0,1033.0,1271.0,1141.0,1050.142857142857,1199.857142857143
2024-04-04,2024,4,15,984.0,1162.0,54.46,7.46,oeste,4.3183616234087285,0.21483442278684,3.793473952499754,82.12908622180562,15.51422350800142,6.41924657648602,23.82,25.49,27.77,82.93,93.59,95.74,0.0,28.77,89.4,95,37.00878437824253,13.975165796015895,95,14,1087.0,959.0,1301.0,1165.0,1035.4285714285713,1180.0
2024-04-05,2024,4,15,994.0,1090.0,49.66,7.42,oeste,4.3183616234087285,0.21483442278684,3.793473952499754,82.12908622180562,15.51422350800142,6.755365709513554,23.67,26.18,28.16,84.53,93.35,93.86,0.0,27.02,85.96,96,36.94306361971505,14.873380185498725,96,14,1117.0,981.0,1255.0,1156.0,1017.8571428571429,1156.4285714285713
2024-04-06,2024,4,15,1009.0,1186.0,54.2,7.03,oeste,4.3183616234087285,0.21483442278684,3.793473952499754,82.12908622180562,15.51422350800142,6.333780884724135,23.12,26.05,27.29,81.7,96.83,97.53,0.0,27.05,89.85,97,36.87593047470398,14.307528376615494,97,14,1125.0,968.0,1198.0,1139.0,1001.2857142857143,1154.7142857142858
2024-04-07,2024,4,15,973.0,1108.0,49.77,7.4,oeste,4.3183616234087285,0.21483442278684,3.793473952499754,82.12908622180562,15.51422350800142,6.405264972259251,22.33,26.15,26.64,85.2,93.41,95.69,0.0,27.96,87.96,98,36.80743367906239,14.518701429392236,98,14,1073.0,951.0,1294.0,1144.0,987.0,1128.142857142857
2024-04-08,2024,4,16,644.0,741.0,52.94,7.23,oeste,4.3183616234087285,0.21483442278684,3.793473952499754,82.12908622180562,15.51422350800142,6.199236738362189,22.41,26.52,28.66,80.73,91.15,92.51,0.0,51.44,201.66,99,36.73762364288063,17.450371230368297,99,15,997.0,1064.0,1107.0,1261.0,936.5714285714286,1075.857142857143
2024-04-09,2024,4,16,656.0,705.0,52.72,7.2,oeste,4.3183616234087285,0.21483442278684,3.793473952499754,82.12908622180562,15.51422350800142,6.373357878065297,23.52,26.32,27.75,82.33,94.58,93.47,0.0,48.06,205.36,100,36.666552389890384,14.328273458638083,100,15,1018.0,1103.0,1151.0,1301.0,884.8571428571429,1012.1428571428571
2024-04-10,2024,4,16,654.0,751.0,50.5,7.46,oeste,4.3183616234087285,0.21483442278684,3.793473952499754,82.12908622180562,15.51422350800142,6.634751164999546,22.05,26.9,29.19,86.36,88.19,91.72,0.0,48.27,202.19,101,36.59427349503859,18.5787220047212,101,15,934.0,1071.0,1093.0,1271.0,844.8571428571429,963.2857142857143
2024-04-11,2024,4,16,666.0,737.0,53.6,7.29,oeste,4.3183616234087285,0.21483442278684,3.793473952499754,82.12908622180562,15.51422350800142,6.770273985579578,23.9,24.81,28.69,79.4,90.84,93.64,0.0,50.12,210.68,102,36.52084202034448,15.186655441548549,102,15,984.0,1087.0,1162.0,1301.0,799.4285714285714,902.5714285714286
2024-04-12,2024,4,16,613.0,714.0,52.19,7.35,oeste,4.3183616234087285,0.21483442278684,3.793473952499754,82.12908622180562,15.51422350800142,6.438592750636417,24.01,24.64,27.93,84.48,94.8,93.19,0.0,49.94,202.83,103,36.44631444915352,13.710404003206966,103,15,994.0,1117.0,1090.0,1255.0,745.0,848.8571428571429
2024-04-13,2024,4,16,635.0,750.0,53.56,7.29,oeste,4.3183616234087285,0.21483442278684,3.793473952499754,82.12908622180562,15.51422350800142,6.580591781729527,23.62,26.89,26.72,81.95,88.99,94.09,0.0,52.39,207.55,104,36.3707486189048,12.167089091035384,104,15,1009.0,1125.0,1186.0,1198.0,691.5714285714286,786.5714285714286
2024-04-14,2024,4,16,640.0,732.0,51.02,7.5,oeste,4.3183616234087285,0.21483442278684,3.793473952499754,82.12908622180562,15.51422350800142,6.493581305197607,22.9,26.87,27.92,83.08,96.24,98.08,0.0,48.3,204.31,105,36.29420365252813,15.450506864311995,105,15,973.0,1073.0,1108.0,1294.0,644.0,732.8571428571429
2024-04-15,2024,4,17,981.0,1086.0,49.68,7.19,oeste,4.3183616234087285,0.21483442278684,3.793473952499754,82.12908622180562,15.51422350800142,6.460000510107332,22.45,26.6,27.94,83.05,89.23,99.84,0.0,28.28,60.43,106,36.21673988858884,16.12312151570306,106,16,644.0,997.0,741.0,1107.0,692.1428571428571,782.1428571428571
2024-04-16,2024,4,17,906.0,1060.0,53.83,7.14,oeste,4.3183616234087285,0.21483442278684,3.793473952499754,82.12908622180562,15.51422350800142,6.759062189270152,23.68,24.95,26.65,81.92,89.69,91.45,0.0,27.23,58.1,107,36.1384188102982,11.833166415747415,107,16,656.0,1018.0,705.0,1151.0,727.8571428571429,832.8571428571429
2024-04-17,2024,4,17,944.0,1031.0,52.31,7.32,oeste,4.3183616234087285,0.21483442278684,3.793473952499754,82.12908622180562,15.51422350800142,6.5812916000775,22.3,24.81,28.19,83.79,90.69,98.33,0.0,28.42,61.66,108,36.05930297350803,16.62756200058897,108,16,654.0,934.0,751.0,1093.0,769.2857142857143,872.8571428571429
2024-04-18,2024,4,17,934.0,1041.0,54.32,7.23,oeste,4.3183616234087285,0.21483442278684,3.793473952499754,82.12908622180562,15.51422350800142,6.665914235415102,23.64,25.18,28.94,82.53,94.82,91.56,0.0,26.79,60.43,109,35.97945593380731,15.737876306134448,109,16,666.0,984.0,737.0,1162.0,807.5714285714286,916.2857142857143
2024-04-19,2024,4,17,889.0,1036.0,52.35,7.55,oeste,4.3183616234087285,0.21483442278684,3.793473952499754,82.12908622180562,15.51422350800142,6.332552506156946,23.25,26.45,27.93,79.85,88.9,93.1,0.0,27.82,57.79,110,35.89894217283866,14.755644348255853,110,16,613.0,994.0,714.0,1090.0,847.0,962.2857142857143
2024-04-20,2024,4,17,964.0,1041.0,54.21,7.27,oeste,4.3183616234087285,0.21483442278684,3.793473952499754,82.12908622180562,15.51422350800142,6.313689261381929,23.92,24.7,29.04,83.87,91.79,91.61,0.0,27.79,57.87,111,35.81782702395176,15.39883325260986,111,16,635.0,1009.0,750.0,1186.0,894.0,1003.8571428571429
2024-04-21,2024,4,17,907.0,1085.0,53.19,6.89,oeste,4.3183616234087285,0.21483442278684,3.793473952499754,82.12908622180562,15.51422350800142,6.763059017609642,23.33,25.35,27.7,79.11,93.81,92.34,0.0,26.59,59.84,112,35.73617659730955,14.193921697411293,112,16,640.0,973.0,732.0,1108.0,932.1428571428571,1054.2857142857142
2024-04-22,2024,4,18,929.0,1051.0,22.27,6.83,oeste,4.3183616234087285,0.21483442278684,3.793473952499754,82.12908622180562,15.51422350800142,6.81375029538066,23.28,26.03,28.05,76.6,87.87,94.52,0.0,4.76,32.22,113,35.65405770456217,14.795231111013797,113,17,981.0,644.0,1086.0,741.0,924.7142857142857,1049.2857142857142
2024-04-23,2024,4,18,941.0,1083.0,22.94,6.35,oeste,4.3183616234087285,0.21483442278684,3.793473952499754,82.12908622180562,15.51422350800142,6.291761873830449,22.93,28.57,30.16,76.69,85.97,95.9,0.0,4.77,32.65,114,35.571537783201656,18.17294825753972,114,17,906.0,656.0,1060.0,705.0,929.7142857142857,1052.5714285714287
2024-04-24,2024,4,18,886.0,1026.0,22.27,6.63,oeste,4.3183616234087285,0.21483442278684,3.793473952499754,82.12908622180562,15.51422350800142,6.552667558456916,24.31,28.49,29.49,76.51,91.48,93.12,0.0,4.38,32.35,115,35.488684820709075,15.346466153915618,115,17,944.0,654.0,1031.0,751.0,921.4285714285714,1051.857142857143
2024-04-25,2024,4,18,969.0,1048.0,23.62,6.75,oeste,4.3183616234087285,0.21483442278684,3.793473952499754,82.12908622180562,15.51422350800142,6.23740100770205,24.82,26.58,29.1,79.89,85.25,88.61,0.0,4.54,31.6,116,35.40556727860358,13.91704535653858,116,17,934.0,666.0,1041.0,737.0,926.4285714285714,1052.857142857143
2024-04-26,2024,4,18,964.0,1025.0,23.93,6.41,oeste,4.3183616234087285,0.21483442278684,3.793473952499754,82.12908622180562,15.51422350800142,6.454758506688696,24.39,25.97,28.35,80.23,84.4,96.0,0.0,4.45,33.5,117,35.32225401650027,13.355175618748516,117,17,889.0,613.0,1036.0,714.0,937.1428571428571,1051.2857142857142
2024-04-27,2024,4,18,928.0,1118.0,23.86,6.38,oeste,4.3183616234087285,0.21483442278684,3.793473952499754,82.12908622180562,15.51422350800142,6.502301523428557,25.05,26.75,29.52,81.27,85.71,93.69,0.0,4.73,31.46,118,35.23881421628238,14.155611942779467,118,17,964.0,635.0,1041.0,750.0,932.0,1062.2857142857142
2024-04-28,2024,4,18,882.0,1083.0,22.72,6.35,oeste,4.3183616234087285,0.21483442278684,3.793473952499754,82.12908622180562,15.51422350800142,6.736490958434366,24.25,26.5,28.95,80.48,83.13,88.05,0.0,4.78,30.51,119,35.15531730648941,14.48083323382562,119,17,907.0,640.0,1085.0,732.0,928.4285714285714,1062.0
2024-04-29,2024,4,19,979.0,1134.0,23.31,6.57,oeste,4.3183616234087285,0.21483442278684,3.793473952499754,82.12908622180562,15.51422350800142,6.810631625450549,23.81,27.57,29.83,79.5,83.06,94.82,0.0,5.98,42.75,120,35.071832887020726,16.34971963186954,120,18,929.0,981.0,1051.0,1086.0,935.5714285714286,1073.857142857143
2024-04-30,2024,4,19,926.0,1084.0,22.84,6.82,oeste,4.3183616234087285,0.21483442278684,3.793473952499754,82.12908622180562,15.51422350800142,6.600849649169206,24.3,28.51,29.2,80.5,84.35,87.55,0.0,5.83,40.28,121,34.98843065425123,14.71553663876446,121,18,941.0,906.0,1083.0,1060.0,933.4285714285714,1074.0
2024-05-01,2024,5,19,924.0,1107.0,23.15,6.71,oeste,4.3183616234087285,0.21483442278684,3.793473952499754,82.12908622180562,15.51422350800142,6.805233260165907,24.67,28.42,29.12,81.43,89.19,92.15,0.0,6.11,41.44,122,34.90518032665224,13.990186127159744,122,18,886.0,944.0,1026.0,1031.0,938.8571428571429,1085.5714285714287
2024-05-02,2024,5,19,988.0,1063.0,23.57,6.36,oeste,4.3183616234087285,0.21483442278684,3.793473952499754,82.12908622180562,15.51422350800142,6.752520146039005,25.17,27.94,29.13,78.13,86.01,88.03,0.0,5.9,40.77,123,34.82215157100733,13.166089271546438,123,18,969.0,934.0,1048.0,1041.0,941.5714285714286,1087.7142857142858
2024-05-03,2024,5,19,962.0,1125.0,22.24,6.79,oeste,4.3183616234087285,0.21483442278684,3.793473952499754,82.12908622180562,15.51422350800142,6.724126348281397,24.36,27.36,29.73,81.19,85.92,90.07,0.0,6.09,39.93,124,34.73941392931027,15.295484252079692,124,18,964.0,889.0,1025.0,1036.0,941.2857142857143,1102.0
2024-05-04,2024,5,19,974.0,1069.0,23.74,6.43,oeste,4.3183616234087285,0.21483442278684,3.793473952499754,82.12908622180562,15.51422350800142,6.757401854350844,23.31,26.78,29.06,78.9,84.64,89.65,0.0,6.09,43.48,125,34.657036746427444,15.78988438664678,125,18,928.0,964.0,1118.0,1041.0,947.8571428571429,1095.0
2024-05-05,2024,5,19,923.0,1167.0,22.82,6.65,oeste,4.3183616234087285,0.21483442278684,3.793473952499754,82.12908622180562,15.51422350800142,6.417963981389365,23.86,28.51,28.26,79.54,83.45,93.58,0.0,5.75,42.33,126,34.57508909860481,13.779810561697474,126,18,882.0,907.0,1083.0,1085.0,953.7142857142857,1107.0
2024-05-06,2024,5,20,881.0,968.0,22.86,6.59,oeste,4.3183616234087285,0.21483442278684,3.793473952499754,82.12908622180562,15.51422350800142,6.507084206113264,23.7,26.21,30.29,78.24,85.06,90.13,0.0,16.69,115.21,127,34.49363972289474,16.82423520484383,127,19,979.0,929.0,1134.0,1051.0,939.7142857142857,1083.2857142857142
2024-05-07,2024,5,20,820.0,1006.0,23.24,6.42,oeste,4.3183616234087285,0.21483442278684,3.793473952499754,82.12908622180562,15.51422350800142,6.181587562420398,23.31,27.94,30.06,74.46,85.59,94.21,0.0,17.04,112.31,128,34.41275694757495,16.987323386589825,128,19,926.0,941.0,1084.0,1083.0,924.5714285714286,1072.142857142857
2024-05-08,2024,5,20,879.0,933.0,22.49,6.82,oeste,4.3183616234087285,0.21483442278684,3.793473952499754,82.12908622180562,15.51422350800142,6.548395038477254,23.9,28.36,29.14,75.54,91.02,95.44,0.0,17.21,116.12,129,34.332508623627625,14.932233835375175,129,19,924.0,886.0,1107.0,1026.0,918.1428571428571,1047.2857142857142
2024-05-09,2024,5,20,864.0,1015.0,24.04,6.54,oeste,4.3183616234087285,0.21483442278684,3.793473952499754,82.12908622180562,15.51422350800142,6.4769212226490325,23.55,28.28,28.59,77.82,89.29,89.78,0.0,16.97,113.33,130,34.252962057343225,14.610564729085022,130,19,988.0,969.0,1063.0,1048.0,900.4285714285714,1040.4285714285713
2024-05-10,2024,5,20,856.0,950.0,22.95,6.41,oeste,4.3183616234087285,0.21483442278684,3.793473952499754,82.12908622180562,15.51422350800142,6.293205354453001,23.42,26.64,29.55,78.87,83.74,95.27,0.0,16.37,121.23,131,34.17418394410936,16.076147821939887,131,19,962.0,964.0,1125.0,1025.0,885.2857142857143,1015.4285714285714
2024-05-11,2024,5,20,861.0,949.0,24.1,6.59,oeste,4.3183616234087285,0.21483442278684,3.793473952499754,82.12908622180562,15.51422350800142,6.609756233473939,24.43,28.5,27.66,74.39,85.88,95.94,0.0,16.84,119.98,132,34.09624030344148,11.642905039155378,132,19,974.0,928.0,1069.0,1118.0,869.1428571428571,998.2857142857143
2024-05-12,2024,5,20,885.0,1012.0,22.56,6.83,oeste,4.3183616234087285,0.21483442278684,3.793473952499754,82.12908622180562,15.51422350800142,6.495013156680709,24.45,28.03,29.14,81.19,83.02,92.71,0.0,16.15,112.51,133,34.01919641530805,13.997938239275271,133,19,923.0,882.0,1167.0,1083.0,863.7142857142857,976.1428571428571
2024-05-13,2024,5,21,753.0,818.0,22.66,6.32,oeste,4.3183616234087285,0.21483442278684,3.793473952499754,82.12908622180562,15.51422350800142,6.692794847609465,24.84,27.71,27.99,77.75,87.8,90.18,0.0,23.62,161.34,134,33.943116757799416,11.44618064909379,134,20,881.0,979.0,968.0,1134.0,845.4285714285714,954.7142857142857
2024-05-14,2024,5,21,709.0,791.0,23.71,6.64,oeste,4.3183616234087285,0.21483442278684,3.793473952499754,82.12908622180562,15.51422350800142,6.398238089891314,23.1,27.86,28.69,81.45,84.66,94.31,0.0,23.97,165.57,135,33.86806494618528,15.214226897076957,135,20,820.0,926.0,1006.0,1084.0,829.5714285714286,924.0
2024-05-15,2024,5,21,731.0,821.0,22.39,6.64,oeste,4.3183616234087285,0.21483442278684,3.793473952499754,82.12908622180562,15.51422350800142,6.650287069766962,25.15,26.38,30.23,76.14,86.4,95.71,0.0,23.49,164.21,136,33.79410367340253,14.471927866222476,136,20,879.0,924.0,933.0,1107.0,808.4285714285714,908.0
2024-05-16,2024,5,21,759.0,795.0,24.11,6.71,oeste,4.3183616234087285,0.21483442278684,3.793473952499754,82.12908622180562,15.51422350800142,6.389147697035821,24.55,27.88,28.31,81.67,86.34,91.44,0.0,24.86,173.09,137,33.72129465201088,12.42372310464211,137,20,864.0,988.0,1015.0,1063.0,793.4285714285714,876.5714285714286
2024-05-17,2024,5,21,765.0,817.0,23.79,6.43,oeste,4.3183616234087285,0.21483442278684,3.793473952499754,82.12908622180562,15.51422350800142,6.523026912149701,23.19,27.14,28.58,80.72,91.47,89.85,0.0,24.49,169.62,138,33.64969855765084,14.843255448430712,138,20,856.0,962.0,950.0,1125.0,780.4285714285714,857.5714285714286
2024-05-18,2024,5,21,713.0,844.0,23.9,6.9,oeste,4.3183616234087285,0.21483442278684,3.793473952499754,82.12908622180562,15.51422350800142,6.178863697816245,24.46,26.23,29.07,77.94,84.05,93.01,0.0,23.57,174.79,139,33.57937497403438,13.698615373742165,139,20,861.0,974.0,949.0,1069.0,759.2857142857143,842.5714285714286
2024-05-19,2024,5,21,728.0,822.0,22.16,6.67,oeste,4.3183616234087285,0.21483442278684,3.793473952499754,82.12908622180562,15.51422350800142,6.817258511257365,23.22,27.6,28.37,79.27,89.71,90.3,0.0,23.64,165.96,140,33.510382339495884,14.448960321687684,140,20,885.0,923.0,1012.0,1167.0,736.8571428571429,815.4285714285714
2024-05-20,2024,5,22,872.0,926.0,23.11,6.32,oeste,4.3183616234087285,0.21483442278684,3.793473952499754,82.12908622180562,15.51422350800142,6.445542837349256,24.9,27.73,29.0,72.69,82.68,94.46,0.0,12.33,82.43,141,33.442777895126866,12.866128182505635,141,21,753.0,881.0,818.0,968.0,753.8571428571429,830.8571428571429
2024-05-21,2024,5,22,882.0,933.0,24.07,6.81,oeste,4.3183616234087285,0.21483442278684,3.793473952499754,82.12908622180562,15.51422350800142,6.337307487424167,27.17,26.59,30.2,71.83,82.44,92.51,0.0,12.59,86.45,142,33.37661763451573,11.03868241141852,142,21,709.0,820.0,791.0,1006.0,778.5714285714286,851.1428571428571
2024-05-22,2024,5,22,861.0,920.0,23.73,6.7,oeste,4.3183616234087285,0.21483442278684,3.793473952499754,82.12908622180562,15.51422350800142,6.514076202333408,25.28,27.62,27.88,74.65,88.31,96.04,0.0,11.71,80.3,143,33.31195625510986,10.205643942292184,143,21,731.0,879.0,821.0,933.0,797.1428571428571,865.2857142857143
2024-05-23,2024,5,22,860.0,935.0,22.51,6.72,oeste,4.3183616234087285,0.21483442278684,3.793473952499754,82.12908622180562,15.51422350800142,6.791851919858276,26.78,28.35,28.52,77.4,85.37,87.59,0.0,11.86,87.1,144,33.24884711121499,8.333065893835588,144,21,759.0,864.0,795.0,1015.0,811.5714285714286,885.2857142857143
2024-05-24,2024,5,22,882.0,935.0,21.98,6.45,oeste,4.3183616234087285,0.21483442278684,3.793473952499754,82.12908622180562,15.51422350800142,6.39629886577434,27.02,27.42,27.67,73.91,84.87,87.52,0.0,12.48,86.3,145,33.18734216864364,5.083733224347074,145,21,765.0,856.0,817.0,950.0,828.2857142857143,902.1428571428571
2024-05-25,2024,5,22,801.0,959.0,23.73,6.72,oeste,4.3183616234087285,0.21483442278684,3.793473952499754,82.12908622180562,15.51422350800142,6.576207845617348,26.59,27.2,29.1,73.7,84.37,92.89,0.0,12.36,83.67,146,33.12749196102216,9.971925355648198,146,21,713.0,861.0,844.0,949.0,840.8571428571429,918.5714285714286
2024-05-26,2024,5,22,866.0,968.0,23.47,6.43,oeste,4.3183616234087285,0.21483442278684,3.793473952499754,82.12908622180562,15.51422350800142,6.355880122214456,25.93,27.09,27.97,73.6,81.89,92.75,0.0,12.48,81.35,147,33.06934554776287,8.974169847507824,147,21,728.0,885.0,822.0,1012.0,860.5714285714286,939.4285714285714
2024-05-27,2024,5,23,578.0,649.0,15.27,5.96,sur,4.3183616234087285,0.21483442278684,3.793473952499754,82.12908622180562,15.51422350800142,6.5947846937074734,23.14,25.07,25.96,68.89,75.72,83.27,0.0,6.0,40.03,148,33.012950473706034,10.533252509358046,148,22,872.0,753.0,926.0,818.0,818.5714285714286,899.8571428571429
2024-05-28,2024,5,23,629.0,672.0,15.58,6.29,sur,4.3183616234087285,0.21483442278684,3.793473952499754,82.12908622180562,15.51422350800142,6.810887768625182,23.02,25.51,28.04,69.48,79.62,77.96,0.0,5.98,39.64,149,32.95835273043358,14.030429210492104,149,22,882.0,709.0,933.0,791.0,782.4285714285714,862.5714285714286
2024-05-29,2024,5,23,614.0,662.0,15.58,6.48,sur,4.3183616234087285,0.21483442278684,3.793473952499754,82.12908622180562,15.51422350800142,6.572409831122954,24.47,24.68,27.44,71.49,77.82,81.01,0.0,5.85,42.45,150,32.90559671925526,10.774610921202257,150,22,861.0,731.0,920.0,821.0,747.1428571428571,825.7142857142857
2024-05-30,2024,5,23,633.0,637.0,15.47,6.51,sur,4.3183616234087285,0.21483442278684,3.793473952499754,82.12908622180562,15.51422350800142,6.524550919497908,24.0,25.3,27.91,68.6,76.34,80.07,0.0,5.58,42.65,151,32.85472521586502,12.343542563167595,151,22,860.0,759.0,935.0,795.0,714.7142857142857,783.1428571428571
2024-05-31,2024,5,23,591.0,658.0,15.57,6.28,sur,4.3183616234087285,0.21483442278684,3.793473952499754,82.12908622180562,15.51422350800142,6.617238796082784,22.98,24.46,26.66,70.66,73.96,76.24,0.0,5.69,40.16,152,32.805779336664905,11.957155292411011,152,22,882.0,765.0,935.0,817.0,673.1428571428571,743.5714285714286
2024-06-01,2024,6,23,602.0,645.0,14.45,6.01,sur,4.3183616234087285,0.21483442278684,3.793473952499754,82.12908622180562,15.51422350800142,6.81927248796749,23.55,25.25,27.64,71.65,78.41,79.37,0.0,5.99,42.84,153,32.75879850675103,12.58760828890594,153,22,801.0,713.0,959.0,844.0,644.7142857142857,698.7142857142857
2024-06-02,2024,6,23,584.0,683.0,14.84,6.19,sur,4.3183616234087285,0.21483442278684,3.793473952499754,82.12908622180562,15.51422350800142,6.684008547110719,23.58,24.76,28.3,71.98,74.1,79.29,0.0,5.88,39.27,154,32.713820429555774,13.503795913482614,154,22,866.0,728.0,968.0,822.0,604.4285714285714,658.0
2024-06-03,2024,6,24,857.0,897.0,14.82,6.45,sur,4.3183616234087285,0.21483442278684,3.793473952499754,82.12908622180562,15.51422350800142,6.612595695732893,24.63,25.25,27.28,69.59,78.72,79.56,0.0,0.29,2.01,155,32.67088105813863,10.105024817777071,155,23,578.0,872.0,649.0,926.0,644.2857142857143,693.4285714285714
2024-06-04,2024,6,24,870.0,949.0,14.86,6.39,sur,4.3183616234087285,0.21483442278684,3.793473952499754,82.12908622180562,15.51422350800142,6.762162470844044,23.61,24.57,25.87,70.73,72.23,82.83,0.0,0.28,1.97,156,32.630014568117225,9.320196916829511,156,23,629.0,882.0,672.0,933.0,678.7142857142857,733.0
2024-06-05,2024,6,24,863.0,979.0,14.68,6.42,sur,4.3183616234087285,0.21483442278684,3.793473952499754,82.12908622180562,15.51422350800142,6.616831061944146,23.18,26.21,28.04,73.57,72.25,80.75,0.0,0.29,1.96,157,32.59125333222912,13.651261866838109,157,23,614.0,861.0,662.0,920.0,714.2857142857143,778.2857142857143
2024-06-06,2024,6,24,821.0,899.0,15.64,6.06,sur,4.3183616234087285,0.21483442278684,3.793473952499754,82.12908622180562,15.51422350800142,6.546822320956801,24.07,24.99,26.81,68.85,77.9,81.68,0.0,0.29,1.98,158,32.55462789651448,10.238624557233653,158,23,633.0,860.0,637.0,935.0,741.1428571428571,815.7142857142857
2024-06-07,2024,6,24,886.0,953.0,14.45,6.04,sur,4.3183616234087285,0.21483442278684,3.793473952499754,82.12908622180562,15.51422350800142,6.441859133133956,23.95,25.05,25.67,72.22,77.41,78.04,0.0,0.28,2.1,159,32.52016695810872,8.10346183385774,159,23,591.0,882.0,658.0,935.0,783.2857142857143,857.8571428571429
2024-06-08,2024,6,24,881.0,925.0,15.46,5.97,sur,4.3183616234087285,0.21483442278684,3.793473952499754,82.12908622180562,15.51422350800142,6.7390772699667,25.08,25.86,26.67,70.24,71.97,77.99,0.0,0.29,2.07,160,32.48789734463429,7.783479166605363,160,23,602.0,801.0,645.0,959.0,823.1428571428571,897.8571428571429
2024-06-09,2024,6,24,854.0,908.0,15.47,6.49,sur,4.3183616234087285,0.21483442278684,3.793473952499754,82.12908622180562,15.51422350800142,6.471680486368789,24.55,26.44,28.26,74.16,73.71,77.03,0.0,0.29,1.94,161,32.45784399518007,11.878462317586804,161,23,584.0,866.0,683.0,968.0,861.7142857142857,930.0
2024-06-10,2024,6,25,682.0,743.0,15.33,6.08,sur,4.3183616234087285,0.21483442278684,3.793473952499754,82.12908622180562,15.51422350800142,6.202693957827081,24.8,25.65,25.86,74.22,77.0,80.41,0.0,0.44,2.94,162,32.43002994285702,6.343864281303,162,24,857.0,578.0,897.0,649.0,836.7142857142857,908.0
2024-06-11,2024,6,25,744.0,771.0,15.4,6.16,sur,4.3183616234087285,0.21483442278684,3.793473952499754,82.12908622180562,15.51422350800142,6.351119025681889,24.67,25.75,27.98,72.84,72.08,82.11,0.0,0.45,3.12,163,32.40447629891851,11.20140770671254,163,24,870.0,629.0,949.0,672.0,818.7142857142857,882.5714285714286
2024-06-12,2024,6,25,691.0,777.0,15.09,6.45,sur,4.3183616234087285,0.21483442278684,3.793473952499754,82.12908622180562,15.51422350800142,6.2325505852827225,23.57,25.11,27.47,75.46,74.86,82.29,0.0,0.45,2.88,164,32.38120223843398,12.150072615463316,164,24,863.0,614.0,979.0,662.0,794.1428571428571,853.7142857142857
2024-06-13,2024,6,25,715.0,779.0,14.78,5.96,sur,4.3183616234087285,0.21483442278684,3.793473952499754,82.12908622180562,15.51422350800142,6.604555603871543,24.87,25.6,26.64,75.12,77.72,80.97,0.0,0.45,3.1,165,32.36022498750479,8.179971048290792,165,24,821.0,633.0,899.0,637.0,779.0,836.5714285714286
2024-06-14,2024,6,25,693.0,764.0,15.44,6.0,sur,4.3183616234087285,0.21483442278684,3.793473952499754,82.12908622180562,15.51422350800142,6.555868979535958,23.75,25.01,28.03,69.16,72.51,79.08,0.0,0.42,3.04,166,32.34155981201148,12.712660448657028,166,24,886.0,591.0,953.0,658.0,751.4285714285714,809.5714285714286
2024-06-15,2024,6,25,692.0,735.0,15.53,6.36,sur,4.3183616234087285,0.21483442278684,3.793473952499754,82.12908622180562,15.51422350800142,6.255765326447482,24.24,25.07,26.95,69.62,75.51,80.42,0.0,0.41,2.96,167,32.32522000788189,10.11066534429236,167,24,881.0,602.0,925.0,645.0,724.4285714285714,782.4285714285714
2024-06-16,2024,6,25,720.0,721.0,15.07,6.48,sur,4.3183616234087285,0.21483442278684,3.793473952499754,82.12908622180562,15.51422350800142,6.728881122199185,25.05,26.82,26.18,72.91,78.58,80.23,0.0,0.44,3.08,168,32.311216892870654,6.525985992204088,168,24,854.0,584.0,908.0,683.0,705.2857142857143,755.7142857142857
2024-06-17,2024,6,26,1023.0,1125.0,15.18,5.97,sur,4.3183616234087285,0.21483442278684,3.793473952499754,82.12908622180562,15.51422350800142,6.580825011102738,23.47,24.84,26.04,72.4,76.17,77.89,0.0,2.57,18.46,169,32.29955979984046,9.838225350890015,169,25,682.0,857.0,743.0,897.0,754.0,810.2857142857143
2024-06-18,2024,6,26,1099.0,1135.0,14.43,6.03,sur,4.3183616234087285,0.21483442278684,3.793473952499754,82.12908622180562,15.51422350800142,6.371667081743629,24.63,24.79,26.83,69.47,76.75,78.43,0.0,2.68,18.88,170,32.29025607153692,9.099896032575217,170,25,744.0,870.0,771.0,949.0,804.7142857142857,862.2857142857143
2024-06-19,2024,6,26,1076.0,1120.0,14.91,6.23,sur,4.3183616234087285,0.21483442278684,3.793473952499754,82.12908622180562,15.51422350800142,6.371256323927998,24.49,25.21,26.47,70.04,73.61,77.44,0.0,2.45,17.49,171,32.2833110568489,8.631062604738586,171,25,691.0,863.0,777.0,979.0,859.7142857142857,911.2857142857143
2024-06-20,2024,6,26,1083.0,1091.0,15.61,6.2,sur,4.3183616234087285,0.21483442278684,3.793473952499754,82.12908622180562,15.51422350800142,6.369004917545237,24.92,26.55,26.28,75.44,75.69,83.7,0.0,2.58,18.15,172,32.278728108547696,7.152197011453831,172,25,715.0,821.0,779.0,899.0,912.2857142857143,955.8571428571429
2024-06-21,2024,6,26,1084.0,1125.0,15.23,6.33,sur,4.3183616234087285,0.21483442278684,3.793473952499754,82.12908622180562,15.51422350800142,6.547123887637805,23.21,26.08,27.55,69.14,73.33,76.72,0.0,2.56,17.93,173,32.27650858249868,12.775709138255433,173,25,693.0,886.0,764.0,953.0,968.1428571428571,1007.4285714285714
2024-06-22,2024,6,26,1019.0,1081.0,14.5,6.19,sur,4.3183616234087285,0.21483442278684,3.793473952499754,82.12908622180562,15.51422350800142,6.314150782074354,24.05,25.13,28.17,74.95,76.77,82.75,0.0,2.47,17.26,174,32.27665183834032,12.447745104478916,174,25,692.0,881.0,735.0,925.0,1014.8571428571429,1056.857142857143
2024-06-23,2024,6,26,1023.0,1170.0,14.42,6.44,sur,4.3183616234087285,0.21483442278684,3.793473952499754,82.12908622180562,15.51422350800142,6.758994041018523,22.9,25.98,27.24,69.89,74.02,79.84,0.0,2.61,18.85,175,32.27915524162619,12.776756740635188,175,25,720.0,854.0,721.0,908.0,1058.142857142857,1121.0
2024-06-24,2024,6,27,836.0,859.0,12.13,5.88,sur,4.354396750625051,0.247423517716484,4.116218659091661,78.92945876830193,18.324727102745435,6.521919922846197,24.89,24.66,26.77,45.73,52.26,66.9,0.0,38.93,255.6,176,32.28401416742657,8.410465909360555,176,26,1023.0,682.0,1125.0,743.0,1031.4285714285713,1083.0
2024-06-25,2024,6,27,892.0,935.0,11.42,5.9,sur,4.354396750625051,0.247423517716484,4.116218659091661,78.92945876830193,18.324727102745435,6.268410453372043,24.75,23.83,25.91,48.05,51.86,70.96,0.0,37.51,257.16,177,32.29122200538712,6.607954988265564,177,26,1099.0,744.0,1135.0,771.0,1001.8571428571429,1054.4285714285713
2024-06-26,2024,6,27,859.0,870.0,12.41,5.84,sur,4.354396750625051,0.247423517716484,4.116218659091661,78.92945876830193,18.324727102745435,6.515484915145726,23.31,24.32,26.69,46.09,51.07,68.34,0.0,38.77,259.55,178,32.3007701662432,11.283006249316756,178,26,1076.0,691.0,1120.0,777.0,970.8571428571429,1018.7142857142857
2024-06-27,2024,6,27,871.0,887.0,12.21,5.73,sur,4.354396750625051,0.247423517716484,4.116218659091661,78.92945876830193,18.324727102745435,6.379859976339946,23.79,25.48,27.82,45.34,50.83,65.8,0.0,38.73,276.87,179,32.31264808978886,12.324765784538998,179,26,1083.0,715.0,1091.0,779.0,940.5714285714286,989.5714285714286
2024-06-28,2024,6,27,873.0,856.0,12.55,5.63,sur,4.354396750625051,0.247423517716484,4.116218659091661,78.92945876830193,18.324727102745435,6.350796528401896,23.3,24.32,27.78,47.76,51.14,66.72,0.0,39.52,254.23,180,32.32684325430104,13.00037576424227,180,26,1084.0,693.0,1125.0,764.0,910.4285714285714,951.1428571428571
2024-06-29,2024,6,27,854.0,878.0,11.71,5.62,sur,4.354396750625051,0.247423517716484,4.116218659091661,78.92945876830193,18.324727102745435,6.434633640140355,23.63,23.89,25.8,44.09,55.32,70.7,0.0,39.11,274.43,181,32.34334118741973,9.052496175326151,181,26,1019.0,692.0,1081.0,735.0,886.8571428571429,922.1428571428571
2024-06-30,2024,6,27,824.0,901.0,12.13,5.92,sur,4.354396750625051,0.247423517716484,4.116218659091661,78.92945876830193,18.324727102745435,6.166783697985128,24.51,23.82,27.48,46.69,52.68,67.12,0.0,37.38,257.94,182,32.36212547848593,10.59665665961835,182,26,1023.0,720.0,1170.0,721.0,858.4285714285714,883.7142857142857
2024-07-01,2024,7,28,1048.0,1151.0,11.76,5.63,sur,4.354396750625051,0.247423517716484,4.116218659091661,78.92945876830193,18.324727102745435,6.539370551612962,24.28,23.88,26.16,45.24,49.94,66.87,0.0,1.64,10.68,183,32.38317779234004,8.436299508691114,183,27,836.0,1023.0,859.0,1125.0,888.7142857142857,925.4285714285714
2024-07-02,2024,7,28,1026.0,1067.0,11.46,5.81,sur,4.354396750625051,0.247423517716484,4.116218659091661,78.92945876830193,18.324727102745435,6.401773196158953,23.96,25.13,27.07,44.74,50.63,70.99,0.0,1.57,11.29,184,32.406477884583715,10.858394785750658,184,27,892.0,1099.0,935.0,1135.0,907.8571428571429,944.2857142857143
2024-07-03,2024,7,28,1063.0,1075.0,12.13,5.93,sur,4.354396750625051,0.247423517716484,4.116218659091661,78.92945876830193,18.324727102745435,6.098897359099725,22.92,23.81,27.97,45.95,50.97,67.28,0.0,1.6,11.2,185,32.4320036183089,13.847554076981938,185,27,859.0,1076.0,870.0,1120.0,937.0,973.5714285714286
2024-07-04,2024,7,28,1062.0,1044.0,12.6,5.97,sur,4.354396750625051,0.247423517716484,4.116218659091661,78.92945876830193,18.324727102745435,6.353624154219103,25.09,26.1,25.92,43.84,52.57,70.52,0.0,1.56,10.84,186,32.4597309822984,5.618722239111324,186,27,871.0,1083.0,887.0,1091.0,964.2857142857143,996.0
2024-07-05,2024,7,28,1102.0,1063.0,11.46,5.89,sur,4.354396750625051,0.247423517716484,4.116218659091661,78.92945876830193,18.324727102745435,6.445104701362453,24.11,25.7,28.19,47.13,53.37,71.31,0.0,1.59,11.29,187,32.48963411070249,12.46891036557144,187,27,873.0,1084.0,856.0,1125.0,997.0,1025.5714285714287
2024-07-06,2024,7,28,1074.0,1085.0,11.71,5.89,sur,4.354396750625051,0.247423517716484,4.116218659091661,78.92945876830193,18.324727102745435,6.52281324180537,22.99,25.61,26.04,45.79,53.55,67.52,0.0,1.63,10.95,188,32.521685304196446,10.79136951245523,188,27,854.0,1019.0,878.0,1081.0,1028.4285714285713,1055.142857142857
2024-07-07,2024,7,28,1024.0,1075.0,11.99,6.1,sur,4.354396750625051,0.247423517716484,4.116218659091661,78.92945876830193,18.324727102745435,6.395754175620034,24.55,25.91,27.85,47.75,50.28,71.12,0.0,1.56,11.26,189,32.55585505262423,11.23672305289478,189,27,824.0,1023.0,901.0,1170.0,1057.0,1080.0
2024-07-08,2024,7,29,982.0,997.0,12.12,5.74,sur,4.354396750625051,0.247423517716484,4.116218659091661,78.92945876830193,18.324727102745435,5.9935582044996885,23.98,25.5,28.05,46.79,49.96,66.79,0.0,3.06,21.29,190,32.59211205913328,12.492901345353731,190,28,1048.0,836.0,1151.0,859.0,1047.5714285714287,1058.0
2024-07-09,2024,7,29,1031.0,1028.0,12.48,5.91,sur,4.354396750625051,0.247423517716484,4.116218659091661,78.92945876830193,18.324727102745435,6.423919771627111,24.99,23.85,25.72,47.22,53.68,69.56,0.0,3.11,22.76,191,32.630423265805646,5.297094713292457,191,28,1026.0,892.0,1067.0,935.0,1048.2857142857142,1052.4285714285713
2024-07-10,2024,7,29,1016.0,1014.0,11.44,5.96,sur,4.354396750625051,0.247423517716484,4.116218659091661,78.92945876830193,18.324727102745435,6.164630662369358,24.53,24.63,25.93,44.25,55.16,68.04,0.0,3.13,22.73,192,32.670753880790414,7.344745888245161,192,28,1063.0,859.0,1075.0,870.0,1041.5714285714287,1043.7142857142858
2024-07-11,2024,7,29,1010.0,1035.0,11.69,5.77,sur,4.354396750625051,0.247423517716484,4.116218659091661,78.92945876830193,18.324727102745435,6.503450521789023,24.5,24.69,25.7,47.29,50.28,70.44,0.0,3.05,21.96,193,32.713067406941754,6.80872027870823,193,28,1062.0,871.0,1044.0,887.0,1034.142857142857,1042.4285714285713
2024-07-12,2024,7,29,971.0,1004.0,12.53,5.89,sur,4.354396750625051,0.247423517716484,4.116218659091661,78.92945876830193,18.324727102745435,6.55361592965656,24.09,25.63,27.05,44.82,54.47,70.03,0.0,3.26,20.96,194,32.75732567196704,10.707988471730834,194,28,1102.0,873.0,1063.0,856.0,1015.4285714285714,1034.0
2024-07-13,2024,7,29,942.0,1009.0,12.21,5.69,sur,4.354396750625051,0.247423517716484,4.116218659091661,78.92945876830193,18.324727102745435,6.273738644873935,24.54,24.25,25.93,48.03,54.39,66.53,0.0,3.06,22.5,195,32.80348886008833,7.348201167596495,195,28,1074.0,854.0,1085.0,878.0,996.5714285714286,1023.1428571428571
2024-07-14,2024,7,29,950.0,1041.0,11.88,5.64,sur,4.354396750625051,0.247423517716484,4.116218659091661,78.92945876830193,18.324727102745435,6.325758579398243,24.13,23.98,25.99,43.82,50.0,67.56,0.0,3.1,21.31,196,32.85151554522007,8.512663822514265,196,28,1024.0,824.0,1075.0,901.0,986.0,1018.2857142857143
2024-07-15,2024,7,30,915.0,1023.0,11.54,6.19,sur,4.354396750625051,0.247423517716484,4.116218659091661,78.92945876830193,18.324727102745435,6.477719426477802,24.68,24.7,26.65,44.24,54.76,66.85,0.0,0.0,0.0,197,32.90136272566487,8.774060005203216,197,29,982.0,1048.0,997.0,1151.0,976.4285714285714,1022.0
2024-07-16,2024,7,30,964.0,1037.0,11.76,6.09,sur,4.354396750625051,0.247423517716484,4.116218659091661,78.92945876830193,18.324727102745435,6.331036012392048,23.97,25.51,28.33,45.76,54.45,66.65,0.0,0.0,0.0,198,32.952985860328155,13.07349236509361,198,29,1031.0,1026.0,1028.0,1067.0,966.8571428571429,1023.2857142857143
2024-07-17,2024,7,30,943.0,987.0,12.39,5.67,sur,4.354396750625051,0.247423517716484,4.116218659091661,78.92945876830193,18.324727102745435,6.355334372774384,24.85,25.01,27.38,46.73,53.91,65.14,0.0,0.0,0.0,199,33.006338906451326,9.97496122591717,199,29,1016.0,1063.0,1014.0,1075.0,956.4285714285714,1019.4285714285714
2024-07-18,2024,7,30,938.0,997.0,11.84,5.63,sur,4.354396750625051,0.247423517716484,4.116218659091661,78.92945876830193,18.324727102745435,6.194258196178992,25.07,24.88,27.66,46.78,53.82,70.86,0.0,0.0,0.0,200,33.06137435886172,10.109376850774543,200,29,1010.0,1062.0,1035.0,1044.0,946.1428571428571,1014.0
2024-07-19,2024,7,30,954.0,1000.0,12.13,5.97,sur,4.354396750625051,0.247423517716484,4.116218659091661,78.92945876830193,18.324727102745435,6.1168319192227605,24.18,24.23,27.28,48.19,53.61,69.4,0.0,0.0,0.0,201,33.11804329073593,11.07896313769317,201,29,971.0,1102.0,1004.0,1063.0,943.7142857142857,1013.4285714285714
2024-07-20,2024,7,30,984.0,1039.0,11.76,6.08,sur,4.354396750625051,0.247423517716484,4.116218659091661,78.92945876830193,18.324727102745435,6.582654136765376,23.47,25.84,27.1,45.71,50.08,66.15,0.0,0.0,0.0,202,33.17629539587189,12.009773109605783,202,29,942.0,1074.0,1009.0,1085.0,949.7142857142857,1017.7142857142857
2024-07-21,2024,7,30,937.0,997.0,11.68,6.05,sur,4.354396750625051,0.247423517716484,4.116218659091661,78.92945876830193,18.324727102745435,6.2620204656359135,24.55,24.86,25.74,46.32,52.39,69.03,0.0,0.0,0.0,203,33.23607903246254,6.888693541703862,203,29,950.0,1024.0,1041.0,1075.0,947.8571428571429,1011.4285714285714
2024-07-22,2024,7,31,1008.0,1135.0,4.2,6.4,sur,4.354396750625051,0.247423517716484,4.116218659091661,78.92945876830193,18.324727102745435,6.403264867328488,24.05,25.5,27.81,30.82,40.25,54.71,0.0,0.0,0.0,204,33.29734126836285,12.26752864348416,204,30,915.0,982.0,1023.0,997.0,961.1428571428571,1027.4285714285713
2024-07-23,2024,7,31,1071.0,1067.0,4.02,6.04,sur,4.354396750625051,0.247423517716484,4.116218659091661,78.92945876830193,18.324727102745435,6.192453505130807,23.34,23.69,26.04,33.16,40.55,52.06,0.0,0.0,0.0,205,33.360027927839006,10.415062694595456,205,30,964.0,1031.0,1037.0,1028.0,976.4285714285714,1031.7142857142858
2024-07-24,2024,7,31,1059.0,1065.0,4.03,6.6,sur,4.354396750625051,0.247423517716484,4.116218659091661,78.92945876830193,18.324727102745435,6.511728354452606,23.15,25.35,25.98,30.79,40.69,54.81,0.0,0.0,0.0,206,33.42408363978677,10.68332223875664,206,30,943.0,1016.0,987.0,1014.0,993.0,1042.857142857143
2024-07-25,2024,7,31,1021.0,1128.0,4.02,6.24,sur,4.354396750625051,0.247423517716484,4.116218659091661,78.92945876830193,18.324727102745435,6.055801480904053,24.56,24.71,27.87,32.65,37.29,51.38,0.0,0.0,0.0,207,33.489451887403895,11.576456320562873,207,30,938.0,1010.0,997.0,1035.0,1004.8571428571429,1061.5714285714287
2024-07-26,2024,7,31,1060.0,1106.0,3.93,6.22,sur,4.354396750625051,0.247423517716484,4.116218659091661,78.92945876830193,18.324727102745435,6.418303148390123,23.04,25.33,28.19,33.02,40.74,56.68,0.0,0.0,0.0,208,33.556075059297875,14.468662045431696,208,30,954.0,971.0,1000.0,1004.0,1020.0,1076.7142857142858
2024-07-27,2024,7,31,1050.0,1087.0,4.03,6.09,sur,4.354396750625051,0.247423517716484,4.116218659091661,78.92945876830193,18.324727102745435,6.360268491471953,24.41,24.09,28.15,33.25,38.74,51.35,0.0,0.0,0.0,209,33.62389450200935,12.354848276204974,209,30,984.0,942.0,1039.0,1009.0,1029.4285714285713,1083.5714285714287
2024-07-28,2024,7,31,1041.0,1151.0,3.96,6.15,sur,4.354396750625051,0.247423517716484,4.116218659091661,78.92945876830193,18.324727102745435,6.229381916213651,23.06,23.8,28.26,31.51,37.41,53.31,0.0,0.0,0.0,210,33.69285057392693,14.597988885852978,210,30,937.0,950.0,997.0,1041.0,1044.2857142857142,1105.5714285714287
2024-07-29,2024,7,32,1114.0,1214.0,4.18,6.31,sur,4.354396750625051,0.247423517716484,4.116218659091661,78.92945876830193,18.324727102745435,6.472701311787953,24.57,25.0,28.26,33.46,37.71,52.69,0.0,0.0,0.0,211,33.762882700567644,12.322712155099596,211,31,1008.0,915.0,1135.0,1023.0,1059.4285714285713,1116.857142857143
2024-07-30,2024,7,32,1059.0,1163.0,4.08,6.19,sur,4.354396750625051,0.247423517716484,4.116218659091661,78.92945876830193,18.324727102745435,6.129518268910857,25.09,26.07,25.98,33.12,39.8,55.15,0.0,0.0,0.0,212,33.833929431193624,6.064584385667093,212,31,1071.0,964.0,1067.0,1037.0,1057.7142857142858,1130.5714285714287
2024-07-31,2024,7,32,1033.0,1153.0,3.93,6.27,sur,4.354396750625051,0.247423517716484,4.116218659091661,78.92945876830193,18.324727102745435,6.069829387427276,23.82,23.99,25.96,32.26,38.91,52.03,0.0,0.0,0.0,213,33.90592849673267,9.424018487944648,213,31,1059.0,943.0,1065.0,987.0,1054.0,1143.142857142857
2024-08-01,2024,8,32,1132.0,1226.0,4.04,6.16,sur,4.354396750625051,0.247423517716484,4.116218659091661,78.92945876830193,18.324727102745435,6.19771586109434,23.72,23.95,28.22,32.6,38.91,56.64,0.0,0.0,0.0,214,33.978816868967336,13.695191540103313,214,31,1021.0,938.0,1128.0,997.0,1069.857142857143,1157.142857142857
2024-08-02,2024,8,32,1068.0,1154.0,3.9,6.55,sur,4.354396750625051,0.247423517716484,4.116218659091661,78.92945876830193,18.324727102745435,6.394227095257628,23.64,23.69,26.23,32.72,37.85,54.32,0.0,0.0,0.0,215,34.0525308209535,10.412448770429345,215,31,1060.0,954.0,1106.0,1000.0,1071.0,1164.0
2024-08-03,2024,8,32,1057.0,1182.0,4.18,6.37,sur,4.354396750625051,0.247423517716484,4.116218659091661,78.92945876830193,18.324727102745435,6.612304670992229,25.06,24.8,26.39,32.6,38.89,51.75,0.0,0.0,0.0,216,34.12700598862685,7.477864821918345,216,31,1050.0,984.0,1087.0,1039.0,1072.0,1177.5714285714287
2024-08-04,2024,8,32,1097.0,1206.0,4.13,6.61,sur,4.354396750625051,0.247423517716484,4.116218659091661,78.92945876830193,18.324727102745435,6.484310254606051,24.6,25.47,28.31,32.47,36.89,54.96,0.0,0.0,0.0,217,34.20217743355145,12.516828779021449,217,31,1041.0,937.0,1151.0,997.0,1080.0,1185.4285714285713
2024-08-05,2024,8,33,993.0,1103.0,3.98,6.44,sur,4.354396750625051,0.247423517716484,4.116218659091661,78.92945876830193,18.324727102745435,6.586973916122983,25.11,23.91,25.71,30.7,37.93,56.49,0.0,0.0,0.0,218,34.277979706762,5.0448056927451566,218,32,1114.0,1008.0,1214.0,1135.0,1062.7142857142858,1169.5714285714287
2024-08-06,2024,8,33,974.0,1070.0,3.91,6.5,sur,4.354396750625051,0.247423517716484,4.116218659091661,78.92945876830193,18.324727102745435,6.458768504675179,23.07,24.35,26.76,31.87,37.31,54.75,0.0,0.0,0.0,219,34.35434691364722,12.538583628885204,219,32,1059.0,1071.0,1163.0,1067.0,1050.5714285714287,1156.2857142857142
2024-08-07,2024,8,33,970.0,1037.0,3.87,6.57,sur,4.354396750625051,0.247423517716484,4.116218659091661,78.92945876830193,18.324727102745435,6.38609554402643,24.24,23.83,27.94,31.42,36.75,55.89,0.0,0.0,0.0,220,34.4312127798191,12.583654429049998,220,32,1033.0,1059.0,1153.0,1065.0,1041.5714285714287,1139.7142857142858
2024-08-08,2024,8,33,960.0,1099.0,3.88,6.07,sur,4.354396750625051,0.247423517716484,4.116218659091661,78.92945876830193,18.324727102745435,6.333218616627577,24.46,23.83,27.86,31.45,39.26,54.39,0.0,0.0,0.0,221,34.50851071790864,12.089804451311617,221,32,1132.0,1021.0,1226.0,1128.0,1017.0,1121.5714285714287
2024-08-09,2024,8,33,951.0,1088.0,4.08,6.55,sur,4.354396750625051,0.247423517716484,4.116218659091661,78.92945876830193,18.324727102745435,6.554877152707595,24.62,23.74,26.33,31.32,39.06,52.51,0.0,0.0,0.0,222,34.58617389522569,8.59318530062175,222,32,1068.0,1060.0,1154.0,1106.0,1000.2857142857143,1112.142857142857
2024-08-10,2024,8,33,936.0,1080.0,4.09,6.04,sur,4.354396750625051,0.247423517716484,4.116218659091661,78.92945876830193,18.324727102745435,6.325271971703937,23.92,24.0,26.59,32.39,38.31,56.32,0.0,0.0,0.0,223,34.66413530221696,10.7619161212559,223,32,1057.0,1050.0,1182.0,1087.0,983.0,1097.5714285714287
2024-08-11,2024,8,33,1016.0,1093.0,3.93,6.44,sur,4.354396750625051,0.247423517716484,4.116218659091661,78.92945876830193,18.324727102745435,6.370265950278986,24.75,23.92,27.77,32.06,38.15,56.4,0.0,0.0,0.0,224,34.74232782165292,11.471388450159766,224,32,1097.0,1041.0,1206.0,1151.0,971.4285714285714,1081.4285714285713
2024-08-12,2024,8,34,985.0,1067.0,3.81,6.29,este,4.354396750625051,0.247423517716484,4.116218659091661,78.92945876830193,18.324727102745435,6.587247432035598,23.09,25.4,26.75,32.08,38.57,56.52,0.0,0.0,0.0,225,34.82068429847086,12.657019386441268,225,33,993.0,1114.0,1103.0,1214.0,970.2857142857143,1076.2857142857142
2024-08-13,2024,8,34,956.0,1062.0,4.19,6.11,este,4.354396750625051,0.247423517716484,4.116218659091661,78.92945876830193,18.324727102745435,6.089021979999204,23.53,23.9,27.06,32.56,38.5,56.35,0.0,0.0,0.0,226,34.89913761019836,12.458210048790573,226,33,974.0,1059.0,1070.0,1163.0,967.7142857142857,1075.142857142857
2024-08-14,2024,8,34,984.0,1076.0,3.99,6.61,este,4.354396750625051,0.247423517716484,4.116218659091661,78.92945876830193,18.324727102745435,6.109404944044083,22.84,25.47,27.1,32.04,40.03,54.76,0.0,0.0,0.0,227,34.977620737878034,13.716669195417868,227,33,970.0,1033.0,1037.0,1153.0,969.7142857142857,1080.7142857142858
2024-08-15,2024,8,34,977.0,1061.0,3.9,6.22,este,4.354396750625051,0.247423517716484,4.116218659091661,78.92945876830193,18.324727102745435,6.14231198718903,23.06,25.21,28.28,32.3,40.36,52.59,0.0,0.0,0.0,228,35.056066837411365,15.217805908010336,228,33,960.0,1132.0,1099.0,1226.0,972.1428571428571,1075.2857142857142
2024-08-16,2024,8,34,897.0,1075.0,4.0,6.48,este,4.354396750625051,0.247423517716484,4.116218659091661,78.92945876830193,18.324727102745435,6.601007093227083,23.07,24.93,27.48,31.08,39.34,56.45,0.0,0.0,0.0,229,35.13440931123666,14.018629315183428,229,33,951.0,1068.0,1088.0,1154.0,964.4285714285714,1073.4285714285713
2024-08-17,2024,8,34,910.0,1126.0,3.85,6.02,este,4.354396750625051,0.247423517716484,4.116218659091661,78.92945876830193,18.324727102745435,6.356441259808229,24.11,25.88,28.09,32.6,38.38,52.98,0.0,0.0,0.0,230,35.212581880252884,13.347287241903697,230,33,936.0,1057.0,1080.0,1182.0,960.7142857142857,1080.0
2024-08-18,2024,8,34,935.0,1099.0,3.99,6.49,este,4.354396750625051,0.247423517716484,4.116218659091661,78.92945876830193,18.324727102745435,6.458945325326268,22.92,24.58,26.5,31.39,38.06,55.34,0.0,0.0,0.0,231,35.29051865589894,12.68683102006052,231,33,1016.0,1097.0,1093.0,1206.0,949.1428571428571,1080.857142857143
2024-08-19,2024,8,35,537.0,637.0,3.89,6.47,este,4.354396750625051,0.247423517716484,4.116218659091661,78.92945876830193,18.324727102745435,6.043006413029305,24.02,23.69,25.72,33.11,38.08,56.55,0.0,0.0,0.0,232,35.36815421229483,8.761741928318084,232,34,985.0,993.0,1067.0,1103.0,885.1428571428571,1019.4285714285714
2024-08-20,2024,8,35,539.0,601.0,3.85,6.57,este,4.354396750625051,0.247423517716484,4.116218659091661,78.92945876830193,18.324727102745435,6.556311392868336,23.04,25.73,27.61,32.58,38.52,52.26,0.0,0.0,0.0,233,35.44542365834922,14.396995621567578,233,34,956.0,974.0,1062.0,1070.0,825.5714285714286,953.5714285714286
2024-08-21,2024,8,35,510.0,609.0,3.89,6.38,este,4.354396750625051,0.247423517716484,4.116218659091661,78.92945876830193,18.324727102745435,6.046691804981289,23.99,23.9,28.19,31.16,36.06,53.49,0.0,0.0,0.0,234,35.522262709735344,13.83180532912135,234,34,984.0,970.0,1076.0,1037.0,757.8571428571429,886.8571428571429
2024-08-22,2024,8,35,530.0,600.0,3.83,6.24,este,4.354396750625051,0.247423517716484,4.116218659091661,78.92945876830193,18.324727102745435,6.454770522619572,23.67,23.65,27.93,31.65,35.04,55.41,0.0,0.0,0.0,235,35.59860776063529,13.960192722350742,235,34,977.0,960.0,1061.0,1099.0,694.0,821.0
2024-08-23,2024,8,35,535.0,611.0,4.0,6.23,este,4.354396750625051,0.247423517716484,4.116218659091661,78.92945876830193,18.324727102745435,6.334054650562808,25.14,23.75,26.36,32.95,36.48,54.13,0.0,0.0,0.0,236,35.674395955150665,7.486695065499754,236,34,897.0,951.0,1075.0,1088.0,642.2857142857143,754.7142857142857
2024-08-24,2024,8,35,564.0,599.0,3.81,6.61,este,4.354396750625051,0.247423517716484,4.116218659091661,78.92945876830193,18.324727102745435,6.511439137958952,24.37,23.76,27.34,32.25,35.1,52.44,0.0,0.0,0.0,237,35.74956525827639,11.705840181122085,237,34,910.0,936.0,1126.0,1080.0,592.8571428571429,679.4285714285714
2024-08-25,2024,8,35,511.0,639.0,3.98,6.33,este,4.354396750625051,0.247423517716484,4.116218659091661,78.92945876830193,18.324727102745435,6.130795775989345,23.61,26.0,25.82,30.44,35.94,52.58,0.0,0.0,0.0,238,35.82405452633241,10.118694290526744,238,34,935.0,1016.0,1099.0,1093.0,532.2857142857143,613.7142857142857
2024-08-26,2024,8,36,718.0,836.0,0.97,7.34,este,4.354396750625051,0.247423517716484,4.116218659091661,78.92945876830193,18.324727102745435,6.489986125483881,24.5,24.36,26.47,25.1,30.43,41.54,0.0,0.0,0.0,239,35.89780357674738,9.573143983841334,239,35,537.0,985.0,637.0,1067.0,558.1428571428571,642.1428571428571
2024-08-27,2024,8,36,723.0,867.0,1.05,7.36,este,4.354396750625051,0.247423517716484,4.116218659091661,78.92945876830193,18.324727102745435,6.332790871579237,24.79,24.87,28.33,24.78,32.3,39.66,0.0,0.0,0.0,240,35.97075325708702,12.858927992504292,240,35,539.0,956.0,601.0,1062.0,584.4285714285714,680.1428571428571
2024-08-28,2024,8,36,765.0,887.0,0.99,7.37,este,4.354396750625051,0.247423517716484,4.116218659091661,78.92945876830193,18.324727102745435,6.153275820343114,23.84,26.15,25.9,24.6,31.15,40.37,0.0,0.0,0.0,241,36.042845513219575,9.828930891805603,241,35,510.0,984.0,609.0,1076.0,620.8571428571429,719.8571428571429
2024-08-29,2024,8,36,756.0,891.0,0.99,7.15,este,4.354396750625051,0.247423517716484,4.116218659091661,78.92945876830193,18.324727102745435,6.200790073916731,24.88,26.01,25.98,25.21,31.57,41.71,0.0,0.0,0.0,242,36.11402345650973,7.196574395400249,242,35,530.0,977.0,600.0,1061.0,653.1428571428571,761.4285714285714
2024-08-30,2024,8,36,702.0,873.0,0.95,7.1,este,4.354396750625051,0.247423517716484,4.116218659091661,78.92945876830193,18.324727102745435,6.46635510558605,23.96,26.39,27.64,23.98,31.09,39.46,0.0,0.0,0.0,243,36.18423142993297,13.18854430812717,243,35,535.0,897.0,611.0,1075.0,677.0,798.8571428571429
2024-08-31,2024,8,36,760.0,905.0,1.04,7.42,este,4.354396750625051,0.247423517716484,4.116218659091661,78.92945876830193,18.324727102745435,6.421805337101503,24.71,26.72,27.31,26.14,31.07,39.74,0.0,0.0,0.0,244,36.25341507300143,11.106806309834385,244,35,564.0,910.0,599.0,1126.0,705.0,842.5714285714286
2024-09-01,2024,9,36,767.0,872.0,1.0,7.35,este,4.354396750625051,0.247423517716484,4.116218659091661,78.92945876830193,18.324727102745435,6.554700987943395,23.08,26.62,26.66,25.68,31.92,40.75,0.0,0.0,0.0,245,36.32152138539364,13.057473274935234,245,35,511.0,935.0,639.0,1099.0,741.5714285714286,875.8571428571429
2024-09-02,2024,9,37,830.0,1052.0,0.99,7.21,este,4.354396750625051,0.247423517716484,4.116218659091661,78.92945876830193,18.324727102745435,6.041636819030409,24.52,24.36,26.66,24.74,32.17,42.01,0.0,0.0,0.0,246,36.388498789180304,10.114039064608791,246,36,718.0,537.0,836.0,637.0,757.5714285714286,906.7142857142857
2024-09-03,2024,9,37,817.0,1022.0,1.02,7.11,este,4.354396750625051,0.247423517716484,4.116218659091661,78.92945876830193,18.324727102745435,6.296388616268501,23.21,24.71,28.15,26.02,29.6,42.23,0.0,0.0,0.0,247,36.45429718953992,15.394507700785493,247,36,723.0,539.0,867.0,601.0,771.0,928.8571428571429
2024-09-04,2024,9,37,814.0,1054.0,0.99,7.35,este,4.354396750625051,0.247423517716484,4.116218659091661,78.92945876830193,18.324727102745435,6.57054854629378,25.13,26.32,25.88,25.88,29.64,42.36,0.0,0.0,0.0,248,36.51886803385843,6.008990812606847,248,36,765.0,510.0,887.0,609.0,778.0,952.7142857142857
2024-09-05,2024,9,37,842.0,985.0,0.97,7.14,este,4.354396750625051,0.247423517716484,4.116218659091661,78.92945876830193,18.324727102745435,6.356647738145841,24.48,26.15,26.95,25.12,31.34,41.39,0.0,0.0,0.0,249,36.58216436910934,10.92374300717833,249,36,756.0,530.0,891.0,600.0,790.2857142857143,966.1428571428571
2024-09-06,2024,9,37,815.0,999.0,1.04,7.16,este,4.354396750625051,0.247423517716484,4.116218659091661,78.92945876830193,18.324727102745435,6.601758139157364,25.03,24.49,27.27,24.32,31.08,39.49,0.0,0.0,0.0,250,36.64414089741174,10.420346355779712,250,36,702.0,535.0,873.0,611.0,806.4285714285714,984.1428571428571
2024-09-07,2024,9,37,828.0,1029.0,0.96,7.24,este,4.354396750625051,0.247423517716484,4.116218659091661,78.92945876830193,18.324727102745435,6.46235010470059,22.92,26.72,27.23,25.05,29.47,40.08,0.0,0.0,0.0,251,36.7047540296665,14.47819941598233,251,36,760.0,564.0,905.0,599.0,816.1428571428571,1001.8571428571429
2024-09-08,2024,9,37,828.0,999.0,0.99,7.21,este,4.354396750625051,0.247423517716484,4.116218659091661,78.92945876830193,18.324727102745435,6.28404136272558,25.19,26.33,25.76,24.78,31.3,39.75,0.0,0.0,0.0,252,36.76396193717215,5.273674690394665,252,36,767.0,511.0,872.0,639.0,824.8571428571429,1020.0
2024-09-09,2024,9,38,897.0,1120.0,1.01,6.79,este,4.354396750625051,0.247423517716484,4.116218659091661,78.92945876830193,18.324727102745435,6.088018203573144,23.94,26.45,28.87,24.7,32.0,39.68,0.0,0.0,0.0,253,36.82172460112562,15.533924359257467,253,37,830.0,718.0,1052.0,836.0,834.4285714285714,1029.7142857142858
2024-09-10,2024,9,38,880.0,1135.0,0.99,7.25,este,4.354396750625051,0.247423517716484,4.116218659091661,78.92945876830193,18.324727102745435,6.410688680036403,22.99,25.11,26.92,25.72,32.03,42.52,0.0,0.0,0.0,254,36.87800385991513,13.890480898220488,254,37,817.0,723.0,1022.0,867.0,843.4285714285714,1045.857142857143
2024-09-11,2024,9,38,925.0,1146.0,1.04,7.01,este,4.354396750625051,0.247423517716484,4.116218659091661,78.92945876830193,18.324727102745435,6.25497321306913,23.83,26.36,27.44,26.01,31.14,41.08,0.0,0.0,0.0,255,36.93276345411582,13.332727606935816,255,37,814.0,765.0,1054.0,887.0,859.2857142857143,1059.0
2024-09-12,2024,9,38,884.0,1086.0,1.01,6.81,este,4.354396750625051,0.247423517716484,4.116218659091661,78.92945876830193,18.324727102745435,6.1742283230596415,24.72,25.72,28.99,24.04,29.91,40.1,0.0,0.0,0.0,256,36.98596906910211,14.521267996613869,256,37,842.0,756.0,985.0,891.0,865.2857142857143,1073.4285714285713
2024-09-13,2024,9,38,948.0,1117.0,0.98,7.35,este,4.354396750625051,0.247423517716484,4.116218659091661,78.92945876830193,18.324727102745435,6.153072186986225,24.22,26.55,27.34,25.92,32.53,40.15,0.0,0.0,0.0,257,37.03758837519439,12.43007069661764,257,37,815.0,702.0,999.0,873.0,884.2857142857143,1090.2857142857142
2024-09-14,2024,9,38,882.0,1091.0,0.97,7.27,este,4.354396750625051,0.247423517716484,4.116218659091661,78.92945876830193,18.324727102745435,6.544331980575174,23.82,25.7,27.23,25.48,31.74,41.76,0.0,0.0,0.0,258,37.087591065261456,13.012460258785538,258,37,828.0,760.0,1029.0,905.0,892.0,1099.142857142857
2024-09-15,2024,9,38,944.0,1075.0,1.02,7.23,este,4.354396750625051,0.247423517716484,4.116218659091661,78.92945876830193,18.324727102745435,6.248151793270709,23.65,25.89,27.39,24.22,32.28,41.87,0.0,0.0,0.0,259,37.1359488897041,13.645326364492927,259,37,828.0,767.0,999.0,872.0,908.5714285714286,1110.0
2024-09-16,2024,9,39,797.0,962.0,0.98,7.31,este,4.354396750625051,0.247423517716484,4.116218659091661,78.92945876830193,18.324727102745435,6.107064060301464,24.71,25.8,28.23,24.47,31.79,40.62,0.0,0.0,0.0,260,37.18263568874978,13.254553552397663,260,38,897.0,830.0,1120.0,1052.0,894.2857142857143,1087.4285714285713
2024-09-17,2024,9,39,838.0,990.0,0.99,7.39,este,4.354396750625051,0.247423517716484,4.116218659091661,78.92945876830193,18.324727102745435,6.366901427333682,23.3,25.3,28.28,24.32,30.31,39.16,0.0,0.0,0.0,261,37.22762742199263,15.784601827688752,261,38,880.0,817.0,1135.0,1022.0,888.2857142857143,1066.7142857142858
2024-09-18,2024,9,39,833.0,987.0,1.0,7.21,este,4.354396750625051,0.247423517716484,4.116218659091661,78.92945876830193,18.324727102745435,6.023253720390098,25.06,26.31,28.71,23.75,30.96,39.97,0.0,0.0,0.0,262,37.27090219511763,13.529132145945889,262,38,925.0,814.0,1146.0,1054.0,875.1428571428571,1044.0
2024-09-19,2024,9,39,813.0,946.0,0.98,7.45,este,4.354396750625051,0.247423517716484,4.116218659091661,78.92945876830193,18.324727102745435,6.601785754761533,22.98,24.97,27.75,24.26,32.04,40.69,0.0,0.0,0.0,263,37.31244028375322,15.483403933667615,263,38,884.0,842.0,1086.0,985.0,865.0,1024.0
2024-09-20,2024,9,39,812.0,1003.0,1.05,6.89,este,4.354396750625051,0.247423517716484,4.116218659091661,78.92945876830193,18.324727102745435,6.389121062210591,23.57,25.99,28.3,24.85,32.31,41.91,0.0,0.0,0.0,264,37.3522241544009,15.434786925338878,264,38,948.0,815.0,1117.0,999.0,845.5714285714286,1007.7142857142857
2024-09-21,2024,9,39,821.0,1013.0,0.96,7.04,este,4.354396750625051,0.247423517716484,4.116218659091661,78.92945876830193,18.324727102745435,6.120205974982094,24.8,24.7,27.52,25.58,31.34,42.49,0.0,0.0,0.0,265,37.390238482396256,11.716456599876498,265,38,882.0,828.0,1091.0,1029.0,836.8571428571429,996.5714285714286
2024-09-22,2024,9,39,807.0,941.0,1.02,7.29,este,4.354396750625051,0.247423517716484,4.116218659091661,78.92945876830193,18.324727102745435,6.587317630625948,23.9,25.03,27.67,25.97,31.36,40.36,0.0,0.0,0.0,266,37.4264701668608,13.807121454142177,266,38,944.0,828.0,1075.0,999.0,817.2857142857143,977.4285714285714
2024-09-23,2024,9,40,846.0,1035.0,3.0,8.35,este,4.354396750625051,0.247423517716484,4.116218659091661,78.92945876830193,18.324727102745435,6.326238707802784,26.15,25.13,29.3,28.21,38.2,40.49,0.0,0.0,0.0,267,37.46090834260974,12.632438182628896,267,39,797.0,897.0,962.0,1120.0,824.2857142857143,987.8571428571429
2024-09-24,2024,9,40,830.0,1048.0,2.91,8.78,este,4.354396750625051,0.247423517716484,4.116218659091661,78.92945876830193,18.324727102745435,6.590214073808286,24.86,27.16,28.6,30.33,35.69,39.11,0.0,0.0,0.0,268,37.49354438898603,13.776722153211512,268,39,838.0,880.0,990.0,1135.0,823.1428571428571,996.1428571428571
2024-09-25,2024,9,40,786.0,966.0,3.13,8.99,este,4.354396750625051,0.247423517716484,4.116218659091661,78.92945876830193,18.324727102745435,6.012190480270975,25.38,25.65,27.08,30.22,37.67,39.82,0.0,0.0,0.0,269,37.52437193559734,9.295901079498066,269,39,833.0,925.0,987.0,1146.0,816.4285714285714,993.1428571428571
2024-09-26,2024,9,40,809.0,965.0,3.07,8.72,este,4.354396750625051,0.247423517716484,4.116218659091661,78.92945876830193,18.324727102745435,6.014859221889804,24.34,25.16,26.76,29.43,38.23,40.73,0.0,0.0,0.0,270,37.553386864937465,11.09967838464459,270,39,813.0,884.0,946.0,1086.0,815.8571428571429,995.8571428571429
2024-09-27,2024,9,40,852.0,988.0,2.89,8.18,este,4.354396750625051,0.247423517716484,4.116218659091661,78.92945876830193,18.324727102745435,6.220726761566873,26.22,27.45,28.22,29.72,35.75,37.15,0.0,0.0,0.0,271,37.58058731188056,10.097925489097472,271,39,812.0,948.0,1003.0,1117.0,821.5714285714286,993.7142857142857
2024-09-28,2024,9,40,800.0,962.0,3.14,8.76,este,4.354396750625051,0.247423517716484,4.116218659091661,78.92945876830193,18.324727102745435,6.55541538234313,24.11,26.71,28.82,28.99,36.3,39.84,0.0,0.0,0.0,272,37.60597366004136,15.506753813202028,272,39,821.0,882.0,1013.0,1091.0,818.5714285714286,986.4285714285714
2024-09-29,2024,9,40,840.0,970.0,3.06,8.85,este,4.354396750625051,0.247423517716484,4.116218659091661,78.92945876830193,18.324727102745435,6.608873715371352,24.76,26.81,28.14,28.13,36.78,40.79,0.0,0.0,0.0,273,37.62954853500125,13.14440581739132,273,39,807.0,944.0,941.0,1075.0,823.2857142857143,990.5714285714286
2024-09-30,2024,9,41,1037.0,1280.0,2.95,8.22,este,4.354396750625051,0.247423517716484,4.116218659091661,78.92945876830193,18.324727102745435,6.127478326780723,24.02,25.55,28.86,29.23,35.61,37.53,0.0,0.0,0.0,274,37.6513167944056,15.738250420061544,274,40,846.0,797.0,1035.0,962.0,850.5714285714286,1025.5714285714287
2024-10-01,2024,10,41,1060.0,1312.0,2.97,8.97,este,4.354396750625051,0.247423517716484,4.116218659091661,78.92945876830193,18.324727102745435,6.475509588339871,24.62,26.08,28.05,28.26,35.38,39.91,0.0,0.0,0.0,275,37.67128551494343,13.255957454406463,275,40,830.0,838.0,1048.0,990.0,883.4285714285714,1063.2857142857142
2024-10-02,2024,10,41,1004.0,1280.0,2.93,8.46,este,4.354396750625051,0.247423517716484,4.116218659091661,78.92945876830193,18.324727102745435,6.140682562527091,24.34,27.39,27.41,29.25,36.53,40.49,0.0,0.0,0.0,276,37.689463976226754,12.547082384733695,276,40,786.0,833.0,966.0,987.0,914.5714285714286,1108.142857142857
2024-10-03,2024,10,41,1044.0,1328.0,2.91,8.49,este,4.354396750625051,0.247423517716484,4.116218659091661,78.92945876830193,18.324727102745435,6.4245501620987016,25.15,25.73,26.99,27.67,37.1,38.05,0.0,0.0,0.0,277,37.705863641592536,9.717877161608223,277,40,809.0,813.0,965.0,946.0,948.1428571428571,1160.0
2024-10-04,2024,10,41,1010.0,1231.0,3.07,8.81,este,4.354396750625051,0.247423517716484,4.116218659091661,78.92945876830193,18.324727102745435,6.165616600096188,25.95,25.53,27.33,28.6,38.09,40.14,0.0,0.0,0.0,278,37.720498135855664,8.41919490406085,278,40,852.0,812.0,988.0,1003.0,970.7142857142857,1194.7142857142858
2024-10-05,2024,10,41,1054.0,1319.0,2.97,8.35,este,4.354396750625051,0.247423517716484,4.116218659091661,78.92945876830193,18.324727102745435,6.3248819185127685,26.1,25.26,26.92,28.2,36.45,39.26,0.0,0.0,0.0,279,37.73338322004756,6.492116034826788,279,40,800.0,821.0,962.0,1013.0,1007.0,1245.7142857142858
2024-10-06,2024,10,41,968.0,1264.0,2.86,8.9,este,4.354396750625051,0.247423517716484,4.116218659091661,78.92945876830193,18.324727102745435,6.035573340060663,24.27,25.72,27.85,29.21,38.08,40.29,0.0,0.0,0.0,280,37.74453676317992,13.569042850122091,280,40,840.0,807.0,970.0,941.0,1025.2857142857142,1287.7142857142858
2024-10-07,2024,10,42,1222.0,1462.0,3.02,8.33,este,4.354396750625051,0.247423517716484,4.116218659091661,78.92945876830193,18.324727102745435,6.082706893623226,25.48,27.62,28.95,28.4,35.51,40.59,0.0,0.0,0.0,281,37.75397871107917,13.36229529164624,281,41,1037.0,846.0,1280.0,1035.0,1051.7142857142858,1313.7142857142858
2024-10-08,2024,10,42,1139.0,1382.0,2.98,8.75,este,4.354396750625051,0.247423517716484,4.116218659091661,78.92945876830193,18.324727102745435,6.59280160283254,26.17,25.9,28.71,28.34,37.61,37.96,0.0,0.0,0.0,282,37.76173105234202,11.434636258350004,282,41,1060.0,830.0,1312.0,1048.0,1063.0,1323.7142857142858
2024-10-09,2024,10,42,1167.0,1431.0,2.91,8.41,este,4.354396750625051,0.247423517716484,4.116218659091661,78.92945876830193,18.324727102745435,6.334719814707442,25.4,27.64,29.08,27.99,37.08,37.67,0.0,0.0,0.0,283,37.7678177814679,13.765734922315172,283,41,1004.0,786.0,1280.0,966.0,1086.2857142857142,1345.2857142857142
2024-10-10,2024,10,42,1144.0,1499.0,3.09,8.2,este,4.354396750625051,0.247423517716484,4.116218659091661,78.92945876830193,18.324727102745435,5.987073222054189,25.6,25.09,28.71,28.84,38.16,38.38,0.0,0.0,0.0,284,37.77226485922906,12.656301781828589,284,41,1044.0,809.0,1328.0,965.0,1100.5714285714287,1369.7142857142858
2024-10-11,2024,10,42,1144.0,1488.0,2.97,8.77,este,4.354396750625051,0.247423517716484,4.116218659091661,78.92945876830193,18.324727102745435,6.37476814544126,25.61,25.12,28.57,28.8,37.3,40.47,0.0,0.0,0.0,285,37.77510017034398,12.34824054909582,285,41,1010.0,852.0,1231.0,988.0,1119.7142857142858,1406.4285714285713
2024-10-12,2024,10,42,1113.0,1372.0,3.11,8.93,este,4.354396750625051,0.247423517716484,4.116218659091661,78.92945876830193,18.324727102745435,6.035778883532765,25.09,25.31,29.33,29.6,37.62,37.46,0.0,0.0,0.0,286,37.776353478524165,14.779391812622752,286,41,1054.0,800.0,1319.0,962.0,1128.142857142857,1414.0
2024-10-13,2024,10,42,1202.0,1404.0,2.87,8.7,este,4.354396750625051,0.247423517716484,4.116218659091661,78.92945876830193,18.324727102745435,6.512109264223533,24.22,26.98,27.77,28.91,37.92,39.88,0.0,0.0,0.0,287,37.77605637896929,13.52335333663712,287,41,968.0,840.0,1264.0,970.0,1161.5714285714287,1434.0
2024-10-14,2024,10,43,1022.0,1238.0,3.08,8.6,este,4.354396750625051,0.247423517716484,4.116218659091661,78.92945876830193,18.324727102745435,6.454526394167606,24.9,26.71,26.94,29.56,35.26,37.92,0.0,0.55,3.92,288,37.77424224838939,10.250957803453876,288,42,1222.0,1037.0,1462.0,1280.0,1133.0,1402.0
2024-10-15,2024,10,43,1017.0,1291.0,3.08,8.5,este,4.354396750625051,0.247423517716484,4.116218659091661,78.92945876830193,18.324727102745435,6.273640572543809,25.74,26.64,27.02,29.92,37.01,39.91,0.0,0.59,4.0,289,37.77094619263745,8.119260024132434,289,42,1139.0,1060.0,1382.0,1312.0,1115.5714285714287,1389.0
2024-10-16,2024,10,43,959.0,1198.0,3.0,9.02,este,4.354396750625051,0.247423517716484,4.116218659091661,78.92945876830193,18.324727102745435,6.598314093596968,24.08,25.8,28.32,29.06,36.5,40.55,0.0,0.57,3.83,290,37.76620499203883,14.775421380215692,290,42,1167.0,1004.0,1431.0,1280.0,1085.857142857143,1355.7142857142858
2024-10-17,2024,10,43,938.0,1188.0,3.12,8.37,este,4.354396750625051,0.247423517716484,4.116218659091661,78.92945876830193,18.324727102745435,6.488068059661853,24.88,27.46,28.45,29.62,37.19,39.46,0.0,0.58,3.91,291,37.7600570445083,13.555650114911444,291,42,1144.0,1044.0,1499.0,1328.0,1056.4285714285713,1311.2857142857142
2024-10-18,2024,10,43,955.0,1303.0,2.98,8.27,este,4.354396750625051,0.247423517716484,4.116218659091661,78.92945876830193,18.324727102745435,6.078600992234038,25.02,27.42,27.65,27.95,35.11,38.92,0.0,0.55,3.83,292,37.75254230654842,11.632623663819333,292,42,1144.0,1010.0,1488.0,1231.0,1029.4285714285713,1284.857142857143
2024-10-19,2024,10,43,968.0,1187.0,3.0,8.86,este,4.354396750625051,0.247423517716484,4.116218659091661,78.92945876830193,18.324727102745435,6.01913059974375,25.9,27.01,26.65,28.58,35.5,40.11,0.0,0.55,4.2,293,37.74370223222586,6.210530943536773,293,42,1113.0,1054.0,1372.0,1319.0,1008.7142857142857,1258.4285714285713
2024-10-20,2024,10,43,1011.0,1284.0,2.97,8.23,este,4.354396750625051,0.247423517716484,4.116218659091661,78.92945876830193,18.324727102745435,6.553183679082284,25.12,27.17,28.91,30.06,36.4,39.93,0.0,0.55,3.85,294,37.73357971022576,13.957293584418084,294,42,1202.0,968.0,1404.0,1264.0,981.4285714285714,1241.2857142857142
2024-10-21,2024,10,44,1086.0,1440.0,7.82,9.53,este,4.354396750625051,0.247423517716484,4.116218659091661,78.92945876830193,18.324727102745435,6.481876724586655,22.53,27.02,28.56,41.52,49.63,53.77,0.0,0.0,0.0,295,37.722218999086536,17.599871181185094,295,43,1022.0,1222.0,1238.0,1462.0,990.5714285714286,1270.142857142857
2024-10-22,2024,10,44,1159.0,1485.0,8.03,9.3,este,4.354396750625051,0.247423517716484,4.116218659091661,78.92945876830193,18.324727102745435,6.112521452489716,23.96,25.81,29.08,42.04,51.85,51.62,0.0,0.0,0.0,296,37.70966566071922,16.212174265423005,296,43,1017.0,1139.0,1291.0,1382.0,1010.8571428571429,1297.857142857143
2024-10-23,2024,10,44,1154.0,1497.0,7.92,9.25,este,4.354396750625051,0.247423517716484,4.116218659091661,78.92945876830193,18.324727102745435,6.109295462384731,24.14,25.81,27.76,40.21,48.77,50.96,0.0,0.0,0.0,297,37.69596649231899,13.62707885240052,297,43,959.0,1167.0,1198.0,1431.0,1038.7142857142858,1340.5714285714287
2024-10-24,2024,10,44,1104.0,1465.0,8.14,9.11,este,4.354396750625051,0.247423517716484,4.116218659091661,78.92945876830193,18.324727102745435,6.171586799990504,22.08,25.7,28.91,43.8,50.76,54.08,0.0,0.0,0.0,298,37.681169456776864,18.710626336132368,298,43,938.0,1144.0,1188.0,1499.0,1062.4285714285713,1380.142857142857
2024-10-25,2024,10,44,1097.0,1414.0,7.63,8.93,este,4.354396750625051,0.247423517716484,4.116218659091661,78.92945876830193,18.324727102745435,6.079228055227068,23.73,27.89,27.99,40.31,50.71,51.31,0.0,0.0,0.0,299,37.665323611702064,14.770666878453367,299,43,955.0,1144.0,1303.0,1488.0,1082.7142857142858,1396.0
2024-10-26,2024,10,44,1163.0,1501.0,8.39,8.7,este,4.354396750625051,0.247423517716484,4.116218659091661,78.92945876830193,18.324727102745435,6.297921027956776,23.86,25.9,28.13,39.98,48.5,54.42,0.0,0.0,0.0,300,37.648479037166446,14.781379737331438,300,43,968.0,1113.0,1187.0,1372.0,1110.5714285714287,1440.857142857143
2024-10-27,2024,10,44,1148.0,1410.0,8.18,9.05,este,4.354396750625051,0.247423517716484,4.116218659091661,78.92945876830193,18.324727102745435,6.378586257688385,22.54,28.11,28.41,40.66,51.53,51.0,0.0,0.0,0.0,301,37.63068676228361,17.32266855585819,301,43,1011.0,1202.0,1284.0,1404.0,1130.142857142857,1458.857142857143
2024-10-28,2024,10,45,1160.0,1447.0,7.99,9.39,oeste,4.354396750625051,0.247423517716484,4.116218659091661,78.92945876830193,18.324727102745435,6.22743063660814,23.26,26.43,27.96,40.4,51.8,53.67,0.0,0.0,0.0,302,37.611998690736144,15.492765315785636,302,44,1086.0,1022.0,1440.0,1238.0,1140.7142857142858,1459.857142857143
2024-10-29,2024,10,45,1189.0,1474.0,7.76,9.15,oeste,4.354396750625051,0.247423517716484,4.116218659091661,78.92945876830193,18.324727102745435,6.529935758386377,21.89,26.74,29.29,42.0,51.36,52.35,0.0,0.0,0.0,303,37.59246752536474,19.42988785908005,303,44,1159.0,1017.0,1485.0,1291.0,1145.0,1458.2857142857142
2024-10-30,2024,10,45,1125.0,1518.0,8.06,9.42,oeste,4.354396750625051,0.247423517716484,4.116218659091661,78.92945876830193,18.324727102745435,6.004548129529368,21.94,27.8,28.41,43.26,49.46,53.49,0.0,0.0,0.0,304,37.57214669193354,18.15815632105176,304,44,1154.0,959.0,1497.0,1198.0,1140.857142857143,1461.2857142857142
2024-10-31,2024,10,45,1193.0,1492.0,8.18,8.93,oeste,4.354396750625051,0.247423517716484,4.116218659091661,78.92945876830193,18.324727102745435,6.42709633924736,22.22,26.57,27.37,42.68,49.35,51.07,0.0,0.0,0.0,305,37.55109026218615,16.19122717662799,305,44,1104.0,938.0,1465.0,1188.0,1153.5714285714287,1465.142857142857
2024-11-01,2024,11,45,1216.0,1479.0,8.03,9.42,oeste,4.354396750625051,0.247423517716484,4.116218659091661,78.92945876830193,18.324727102745435,6.359124320461774,23.0,26.68,27.01,43.86,48.85,54.68,0.0,0.0,0.0,306,37.529352876306135,14.27896940799113,306,44,1097.0,955.0,1414.0,1303.0,1170.5714285714287,1474.4285714285713
2024-11-02,2024,11,45,1173.0,1523.0,7.77,9.39,oeste,4.354396750625051,0.247423517716484,4.116218659091661,78.92945876830193,18.324727102745435,6.267957001246359,23.92,28.13,27.34,40.56,50.91,55.62,0.0,0.0,0.0,307,37.506989664896246,13.178890901071446,307,44,1163.0,968.0,1501.0,1187.0,1172.0,1477.5714285714287
2024-11-03,2024,11,45,1215.0,1426.0,8.07,8.78,oeste,4.354396750625051,0.247423517716484,4.116218659091661,78.92945876830193,18.324727102745435,6.210890779477338,23.85,27.66,27.39,43.98,50.79,51.17,0.0,0.0,0.0,308,37.48405617058897,13.399907856242192,308,44,1148.0,1011.0,1410.0,1284.0,1181.5714285714287,1479.857142857143
2024-11-04,2024,11,46,954.0,1241.0,7.72,8.66,oeste,4.354396750625051,0.247423517716484,4.116218659091661,78.92945876830193,18.324727102745435,6.37091607729669,22.56,25.49,28.24,42.7,48.51,53.36,0.0,0.0,0.0,309,37.46060826940131,16.962997332621587,309,45,1160.0,1086.0,1447.0,1440.0,1152.142857142857,1450.4285714285713
2024-11-05,2024,11,46,1007.0,1246.0,8.24,8.89,oeste,4.354396750625051,0.247423517716484,4.116218659091661,78.92945876830193,18.324727102745435,6.544797676547832,23.63,26.67,29.26,40.5,47.23,53.55,0.0,0.0,0.0,310,37.43670209194459,16.877393721010375,310,45,1189.0,1159.0,1474.0,1485.0,1126.142857142857,1417.857142857143
2024-11-06,2024,11,46,1002.0,1210.0,8.27,8.89,oeste,4.354396750625051,0.247423517716484,4.116218659091661,78.92945876830193,18.324727102745435,6.588525063375854,22.33,27.77,28.11,41.79,50.27,55.52,0.0,0.0,0.0,311,37.41239394460002,17.089644118287385,311,45,1125.0,1154.0,1518.0,1497.0,1108.5714285714287,1373.857142857143
2024-11-07,2024,11,46,984.0,1237.0,7.85,9.54,oeste,4.354396750625051,0.247423517716484,4.116218659091661,78.92945876830193,18.324727102745435,6.229517318808826,23.82,27.13,28.47,41.96,48.59,52.69,0.0,0.0,0.0,312,37.38774023076799,15.318254968027786,312,45,1193.0,1104.0,1492.0,1465.0,1078.7142857142858,1337.4285714285713
2024-11-08,2024,11,46,925.0,1281.0,8.12,9.12,oeste,4.354396750625051,0.247423517716484,4.116218659091661,78.92945876830193,18.324727102745435,6.553951010607752,23.87,27.76,27.58,40.04,51.19,52.09,0.0,0.0,0.0,313,37.36279737229912,13.6735077268962,313,45,1216.0,1097.0,1479.0,1414.0,1037.142857142857,1309.142857142857
2024-11-09,2024,11,46,935.0,1214.0,7.68,8.65,oeste,4.354396750625051,0.247423517716484,4.116218659091661,78.92945876830193,18.324727102745435,6.589097768533097,23.94,25.74,27.95,41.08,50.17,54.92,0.0,0.0,0.0,314,37.337621731211776,14.206020557410492,314,45,1173.0,1163.0,1523.0,1501.0,1003.1428571428571,1265.0
2024-11-10,2024,11,46,929.0,1278.0,8.37,8.81,oeste,4.354396750625051,0.247423517716484,4.116218659091661,78.92945876830193,18.324727102745435,6.069549249747699,23.02,25.73,27.73,41.36,50.26,52.0,0.0,0.0,0.0,315,37.31226953180009,15.385645458137745,315,45,1215.0,1148.0,1426.0,1410.0,962.2857142857143,1243.857142857143
2024-11-11,2024,11,47,1123.0,1510.0,7.98,9.42,oeste,4.354396750625051,0.247423517716484,4.116218659091661,78.92945876830193,18.324727102745435,6.432897093010722,22.13,26.76,26.84,41.48,51.87,54.54,0.0,0.27,2.02,316,37.28679678323379,15.375141817292434,316,46,954.0,1160.0,1241.0,1447.0,986.4285714285714,1282.2857142857142
2024-11-12,2024,11,47,1109.0,1442.0,8.39,9.3,oeste,4.354396750625051,0.247423517716484,4.116218659091661,78.92945876830193,18.324727102745435,6.458887266292336,23.13,26.23,28.64,42.57,47.36,55.06,0.0,0.27,2.08,317,37.26125920274963,16.618312739553254,317,46,1007.0,1189.0,1246.0,1474.0,1001.0,1310.2857142857142
2024-11-13,2024,11,47,1044.0,1439.0,7.73,9.37,oeste,4.354396750625051,0.247423517716484,4.116218659091661,78.92945876830193,18.324727102745435,6.248361188565469,22.32,27.72,28.39,43.35,49.48,53.63,0.0,0.27,1.99,318,37.23571213953113,17.43041031928572,318,46,1002.0,1125.0,1210.0,1518.0,1007.0,1343.0
2024-11-14,2024,11,47,1090.0,1423.0,7.73,9.16,oeste,4.354396750625051,0.247423517716484,4.116218659091661,78.92945876830193,18.324727102745435,6.078388088296158,24.06,26.08,27.92,41.87,49.92,52.76,0.0,0.27,1.92,319,37.21021049937182,13.890228180648514,319,46,984.0,1193.0,1237.0,1492.0,1022.1428571428571,1369.5714285714287
2024-11-15,2024,11,47,1085.0,1487.0,7.81,8.92,oeste,4.354396750625051,0.247423517716484,4.116218659091661,78.92945876830193,18.324727102745435,6.560379523566254,22.65,26.3,29.32,41.61,52.16,51.8,0.0,0.28,2.06,320,37.184808670214245,18.246604938136635,320,46,925.0,1216.0,1281.0,1479.0,1045.0,1399.0
2024-11-16,2024,11,47,1123.0,1429.0,8.24,9.17,oeste,4.354396750625051,0.247423517716484,4.116218659091661,78.92945876830193,18.324727102745435,6.028243503069839,23.01,26.28,27.38,41.06,49.84,53.99,0.0,0.28,2.02,321,37.15956044865456,14.759270340021022,321,46,935.0,1173.0,1214.0,1523.0,1071.857142857143,1429.7142857142858
2024-11-17,2024,11,47,1107.0,1486.0,8.15,8.68,oeste,4.354396750625051,0.247423517716484,4.116218659091661,78.92945876830193,18.324727102745435,6.607701266876946,22.44,26.72,26.71,40.37,50.83,54.1,0.0,0.28,2.01,322,37.1345189675,14.579591002331936,322,46,929.0,1215.0,1278.0,1426.0,1097.2857142857142,1459.4285714285713
2024-11-18,2024,11,48,1091.0,1440.0,8.02,9.15,oeste,4.354396750625051,0.247423517716484,4.116218659091661,78.92945876830193,18.324727102745435,6.444195563580525,24.0,27.72,28.06,44.01,50.52,57.11,0.0,0.0,0.0,323,37.10973662446371,14.207069003345971,323,47,1123.0,954.0,1510.0,1241.0,1092.7142857142858,1449.4285714285713
2024-11-19,2024,11,48,1161.0,1552.0,8.16,9.17,oeste,4.354396750625051,0.247423517716484,4.116218659091661,78.92945876830193,18.324727102745435,6.301500378066679,22.76,25.58,28.0,40.24,53.21,56.57,0.0,0.0,0.0,324,37.08526501207903,16.12948983943806,324,47,1109.0,1007.0,1442.0,1246.0,1100.142857142857,1465.142857142857
2024-11-20,2024,11,48,1135.0,1466.0,7.88,8.83,oeste,4.354396750625051,0.247423517716484,4.116218659091661,78.92945876830193,18.324727102745435,6.318785765019456,23.94,27.42,28.75,43.97,51.48,56.51,0.0,0.0,0.0,325,37.06115484891205,15.443477056594167,325,47,1044.0,1002.0,1439.0,1210.0,1113.142857142857,1469.0
2024-11-21,2024,11,48,1140.0,1435.0,8.03,9.06,oeste,4.354396750625051,0.247423517716484,4.116218659091661,78.92945876830193,18.324727102745435,6.457096358471881,22.55,27.5,28.02,43.14,53.4,55.83,0.0,0.0,0.0,326,37.037455912149134,16.458430263063743,326,47,1090.0,984.0,1423.0,1237.0,1120.2857142857142,1470.7142857142858
2024-11-22,2024,11,48,1125.0,1453.0,7.62,9.0,oeste,4.354396750625051,0.247423517716484,4.116218659091661,78.92945876830193,18.324727102745435,6.013758545516877,23.22,27.33,28.13,44.05,50.51,55.35,0.0,0.0,0.0,327,37.0142169716326,15.583424937633303,327,47,1085.0,925.0,1487.0,1281.0,1126.0,1465.857142857143
2024-11-23,2024,11,48,1102.0,1421.0,8.36,9.3,oeste,4.354396750625051,0.247423517716484,4.116218659091661,78.92945876830193,18.324727102745435,6.367137430843204,21.86,26.81,28.36,40.38,51.94,59.13,0.0,0.0,0.0,328,36.99148572541555,17.91892921731487,328,47,1123.0,935.0,1429.0,1214.0,1123.0,1464.7142857142858
2024-11-24,2024,11,48,1162.0,1505.0,7.94,9.38,oeste,4.354396750625051,0.247423517716484,4.116218659091661,78.92945876830193,18.324727102745435,6.0412536930218526,22.29,28.0,28.54,42.71,51.1,57.01,0.0,0.0,0.0,329,36.96930873690382,17.560421650029312,329,47,1107.0,929.0,1486.0,1278.0,1130.857142857143,1467.4285714285713
2024-11-25,2024,11,49,982.0,1336.0,7.0,8.94,oeste,4.354396750625051,0.247423517716484,4.116218659091661,78.92945876830193,18.324727102745435,6.547839749174306,27.75,28.58,29.78,47.11,57.88,63.47,0.0,4.98,33.77,330,36.94773137364985,10.002058662131564,330,48,1091.0,1123.0,1440.0,1510.0,1115.2857142857142,1452.5714285714287
2024-11-26,2024,11,49,1035.0,1348.0,7.13,8.9,oeste,4.354396750625051,0.247423517716484,4.116218659091661,78.92945876830193,18.324727102745435,6.192211410115945,27.09,29.62,28.14,47.03,56.05,62.45,0.0,5.05,35.68,331,36.926797747861336,7.189354490870777,331,48,1161.0,1109.0,1552.0,1442.0,1097.2857142857142,1423.4285714285713
2024-11-27,2024,11,49,1013.0,1382.0,7.27,9.27,oeste,4.354396750625051,0.247423517716484,4.116218659091661,78.92945876830193,18.324727102745435,6.502006420737176,26.7,27.35,28.96,47.76,57.8,64.77,0.0,4.75,34.94,332,36.90655065868384,10.541715172753138,332,48,1135.0,1044.0,1466.0,1439.0,1079.857142857143,1411.4285714285713
2024-11-28,2024,11,49,1036.0,1380.0,6.84,9.23,oeste,4.354396750625051,0.247423517716484,4.116218659091661,78.92945876830193,18.324727102745435,6.012533396922128,27.3,27.57,29.25,44.43,56.29,59.3,0.0,4.92,34.75,333,36.88703153631436,9.786887894628205,333,48,1140.0,1090.0,1435.0,1423.0,1065.0,1403.5714285714287
2024-11-29,2024,11,49,1047.0,1335.0,6.69,9.32,oeste,4.354396750625051,0.247423517716484,4.116218659091661,78.92945876830193,18.324727102745435,6.352708151882191,26.15,28.38,30.43,44.44,55.26,62.69,0.0,4.92,33.43,334,36.86828038800015,14.492001394578894,334,48,1125.0,1085.0,1453.0,1487.0,1053.857142857143,1386.7142857142858
2024-11-30,2024,11,49,1031.0,1331.0,7.13,9.29,oeste,4.354396750625051,0.247423517716484,4.116218659091661,78.92945876830193,18.324727102745435,6.04965056797827,26.85,27.56,29.85,46.96,56.54,62.56,0.0,4.67,34.77,335,36.85033574597404,12.127064219719731,335,48,1102.0,1123.0,1421.0,1429.0,1043.7142857142858,1373.857142857143
2024-12-01,2024,12,49,979.0,1308.0,7.3,9.37,oeste,4.354396750625051,0.247423517716484,4.116218659091661,78.92945876830193,18.324727102745435,6.514504381928752,28.06,28.19,29.97,44.51,58.93,64.48,0.0,4.81,34.4,336,36.833234617375474,9.671863172247566,336,48,1162.0,1107.0,1505.0,1486.0,1017.5714285714286,1345.7142857142858
2024-12-02,2024,12,50,1193.0,1513.0,7.2,9.3,oeste,4.354396750625051,0.247423517716484,4.116218659091661,78.92945876830193,18.324727102745435,6.196083740060569,26.42,27.83,28.64,46.11,60.02,63.07,0.0,2.3,16.15,337,36.817012436203264,10.422661478704702,337,49,982.0,1091.0,1336.0,1440.0,1047.7142857142858,1371.0
2024-12-03,2024,12,50,1161.0,1514.0,6.99,9.35,oeste,4.354396750625051,0.247423517716484,4.116218659091661,78.92945876830193,18.324727102745435,6.075419611765498,27.72,27.47,28.14,47.99,60.3,59.32,0.0,2.29,15.34,338,36.8017030173441,4.531543595789214,338,49,1035.0,1161.0,1348.0,1552.0,1065.7142857142858,1394.7142857142858
2024-12-04,2024,12,50,1117.0,1443.0,7.03,8.96,oeste,4.354396750625051,0.247423517716484,4.116218659091661,78.92945876830193,18.324727102745435,6.304453811167095,27.47,27.85,29.04,46.8,56.89,64.46,0.0,2.36,16.51,339,36.78733851271808,8.757936577392783,339,49,1013.0,1135.0,1382.0,1466.0,1080.5714285714287,1403.4285714285713
2024-12-05,2024,12,50,1129.0,1468.0,7.23,9.37,oeste,4.354396750625051,0.247423517716484,4.116218659091661,78.92945876830193,18.324727102745435,6.453222525517937,27.93,28.37,28.23,48.29,55.92,62.21,0.0,2.31,15.39,340,36.77394936958032,3.826965103671689,340,49,1036.0,1140.0,1380.0,1435.0,1093.857142857143,1416.0
2024-12-06,2024,12,50,1179.0,1547.0,7.04,9.02,oeste,4.354396750625051,0.247423517716484,4.116218659091661,78.92945876830193,18.324727102745435,6.567524530426599,25.89,28.31,29.07,47.97,58.13,63.76,0.0,2.27,15.71,341,36.761564291015,12.455499375859509,341,49,1047.0,1125.0,1335.0,1453.0,1112.7142857142858,1446.2857142857142
2024-12-07,2024,12,50,1131.0,1471.0,6.91,8.93,oeste,4.354396750625051,0.247423517716484,4.116218659091661,78.92945876830193,18.324727102745435,6.013177247415388,25.76,28.66,28.14,46.67,55.44,58.96,0.0,2.19,16.64,342,36.7502101986565,10.772137962244846,342,49,1031.0,1102.0,1331.0,1421.0,1127.0,1466.2857142857142
2024-12-08,2024,12,50,1160.0,1455.0,6.83,9.14,oeste,4.354396750625051,0.247423517716484,4.116218659091661,78.92945876830193,18.324727102745435,6.544181963703934,27.26,29.52,27.59,45.55,56.86,61.29,0.0,2.25,16.0,343,36.73991219766951,4.010039817708554,343,49,979.0,1162.0,1308.0,1505.0,1152.857142857143,1487.2857142857142
2024-12-09,2024,12,51,997.0,1410.0,7.22,9.5,oeste,4.354396750625051,0.247423517716484,4.116218659091661,78.92945876830193,18.324727102745435,6.112179337773226,28.13,29.59,28.68,46.05,56.18,61.3,0.0,0.0,0.0,344,36.730693544018,5.1756401639312966,344,50,1193.0,982.0,1513.0,1336.0,1124.857142857143,1472.5714285714287
2024-12-10,2024,12,51,985.0,1336.0,6.89,9.18,oeste,4.354396750625051,0.247423517716484,4.116218659091661,78.92945876830193,18.324727102745435,5.993328009676051,27.87,28.62,29.9,47.59,54.87,63.77,0.0,0.0,0.0,345,36.722575614051024,9.941107122432143,345,50,1161.0,1035.0,1514.0,1348.0,1099.7142857142858,1447.142857142857
2024-12-11,2024,12,51,964.0,1299.0,6.65,9.11,oeste,4.354396750625051,0.247423517716484,4.116218659091661,78.92945876830193,18.324727102745435,6.213152995990433,28.34,27.43,29.9,45.53,54.89,62.11,0.0,0.0,0.0,346,36.71557787643095,8.712970993237365,346,50,1117.0,1013.0,1443.0,1382.0,1077.857142857143,1426.5714285714287
2024-12-12,2024,12,51,1017.0,1301.0,7.25,9.16,oeste,4.354396750625051,0.247423517716484,4.116218659091661,78.92945876830193,18.324727102745435,6.100166241367025,25.79,28.5,27.94,48.05,55.75,62.19,0.0,0.0,0.0,347,36.70971786642788,10.2271323835867,347,50,1129.0,1036.0,1468.0,1380.0,1061.857142857143,1402.7142857142858
2024-12-13,2024,12,51,985.0,1358.0,6.82,9.2,oeste,4.354396750625051,0.247423517716484,4.116218659091661,78.92945876830193,18.324727102745435,6.359812115091292,28.29,29.18,29.65,44.22,55.69,59.55,0.0,0.0,0.0,348,36.70501116260207,8.13295586677791,348,50,1179.0,1047.0,1547.0,1335.0,1034.142857142857,1375.7142857142858
2024-12-14,2024,12,51,986.0,1383.0,6.96,9.09,oeste,4.354396750625051,0.247423517716484,4.116218659091661,78.92945876830193,18.324727102745435,6.43036066117644,26.08,29.66,29.93,44.62,57.28,59.07,0.0,0.0,0.0,349,36.70147136589411,13.682562519082037,349,50,1131.0,1031.0,1471.0,1331.0,1013.4285714285714,1363.142857142857
2024-12-15,2024,12,51,978.0,1296.0,6.96,9.35,oeste,4.354396750625051,0.247423517716484,4.116218659091661,78.92945876830193,18.324727102745435,6.386982828168197,27.2,27.91,29.32,45.54,57.6,58.96,0.0,0.0,0.0,350,36.699110081140894,10.152595060721314,350,50,1160.0,979.0,1455.0,1308.0,987.4285714285714,1340.4285714285713
2024-12-16,2024,12,52,1038.0,1365.0,7.02,9.67,oeste,4.354396750625051,0.247423517716484,4.116218659091661,78.92945876830193,18.324727102745435,6.391604655332665,26.72,27.99,30.31,44.03,60.01,59.19,0.0,12.22,87.46,351,36.697936901033465,13.211206314916918,351,51,997.0,1193.0,1410.0,1513.0,993.2857142857143,1334.0
2024-12-17,2024,12,52,978.0,1391.0,6.86,9.31,oeste,4.354396750625051,0.247423517716484,4.116218659091661,78.92945876830193,18.324727102745435,6.108151699900237,28.0,29.25,29.09,47.99,56.89,59.55,0.0,12.85,91.29,352,36.69795939253109,7.279620941881969,352,51,985.0,1161.0,1336.0,1514.0,992.2857142857143,1341.857142857143
2024-12-18,2024,12,52,1040.0,1415.0,6.79,9.05,oeste,4.354396750625051,0.247423517716484,4.116218659091661,78.92945876830193,18.324727102745435,6.164411996434306,26.3,27.98,29.87,45.72,55.64,61.64,0.0,11.87,89.74,353,36.699183085744046,13.174802273922264,353,51,964.0,1117.0,1299.0,1443.0,1003.1428571428571,1358.4285714285713
2024-12-19,2024,12,52,1010.0,1324.0,6.99,8.98,oeste,4.354396750625051,0.247423517716484,4.116218659091661,78.92945876830193,18.324727102745435,6.150241172372168,25.89,27.99,29.96,46.2,56.25,62.29,0.0,12.78,89.65,354,36.70161146529589,14.068115942273126,354,51,1017.0,1129.0,1301.0,1468.0,1002.1428571428571,1361.7142857142858
2024-12-20,2024,12,52,1044.0,1389.0,7.2,9.29,oeste,4.354396750625051,0.247423517716484,4.116218659091661,78.92945876830193,18.324727102745435,6.182866298794288,26.54,27.49,28.2,44.75,60.42,60.67,0.0,12.95,83.92,355,36.70524596417429,8.98536624303186,355,51,985.0,1179.0,1358.0,1547.0,1010.5714285714286,1366.142857142857
2024-12-21,2024,12,52,1045.0,1423.0,7.33,9.38,oeste,4.354396750625051,0.247423517716484,4.116218659091661,78.92945876830193,18.324727102745435,6.194179131900964,26.33,28.67,29.37,47.41,57.94,63.14,0.0,12.09,90.84,356,36.71008596007762,12.1611821730589,356,51,986.0,1131.0,1383.0,1471.0,1019.0,1371.857142857143
2024-12-22,2024,12,52,1011.0,1431.0,7.25,9.62,oeste,4.354396750625051,0.247423517716484,4.116218659091661,78.92945876830193,18.324727102745435,6.095267169228934,27.86,29.22,29.26,48.13,56.02,61.23,0.0,12.14,88.86,357,36.71612877426296,8.254190791893775,357,51,978.0,1160.0,1296.0,1455.0,1023.7142857142857,1391.142857142857
